tipo,indice,vertices,arcos_internos,menor_id
WCC,1,7066,103663,3
WCC,2,3,2,7031
WCC,3,3,2,7465
WCC,4,3,2,8074
WCC,5,2,1,2304
WCC,6,2,1,3194
WCC,7,2,1,3244
WCC,8,2,1,4167
WCC,9,2,1,4540
WCC,10,2,1,5413
WCC,11,2,1,5678
WCC,12,2,1,5766
WCC,13,2,1,5970
WCC,14,2,1,6002
WCC,15,2,1,6089
WCC,16,2,1,6100
WCC,17,2,1,6258
WCC,18,2,1,6266
WCC,19,2,1,7190
WCC,20,2,1,7194
WCC,21,2,1,7494
WCC,22,2,1,7972
WCC,23,2,1,7981
WCC,24,2,1,8014
SCC,1,1300,39456,3
SCC,2,1,0,4
SCC,3,1,0,5
SCC,4,1,0,7
SCC,5,1,0,9
SCC,6,1,0,11
SCC,7,1,0,12
SCC,8,1,0,13
SCC,9,1,0,14
SCC,10,1,0,16
SCC,11,1,0,17
SCC,12,1,0,18
SCC,13,1,0,20
SCC,14,1,0,21
SCC,15,1,0,22
SCC,16,1,0,24
SCC,17,1,0,25
SCC,18,1,0,26
SCC,19,1,0,27
SCC,20,1,0,31
SCC,21,1,0,37
SCC,22,1,0,40
SCC,23,1,0,41
SCC,24,1,0,42
SCC,25,1,0,43
SCC,26,1,0,44
SCC,27,1,0,45
SCC,28,1,0,46
SCC,29,1,0,47
SCC,30,1,0,48
SCC,31,1,0,51
SCC,32,1,0,52
SCC,33,1,0,53
SCC,34,1,0,57
SCC,35,1,0,58
SCC,36,1,0,59
SCC,37,1,0,60
SCC,38,1,0,61
SCC,39,1,0,62
SCC,40,1,0,63
SCC,41,1,0,65
SCC,42,1,0,66
SCC,43,1,0,67
SCC,44,1,0,68
SCC,45,1,0,71
SCC,46,1,0,73
SCC,47,1,0,74
SCC,48,1,0,76
SCC,49,1,0,77
SCC,50,1,0,78
SCC,51,1,0,79
SCC,52,1,0,81
SCC,53,1,0,82
SCC,54,1,0,83
SCC,55,1,0,84
SCC,56,1,0,85
SCC,57,1,0,87
SCC,58,1,0,88
SCC,59,1,0,90
SCC,60,1,0,91
SCC,61,1,0,92
SCC,62,1,0,96
SCC,63,1,0,98
SCC,64,1,0,99
SCC,65,1,0,100
SCC,66,1,0,101
SCC,67,1,0,102
SCC,68,1,0,103
SCC,69,1,0,104
SCC,70,1,0,106
SCC,71,1,0,107
SCC,72,1,0,109
SCC,73,1,0,110
SCC,74,1,0,111
SCC,75,1,0,112
SCC,76,1,0,113
SCC,77,1,0,114
SCC,78,1,0,115
SCC,79,1,0,116
SCC,80,1,0,117
SCC,81,1,0,118
SCC,82,1,0,119
SCC,83,1,0,120
SCC,84,1,0,121
SCC,85,1,0,122
SCC,86,1,0,123
SCC,87,1,0,124
SCC,88,1,0,125
SCC,89,1,0,126
SCC,90,1,0,128
SCC,91,1,0,129
SCC,92,1,0,133
SCC,93,1,0,134
SCC,94,1,0,136
SCC,95,1,0,137
SCC,96,1,0,138
SCC,97,1,0,139
SCC,98,1,0,141
SCC,99,1,0,142
SCC,100,1,0,143
SCC,101,1,0,144
SCC,102,1,0,145
SCC,103,1,0,146
SCC,104,1,0,149
SCC,105,1,0,156
SCC,106,1,0,157
SCC,107,1,0,158
SCC,108,1,0,159
SCC,109,1,0,160
SCC,110,1,0,161
SCC,111,1,0,162
SCC,112,1,0,164
SCC,113,1,0,165
SCC,114,1,0,166
SCC,115,1,0,167
SCC,116,1,0,169
SCC,117,1,0,172
SCC,118,1,0,173
SCC,119,1,0,174
SCC,120,1,0,176
SCC,121,1,0,177
SCC,122,1,0,179
SCC,123,1,0,180
SCC,124,1,0,181
SCC,125,1,0,183
SCC,126,1,0,185
SCC,127,1,0,187
SCC,128,1,0,188
SCC,129,1,0,189
SCC,130,1,0,190
SCC,131,1,0,191
SCC,132,1,0,193
SCC,133,1,0,194
SCC,134,1,0,195
SCC,135,1,0,196
SCC,136,1,0,197
SCC,137,1,0,198
SCC,138,1,0,199
SCC,139,1,0,200
SCC,140,1,0,201
SCC,141,1,0,202
SCC,142,1,0,203
SCC,143,1,0,205
SCC,144,1,0,206
SCC,145,1,0,207
SCC,146,1,0,208
SCC,147,1,0,209
SCC,148,1,0,210
SCC,149,1,0,211
SCC,150,1,0,212
SCC,151,1,0,213
SCC,152,1,0,214
SCC,153,1,0,215
SCC,154,1,0,217
SCC,155,1,0,218
SCC,156,1,0,219
SCC,157,1,0,221
SCC,158,1,0,223
SCC,159,1,0,225
SCC,160,1,0,231
SCC,161,1,0,233
SCC,162,1,0,234
SCC,163,1,0,235
SCC,164,1,0,237
SCC,165,1,0,238
SCC,166,1,0,239
SCC,167,1,0,240
SCC,168,1,0,241
SCC,169,1,0,242
SCC,170,1,0,244
SCC,171,1,0,245
SCC,172,1,0,247
SCC,173,1,0,248
SCC,174,1,0,249
SCC,175,1,0,250
SCC,176,1,0,251
SCC,177,1,0,252
SCC,178,1,0,253
SCC,179,1,0,254
SCC,180,1,0,256
SCC,181,1,0,260
SCC,182,1,0,263
SCC,183,1,0,264
SCC,184,1,0,265
SCC,185,1,0,266
SCC,186,1,0,267
SCC,187,1,0,268
SCC,188,1,0,269
SCC,189,1,0,270
SCC,190,1,0,271
SCC,191,1,0,274
SCC,192,1,0,275
SCC,193,1,0,276
SCC,194,1,0,277
SCC,195,1,0,283
SCC,196,1,0,284
SCC,197,1,0,286
SCC,198,1,0,287
SCC,199,1,0,288
SCC,200,1,0,289
SCC,201,1,0,291
SCC,202,1,0,292
SCC,203,1,0,293
SCC,204,1,0,294
SCC,205,1,0,295
SCC,206,1,0,296
SCC,207,1,0,297
SCC,208,1,0,298
SCC,209,1,0,299
SCC,210,1,0,300
SCC,211,1,0,303
SCC,212,1,0,305
SCC,213,1,0,307
SCC,214,1,0,309
SCC,215,1,0,312
SCC,216,1,0,314
SCC,217,1,0,315
SCC,218,1,0,316
SCC,219,1,0,318
SCC,220,1,0,320
SCC,221,1,0,322
SCC,222,1,0,323
SCC,223,1,0,326
SCC,224,1,0,327
SCC,225,1,0,328
SCC,226,1,0,329
SCC,227,1,0,330
SCC,228,1,0,331
SCC,229,1,0,332
SCC,230,1,0,333
SCC,231,1,0,335
SCC,232,1,0,336
SCC,233,1,0,337
SCC,234,1,0,340
SCC,235,1,0,342
SCC,236,1,0,343
SCC,237,1,0,344
SCC,238,1,0,345
SCC,239,1,0,347
SCC,240,1,0,351
SCC,241,1,0,352
SCC,242,1,0,353
SCC,243,1,0,355
SCC,244,1,0,357
SCC,245,1,0,358
SCC,246,1,0,359
SCC,247,1,0,364
SCC,248,1,0,365
SCC,249,1,0,366
SCC,250,1,0,367
SCC,251,1,0,368
SCC,252,1,0,369
SCC,253,1,0,370
SCC,254,1,0,372
SCC,255,1,0,373
SCC,256,1,0,374
SCC,257,1,0,375
SCC,258,1,0,376
SCC,259,1,0,377
SCC,260,1,0,378
SCC,261,1,0,379
SCC,262,1,0,381
SCC,263,1,0,382
SCC,264,1,0,383
SCC,265,1,0,384
SCC,266,1,0,386
SCC,267,1,0,387
SCC,268,1,0,388
SCC,269,1,0,389
SCC,270,1,0,390
SCC,271,1,0,391
SCC,272,1,0,392
SCC,273,1,0,393
SCC,274,1,0,394
SCC,275,1,0,395
SCC,276,1,0,396
SCC,277,1,0,397
SCC,278,1,0,398
SCC,279,1,0,399
SCC,280,1,0,400
SCC,281,1,0,401
SCC,282,1,0,402
SCC,283,1,0,404
SCC,284,1,0,408
SCC,285,1,0,409
SCC,286,1,0,410
SCC,287,1,0,411
SCC,288,1,0,412
SCC,289,1,0,413
SCC,290,1,0,414
SCC,291,1,0,416
SCC,292,1,0,418
SCC,293,1,0,419
SCC,294,1,0,421
SCC,295,1,0,422
SCC,296,1,0,423
SCC,297,1,0,424
SCC,298,1,0,426
SCC,299,1,0,428
SCC,300,1,0,430
SCC,301,1,0,431
SCC,302,1,0,433
SCC,303,1,0,434
SCC,304,1,0,435
SCC,305,1,0,436
SCC,306,1,0,437
SCC,307,1,0,438
SCC,308,1,0,441
SCC,309,1,0,443
SCC,310,1,0,444
SCC,311,1,0,445
SCC,312,1,0,446
SCC,313,1,0,448
SCC,314,1,0,449
SCC,315,1,0,450
SCC,316,1,0,451
SCC,317,1,0,453
SCC,318,1,0,454
SCC,319,1,0,455
SCC,320,1,0,456
SCC,321,1,0,457
SCC,322,1,0,458
SCC,323,1,0,460
SCC,324,1,0,461
SCC,325,1,0,462
SCC,326,1,0,463
SCC,327,1,0,467
SCC,328,1,0,468
SCC,329,1,0,469
SCC,330,1,0,472
SCC,331,1,0,473
SCC,332,1,0,476
SCC,333,1,0,477
SCC,334,1,0,479
SCC,335,1,0,480
SCC,336,1,0,481
SCC,337,1,0,486
SCC,338,1,0,489
SCC,339,1,0,490
SCC,340,1,0,492
SCC,341,1,0,493
SCC,342,1,0,494
SCC,343,1,0,495
SCC,344,1,0,497
SCC,345,1,0,498
SCC,346,1,0,499
SCC,347,1,0,501
SCC,348,1,0,502
SCC,349,1,0,504
SCC,350,1,0,506
SCC,351,1,0,507
SCC,352,1,0,509
SCC,353,1,0,511
SCC,354,1,0,513
SCC,355,1,0,514
SCC,356,1,0,515
SCC,357,1,0,516
SCC,358,1,0,517
SCC,359,1,0,519
SCC,360,1,0,520
SCC,361,1,0,521
SCC,362,1,0,522
SCC,363,1,0,523
SCC,364,1,0,524
SCC,365,1,0,525
SCC,366,1,0,527
SCC,367,1,0,528
SCC,368,1,0,529
SCC,369,1,0,530
SCC,370,1,0,531
SCC,371,1,0,532
SCC,372,1,0,534
SCC,373,1,0,536
SCC,374,1,0,538
SCC,375,1,0,539
SCC,376,1,0,540
SCC,377,1,0,541
SCC,378,1,0,542
SCC,379,1,0,543
SCC,380,1,0,544
SCC,381,1,0,546
SCC,382,1,0,547
SCC,383,1,0,548
SCC,384,1,0,550
SCC,385,1,0,551
SCC,386,1,0,552
SCC,387,1,0,553
SCC,388,1,0,554
SCC,389,1,0,555
SCC,390,1,0,556
SCC,391,1,0,557
SCC,392,1,0,558
SCC,393,1,0,561
SCC,394,1,0,562
SCC,395,1,0,563
SCC,396,1,0,566
SCC,397,1,0,568
SCC,398,1,0,569
SCC,399,1,0,570
SCC,400,1,0,571
SCC,401,1,0,572
SCC,402,1,0,573
SCC,403,1,0,574
SCC,404,1,0,576
SCC,405,1,0,577
SCC,406,1,0,578
SCC,407,1,0,580
SCC,408,1,0,581
SCC,409,1,0,582
SCC,410,1,0,583
SCC,411,1,0,585
SCC,412,1,0,588
SCC,413,1,0,589
SCC,414,1,0,591
SCC,415,1,0,593
SCC,416,1,0,594
SCC,417,1,0,595
SCC,418,1,0,596
SCC,419,1,0,597
SCC,420,1,0,598
SCC,421,1,0,599
SCC,422,1,0,602
SCC,423,1,0,605
SCC,424,1,0,607
SCC,425,1,0,609
SCC,426,1,0,610
SCC,427,1,0,611
SCC,428,1,0,612
SCC,429,1,0,614
SCC,430,1,0,615
SCC,431,1,0,617
SCC,432,1,0,619
SCC,433,1,0,620
SCC,434,1,0,621
SCC,435,1,0,622
SCC,436,1,0,625
SCC,437,1,0,627
SCC,438,1,0,631
SCC,439,1,0,632
SCC,440,1,0,634
SCC,441,1,0,635
SCC,442,1,0,638
SCC,443,1,0,639
SCC,444,1,0,640
SCC,445,1,0,641
SCC,446,1,0,642
SCC,447,1,0,646
SCC,448,1,0,648
SCC,449,1,0,649
SCC,450,1,0,651
SCC,451,1,0,652
SCC,452,1,0,653
SCC,453,1,0,654
SCC,454,1,0,655
SCC,455,1,0,656
SCC,456,1,0,661
SCC,457,1,0,662
SCC,458,1,0,666
SCC,459,1,0,669
SCC,460,1,0,670
SCC,461,1,0,672
SCC,462,1,0,675
SCC,463,1,0,676
SCC,464,1,0,678
SCC,465,1,0,679
SCC,466,1,0,681
SCC,467,1,0,683
SCC,468,1,0,687
SCC,469,1,0,688
SCC,470,1,0,689
SCC,471,1,0,690
SCC,472,1,0,692
SCC,473,1,0,693
SCC,474,1,0,694
SCC,475,1,0,695
SCC,476,1,0,698
SCC,477,1,0,699
SCC,478,1,0,700
SCC,479,1,0,701
SCC,480,1,0,703
SCC,481,1,0,708
SCC,482,1,0,709
SCC,483,1,0,711
SCC,484,1,0,712
SCC,485,1,0,713
SCC,486,1,0,714
SCC,487,1,0,716
SCC,488,1,0,718
SCC,489,1,0,720
SCC,490,1,0,721
SCC,491,1,0,724
SCC,492,1,0,726
SCC,493,1,0,727
SCC,494,1,0,728
SCC,495,1,0,729
SCC,496,1,0,731
SCC,497,1,0,732
SCC,498,1,0,734
SCC,499,1,0,735
SCC,500,1,0,736
SCC,501,1,0,738
SCC,502,1,0,739
SCC,503,1,0,741
SCC,504,1,0,743
SCC,505,1,0,744
SCC,506,1,0,745
SCC,507,1,0,746
SCC,508,1,0,748
SCC,509,1,0,750
SCC,510,1,0,751
SCC,511,1,0,752
SCC,512,1,0,753
SCC,513,1,0,754
SCC,514,1,0,755
SCC,515,1,0,756
SCC,516,1,0,758
SCC,517,1,0,759
SCC,518,1,0,765
SCC,519,1,0,766
SCC,520,1,0,767
SCC,521,1,0,768
SCC,522,1,0,770
SCC,523,1,0,772
SCC,524,1,0,773
SCC,525,1,0,774
SCC,526,1,0,775
SCC,527,1,0,776
SCC,528,1,0,778
SCC,529,1,0,779
SCC,530,1,0,780
SCC,531,1,0,781
SCC,532,1,0,782
SCC,533,1,0,783
SCC,534,1,0,785
SCC,535,1,0,786
SCC,536,1,0,787
SCC,537,1,0,788
SCC,538,1,0,792
SCC,539,1,0,793
SCC,540,1,0,796
SCC,541,1,0,799
SCC,542,1,0,800
SCC,543,1,0,801
SCC,544,1,0,804
SCC,545,1,0,806
SCC,546,1,0,807
SCC,547,1,0,808
SCC,548,1,0,811
SCC,549,1,0,812
SCC,550,1,0,814
SCC,551,1,0,815
SCC,552,1,0,816
SCC,553,1,0,817
SCC,554,1,0,818
SCC,555,1,0,819
SCC,556,1,0,821
SCC,557,1,0,824
SCC,558,1,0,829
SCC,559,1,0,830
SCC,560,1,0,831
SCC,561,1,0,832
SCC,562,1,0,835
SCC,563,1,0,839
SCC,564,1,0,841
SCC,565,1,0,842
SCC,566,1,0,843
SCC,567,1,0,845
SCC,568,1,0,847
SCC,569,1,0,848
SCC,570,1,0,849
SCC,571,1,0,850
SCC,572,1,0,851
SCC,573,1,0,852
SCC,574,1,0,854
SCC,575,1,0,855
SCC,576,1,0,857
SCC,577,1,0,860
SCC,578,1,0,862
SCC,579,1,0,864
SCC,580,1,0,865
SCC,581,1,0,866
SCC,582,1,0,867
SCC,583,1,0,868
SCC,584,1,0,869
SCC,585,1,0,870
SCC,586,1,0,872
SCC,587,1,0,874
SCC,588,1,0,875
SCC,589,1,0,876
SCC,590,1,0,877
SCC,591,1,0,878
SCC,592,1,0,879
SCC,593,1,0,880
SCC,594,1,0,881
SCC,595,1,0,883
SCC,596,1,0,886
SCC,597,1,0,888
SCC,598,1,0,889
SCC,599,1,0,890
SCC,600,1,0,891
SCC,601,1,0,892
SCC,602,1,0,893
SCC,603,1,0,898
SCC,604,1,0,899
SCC,605,1,0,900
SCC,606,1,0,902
SCC,607,1,0,905
SCC,608,1,0,906
SCC,609,1,0,909
SCC,610,1,0,910
SCC,611,1,0,911
SCC,612,1,0,912
SCC,613,1,0,914
SCC,614,1,0,915
SCC,615,1,0,916
SCC,616,1,0,917
SCC,617,1,0,919
SCC,618,1,0,920
SCC,619,1,0,921
SCC,620,1,0,923
SCC,621,1,0,924
SCC,622,1,0,926
SCC,623,1,0,927
SCC,624,1,0,929
SCC,625,1,0,930
SCC,626,1,0,931
SCC,627,1,0,933
SCC,628,1,0,934
SCC,629,1,0,936
SCC,630,1,0,938
SCC,631,1,0,940
SCC,632,1,0,942
SCC,633,1,0,944
SCC,634,1,0,945
SCC,635,1,0,949
SCC,636,1,0,950
SCC,637,1,0,951
SCC,638,1,0,954
SCC,639,1,0,955
SCC,640,1,0,957
SCC,641,1,0,958
SCC,642,1,0,961
SCC,643,1,0,962
SCC,644,1,0,963
SCC,645,1,0,964
SCC,646,1,0,965
SCC,647,1,0,966
SCC,648,1,0,969
SCC,649,1,0,970
SCC,650,1,0,972
SCC,651,1,0,973
SCC,652,1,0,976
SCC,653,1,0,977
SCC,654,1,0,979
SCC,655,1,0,980
SCC,656,1,0,983
SCC,657,1,0,984
SCC,658,1,0,986
SCC,659,1,0,987
SCC,660,1,0,988
SCC,661,1,0,989
SCC,662,1,0,990
SCC,663,1,0,991
SCC,664,1,0,992
SCC,665,1,0,995
SCC,666,1,0,996
SCC,667,1,0,998
SCC,668,1,0,1001
SCC,669,1,0,1002
SCC,670,1,0,1003
SCC,671,1,0,1004
SCC,672,1,0,1005
SCC,673,1,0,1007
SCC,674,1,0,1008
SCC,675,1,0,1009
SCC,676,1,0,1010
SCC,677,1,0,1011
SCC,678,1,0,1013
SCC,679,1,0,1014
SCC,680,1,0,1016
SCC,681,1,0,1017
SCC,682,1,0,1019
SCC,683,1,0,1020
SCC,684,1,0,1021
SCC,685,1,0,1025
SCC,686,1,0,1026
SCC,687,1,0,1027
SCC,688,1,0,1028
SCC,689,1,0,1030
SCC,690,1,0,1033
SCC,691,1,0,1037
SCC,692,1,0,1040
SCC,693,1,0,1041
SCC,694,1,0,1042
SCC,695,1,0,1045
SCC,696,1,0,1046
SCC,697,1,0,1047
SCC,698,1,0,1048
SCC,699,1,0,1050
SCC,700,1,0,1051
SCC,701,1,0,1052
SCC,702,1,0,1053
SCC,703,1,0,1058
SCC,704,1,0,1059
SCC,705,1,0,1063
SCC,706,1,0,1064
SCC,707,1,0,1065
SCC,708,1,0,1066
SCC,709,1,0,1067
SCC,710,1,0,1068
SCC,711,1,0,1070
SCC,712,1,0,1071
SCC,713,1,0,1072
SCC,714,1,0,1077
SCC,715,1,0,1078
SCC,716,1,0,1079
SCC,717,1,0,1081
SCC,718,1,0,1082
SCC,719,1,0,1083
SCC,720,1,0,1084
SCC,721,1,0,1085
SCC,722,1,0,1086
SCC,723,1,0,1087
SCC,724,1,0,1088
SCC,725,1,0,1089
SCC,726,1,0,1090
SCC,727,1,0,1092
SCC,728,1,0,1093
SCC,729,1,0,1094
SCC,730,1,0,1095
SCC,731,1,0,1096
SCC,732,1,0,1098
SCC,733,1,0,1099
SCC,734,1,0,1101
SCC,735,1,0,1102
SCC,736,1,0,1104
SCC,737,1,0,1105
SCC,738,1,0,1106
SCC,739,1,0,1107
SCC,740,1,0,1108
SCC,741,1,0,1109
SCC,742,1,0,1110
SCC,743,1,0,1112
SCC,744,1,0,1113
SCC,745,1,0,1115
SCC,746,1,0,1120
SCC,747,1,0,1123
SCC,748,1,0,1126
SCC,749,1,0,1129
SCC,750,1,0,1130
SCC,751,1,0,1131
SCC,752,1,0,1132
SCC,753,1,0,1133
SCC,754,1,0,1134
SCC,755,1,0,1135
SCC,756,1,0,1138
SCC,757,1,0,1139
SCC,758,1,0,1140
SCC,759,1,0,1142
SCC,760,1,0,1143
SCC,761,1,0,1145
SCC,762,1,0,1146
SCC,763,1,0,1147
SCC,764,1,0,1148
SCC,765,1,0,1150
SCC,766,1,0,1152
SCC,767,1,0,1155
SCC,768,1,0,1158
SCC,769,1,0,1161
SCC,770,1,0,1169
SCC,771,1,0,1170
SCC,772,1,0,1171
SCC,773,1,0,1172
SCC,774,1,0,1173
SCC,775,1,0,1174
SCC,776,1,0,1175
SCC,777,1,0,1176
SCC,778,1,0,1177
SCC,779,1,0,1178
SCC,780,1,0,1179
SCC,781,1,0,1180
SCC,782,1,0,1181
SCC,783,1,0,1182
SCC,784,1,0,1183
SCC,785,1,0,1184
SCC,786,1,0,1186
SCC,787,1,0,1187
SCC,788,1,0,1188
SCC,789,1,0,1189
SCC,790,1,0,1191
SCC,791,1,0,1192
SCC,792,1,0,1194
SCC,793,1,0,1195
SCC,794,1,0,1197
SCC,795,1,0,1198
SCC,796,1,0,1202
SCC,797,1,0,1204
SCC,798,1,0,1205
SCC,799,1,0,1206
SCC,800,1,0,1207
SCC,801,1,0,1208
SCC,802,1,0,1209
SCC,803,1,0,1210
SCC,804,1,0,1212
SCC,805,1,0,1213
SCC,806,1,0,1214
SCC,807,1,0,1215
SCC,808,1,0,1216
SCC,809,1,0,1218
SCC,810,1,0,1219
SCC,811,1,0,1220
SCC,812,1,0,1222
SCC,813,1,0,1223
SCC,814,1,0,1224
SCC,815,1,0,1225
SCC,816,1,0,1226
SCC,817,1,0,1227
SCC,818,1,0,1228
SCC,819,1,0,1229
SCC,820,1,0,1231
SCC,821,1,0,1233
SCC,822,1,0,1235
SCC,823,1,0,1237
SCC,824,1,0,1238
SCC,825,1,0,1240
SCC,826,1,0,1242
SCC,827,1,0,1244
SCC,828,1,0,1245
SCC,829,1,0,1246
SCC,830,1,0,1250
SCC,831,1,0,1252
SCC,832,1,0,1254
SCC,833,1,0,1255
SCC,834,1,0,1256
SCC,835,1,0,1257
SCC,836,1,0,1258
SCC,837,1,0,1262
SCC,838,1,0,1264
SCC,839,1,0,1266
SCC,840,1,0,1268
SCC,841,1,0,1269
SCC,842,1,0,1270
SCC,843,1,0,1271
SCC,844,1,0,1272
SCC,845,1,0,1273
SCC,846,1,0,1274
SCC,847,1,0,1275
SCC,848,1,0,1276
SCC,849,1,0,1277
SCC,850,1,0,1278
SCC,851,1,0,1280
SCC,852,1,0,1281
SCC,853,1,0,1287
SCC,854,1,0,1290
SCC,855,1,0,1292
SCC,856,1,0,1293
SCC,857,1,0,1294
SCC,858,1,0,1295
SCC,859,1,0,1298
SCC,860,1,0,1299
SCC,861,1,0,1300
SCC,862,1,0,1301
SCC,863,1,0,1302
SCC,864,1,0,1303
SCC,865,1,0,1304
SCC,866,1,0,1306
SCC,867,1,0,1307
SCC,868,1,0,1308
SCC,869,1,0,1309
SCC,870,1,0,1311
SCC,871,1,0,1312
SCC,872,1,0,1313
SCC,873,1,0,1314
SCC,874,1,0,1316
SCC,875,1,0,1317
SCC,876,1,0,1318
SCC,877,1,0,1320
SCC,878,1,0,1321
SCC,879,1,0,1323
SCC,880,1,0,1324
SCC,881,1,0,1325
SCC,882,1,0,1327
SCC,883,1,0,1328
SCC,884,1,0,1329
SCC,885,1,0,1330
SCC,886,1,0,1331
SCC,887,1,0,1332
SCC,888,1,0,1333
SCC,889,1,0,1334
SCC,890,1,0,1335
SCC,891,1,0,1336
SCC,892,1,0,1337
SCC,893,1,0,1338
SCC,894,1,0,1339
SCC,895,1,0,1340
SCC,896,1,0,1341
SCC,897,1,0,1342
SCC,898,1,0,1343
SCC,899,1,0,1344
SCC,900,1,0,1345
SCC,901,1,0,1346
SCC,902,1,0,1349
SCC,903,1,0,1350
SCC,904,1,0,1351
SCC,905,1,0,1354
SCC,906,1,0,1355
SCC,907,1,0,1356
SCC,908,1,0,1358
SCC,909,1,0,1359
SCC,910,1,0,1361
SCC,911,1,0,1362
SCC,912,1,0,1365
SCC,913,1,0,1366
SCC,914,1,0,1367
SCC,915,1,0,1368
SCC,916,1,0,1369
SCC,917,1,0,1370
SCC,918,1,0,1372
SCC,919,1,0,1373
SCC,920,1,0,1376
SCC,921,1,0,1379
SCC,922,1,0,1380
SCC,923,1,0,1381
SCC,924,1,0,1383
SCC,925,1,0,1386
SCC,926,1,0,1387
SCC,927,1,0,1388
SCC,928,1,0,1389
SCC,929,1,0,1391
SCC,930,1,0,1392
SCC,931,1,0,1395
SCC,932,1,0,1396
SCC,933,1,0,1397
SCC,934,1,0,1398
SCC,935,1,0,1399
SCC,936,1,0,1400
SCC,937,1,0,1401
SCC,938,1,0,1402
SCC,939,1,0,1404
SCC,940,1,0,1405
SCC,941,1,0,1406
SCC,942,1,0,1408
SCC,943,1,0,1409
SCC,944,1,0,1410
SCC,945,1,0,1411
SCC,946,1,0,1412
SCC,947,1,0,1413
SCC,948,1,0,1418
SCC,949,1,0,1421
SCC,950,1,0,1422
SCC,951,1,0,1423
SCC,952,1,0,1424
SCC,953,1,0,1425
SCC,954,1,0,1426
SCC,955,1,0,1427
SCC,956,1,0,1429
SCC,957,1,0,1430
SCC,958,1,0,1431
SCC,959,1,0,1433
SCC,960,1,0,1434
SCC,961,1,0,1435
SCC,962,1,0,1436
SCC,963,1,0,1437
SCC,964,1,0,1438
SCC,965,1,0,1440
SCC,966,1,0,1443
SCC,967,1,0,1445
SCC,968,1,0,1447
SCC,969,1,0,1448
SCC,970,1,0,1449
SCC,971,1,0,1450
SCC,972,1,0,1451
SCC,973,1,0,1452
SCC,974,1,0,1453
SCC,975,1,0,1454
SCC,976,1,0,1455
SCC,977,1,0,1456
SCC,978,1,0,1457
SCC,979,1,0,1458
SCC,980,1,0,1459
SCC,981,1,0,1460
SCC,982,1,0,1461
SCC,983,1,0,1462
SCC,984,1,0,1463
SCC,985,1,0,1464
SCC,986,1,0,1466
SCC,987,1,0,1467
SCC,988,1,0,1469
SCC,989,1,0,1470
SCC,990,1,0,1474
SCC,991,1,0,1476
SCC,992,1,0,1478
SCC,993,1,0,1480
SCC,994,1,0,1481
SCC,995,1,0,1483
SCC,996,1,0,1484
SCC,997,1,0,1485
SCC,998,1,0,1486
SCC,999,1,0,1488
SCC,1000,1,0,1490
SCC,1001,1,0,1494
SCC,1002,1,0,1495
SCC,1003,1,0,1499
SCC,1004,1,0,1500
SCC,1005,1,0,1502
SCC,1006,1,0,1503
SCC,1007,1,0,1504
SCC,1008,1,0,1505
SCC,1009,1,0,1509
SCC,1010,1,0,1511
SCC,1011,1,0,1512
SCC,1012,1,0,1513
SCC,1013,1,0,1514
SCC,1014,1,0,1515
SCC,1015,1,0,1516
SCC,1016,1,0,1517
SCC,1017,1,0,1518
SCC,1018,1,0,1519
SCC,1019,1,0,1522
SCC,1020,1,0,1523
SCC,1021,1,0,1526
SCC,1022,1,0,1527
SCC,1023,1,0,1528
SCC,1024,1,0,1529
SCC,1025,1,0,1530
SCC,1026,1,0,1531
SCC,1027,1,0,1532
SCC,1028,1,0,1533
SCC,1029,1,0,1535
SCC,1030,1,0,1536
SCC,1031,1,0,1539
SCC,1032,1,0,1540
SCC,1033,1,0,1541
SCC,1034,1,0,1543
SCC,1035,1,0,1545
SCC,1036,1,0,1546
SCC,1037,1,0,1551
SCC,1038,1,0,1552
SCC,1039,1,0,1553
SCC,1040,1,0,1554
SCC,1041,1,0,1556
SCC,1042,1,0,1557
SCC,1043,1,0,1558
SCC,1044,1,0,1559
SCC,1045,1,0,1560
SCC,1046,1,0,1561
SCC,1047,1,0,1563
SCC,1048,1,0,1568
SCC,1049,1,0,1569
SCC,1050,1,0,1570
SCC,1051,1,0,1572
SCC,1052,1,0,1573
SCC,1053,1,0,1574
SCC,1054,1,0,1575
SCC,1055,1,0,1576
SCC,1056,1,0,1578
SCC,1057,1,0,1579
SCC,1058,1,0,1580
SCC,1059,1,0,1581
SCC,1060,1,0,1582
SCC,1061,1,0,1584
SCC,1062,1,0,1588
SCC,1063,1,0,1589
SCC,1064,1,0,1590
SCC,1065,1,0,1591
SCC,1066,1,0,1593
SCC,1067,1,0,1594
SCC,1068,1,0,1595
SCC,1069,1,0,1597
SCC,1070,1,0,1599
SCC,1071,1,0,1600
SCC,1072,1,0,1601
SCC,1073,1,0,1602
SCC,1074,1,0,1605
SCC,1075,1,0,1606
SCC,1076,1,0,1607
SCC,1077,1,0,1609
SCC,1078,1,0,1611
SCC,1079,1,0,1614
SCC,1080,1,0,1615
SCC,1081,1,0,1616
SCC,1082,1,0,1617
SCC,1083,1,0,1618
SCC,1084,1,0,1620
SCC,1085,1,0,1623
SCC,1086,1,0,1625
SCC,1087,1,0,1626
SCC,1088,1,0,1627
SCC,1089,1,0,1629
SCC,1090,1,0,1630
SCC,1091,1,0,1631
SCC,1092,1,0,1632
SCC,1093,1,0,1633
SCC,1094,1,0,1634
SCC,1095,1,0,1635
SCC,1096,1,0,1636
SCC,1097,1,0,1639
SCC,1098,1,0,1642
SCC,1099,1,0,1643
SCC,1100,1,0,1644
SCC,1101,1,0,1645
SCC,1102,1,0,1647
SCC,1103,1,0,1648
SCC,1104,1,0,1649
SCC,1105,1,0,1650
SCC,1106,1,0,1651
SCC,1107,1,0,1652
SCC,1108,1,0,1653
SCC,1109,1,0,1654
SCC,1110,1,0,1655
SCC,1111,1,0,1656
SCC,1112,1,0,1657
SCC,1113,1,0,1659
SCC,1114,1,0,1660
SCC,1115,1,0,1663
SCC,1116,1,0,1664
SCC,1117,1,0,1665
SCC,1118,1,0,1666
SCC,1119,1,0,1667
SCC,1120,1,0,1668
SCC,1121,1,0,1669
SCC,1122,1,0,1670
SCC,1123,1,0,1671
SCC,1124,1,0,1672
SCC,1125,1,0,1674
SCC,1126,1,0,1675
SCC,1127,1,0,1676
SCC,1128,1,0,1677
SCC,1129,1,0,1679
SCC,1130,1,0,1681
SCC,1131,1,0,1682
SCC,1132,1,0,1683
SCC,1133,1,0,1684
SCC,1134,1,0,1685
SCC,1135,1,0,1686
SCC,1136,1,0,1690
SCC,1137,1,0,1691
SCC,1138,1,0,1692
SCC,1139,1,0,1693
SCC,1140,1,0,1694
SCC,1141,1,0,1695
SCC,1142,1,0,1696
SCC,1143,1,0,1698
SCC,1144,1,0,1699
SCC,1145,1,0,1703
SCC,1146,1,0,1704
SCC,1147,1,0,1708
SCC,1148,1,0,1709
SCC,1149,1,0,1710
SCC,1150,1,0,1711
SCC,1151,1,0,1712
SCC,1152,1,0,1713
SCC,1153,1,0,1715
SCC,1154,1,0,1718
SCC,1155,1,0,1719
SCC,1156,1,0,1720
SCC,1157,1,0,1721
SCC,1158,1,0,1722
SCC,1159,1,0,1723
SCC,1160,1,0,1724
SCC,1161,1,0,1725
SCC,1162,1,0,1726
SCC,1163,1,0,1728
SCC,1164,1,0,1731
SCC,1165,1,0,1735
SCC,1166,1,0,1736
SCC,1167,1,0,1737
SCC,1168,1,0,1738
SCC,1169,1,0,1739
SCC,1170,1,0,1740
SCC,1171,1,0,1741
SCC,1172,1,0,1742
SCC,1173,1,0,1743
SCC,1174,1,0,1745
SCC,1175,1,0,1748
SCC,1176,1,0,1751
SCC,1177,1,0,1752
SCC,1178,1,0,1753
SCC,1179,1,0,1755
SCC,1180,1,0,1756
SCC,1181,1,0,1758
SCC,1182,1,0,1759
SCC,1183,1,0,1760
SCC,1184,1,0,1761
SCC,1185,1,0,1762
SCC,1186,1,0,1763
SCC,1187,1,0,1764
SCC,1188,1,0,1765
SCC,1189,1,0,1766
SCC,1190,1,0,1767
SCC,1191,1,0,1768
SCC,1192,1,0,1770
SCC,1193,1,0,1771
SCC,1194,1,0,1773
SCC,1195,1,0,1774
SCC,1196,1,0,1775
SCC,1197,1,0,1777
SCC,1198,1,0,1778
SCC,1199,1,0,1780
SCC,1200,1,0,1782
SCC,1201,1,0,1784
SCC,1202,1,0,1785
SCC,1203,1,0,1787
SCC,1204,1,0,1788
SCC,1205,1,0,1789
SCC,1206,1,0,1790
SCC,1207,1,0,1791
SCC,1208,1,0,1793
SCC,1209,1,0,1794
SCC,1210,1,0,1795
SCC,1211,1,0,1796
SCC,1212,1,0,1797
SCC,1213,1,0,1798
SCC,1214,1,0,1800
SCC,1215,1,0,1802
SCC,1216,1,0,1803
SCC,1217,1,0,1804
SCC,1218,1,0,1806
SCC,1219,1,0,1807
SCC,1220,1,0,1809
SCC,1221,1,0,1810
SCC,1222,1,0,1812
SCC,1223,1,0,1813
SCC,1224,1,0,1819
SCC,1225,1,0,1820
SCC,1226,1,0,1821
SCC,1227,1,0,1822
SCC,1228,1,0,1825
SCC,1229,1,0,1826
SCC,1230,1,0,1827
SCC,1231,1,0,1828
SCC,1232,1,0,1829
SCC,1233,1,0,1830
SCC,1234,1,0,1831
SCC,1235,1,0,1832
SCC,1236,1,0,1834
SCC,1237,1,0,1838
SCC,1238,1,0,1839
SCC,1239,1,0,1840
SCC,1240,1,0,1841
SCC,1241,1,0,1842
SCC,1242,1,0,1844
SCC,1243,1,0,1845
SCC,1244,1,0,1846
SCC,1245,1,0,1852
SCC,1246,1,0,1853
SCC,1247,1,0,1856
SCC,1248,1,0,1860
SCC,1249,1,0,1861
SCC,1250,1,0,1862
SCC,1251,1,0,1863
SCC,1252,1,0,1864
SCC,1253,1,0,1866
SCC,1254,1,0,1867
SCC,1255,1,0,1868
SCC,1256,1,0,1869
SCC,1257,1,0,1870
SCC,1258,1,0,1871
SCC,1259,1,0,1872
SCC,1260,1,0,1873
SCC,1261,1,0,1874
SCC,1262,1,0,1875
SCC,1263,1,0,1876
SCC,1264,1,0,1879
SCC,1265,1,0,1880
SCC,1266,1,0,1881
SCC,1267,1,0,1882
SCC,1268,1,0,1883
SCC,1269,1,0,1884
SCC,1270,1,0,1885
SCC,1271,1,0,1886
SCC,1272,1,0,1887
SCC,1273,1,0,1889
SCC,1274,1,0,1890
SCC,1275,1,0,1891
SCC,1276,1,0,1892
SCC,1277,1,0,1893
SCC,1278,1,0,1894
SCC,1279,1,0,1895
SCC,1280,1,0,1896
SCC,1281,1,0,1897
SCC,1282,1,0,1899
SCC,1283,1,0,1900
SCC,1284,1,0,1901
SCC,1285,1,0,1902
SCC,1286,1,0,1903
SCC,1287,1,0,1905
SCC,1288,1,0,1906
SCC,1289,1,0,1907
SCC,1290,1,0,1909
SCC,1291,1,0,1911
SCC,1292,1,0,1912
SCC,1293,1,0,1913
SCC,1294,1,0,1914
SCC,1295,1,0,1916
SCC,1296,1,0,1917
SCC,1297,1,0,1920
SCC,1298,1,0,1921
SCC,1299,1,0,1922
SCC,1300,1,0,1923
SCC,1301,1,0,1924
SCC,1302,1,0,1925
SCC,1303,1,0,1926
SCC,1304,1,0,1928
SCC,1305,1,0,1929
SCC,1306,1,0,1930
SCC,1307,1,0,1931
SCC,1308,1,0,1932
SCC,1309,1,0,1933
SCC,1310,1,0,1934
SCC,1311,1,0,1937
SCC,1312,1,0,1938
SCC,1313,1,0,1939
SCC,1314,1,0,1940
SCC,1315,1,0,1941
SCC,1316,1,0,1943
SCC,1317,1,0,1944
SCC,1318,1,0,1945
SCC,1319,1,0,1946
SCC,1320,1,0,1947
SCC,1321,1,0,1948
SCC,1322,1,0,1950
SCC,1323,1,0,1951
SCC,1324,1,0,1952
SCC,1325,1,0,1953
SCC,1326,1,0,1956
SCC,1327,1,0,1958
SCC,1328,1,0,1959
SCC,1329,1,0,1960
SCC,1330,1,0,1962
SCC,1331,1,0,1963
SCC,1332,1,0,1967
SCC,1333,1,0,1968
SCC,1334,1,0,1969
SCC,1335,1,0,1970
SCC,1336,1,0,1971
SCC,1337,1,0,1973
SCC,1338,1,0,1975
SCC,1339,1,0,1976
SCC,1340,1,0,1978
SCC,1341,1,0,1980
SCC,1342,1,0,1981
SCC,1343,1,0,1983
SCC,1344,1,0,1986
SCC,1345,1,0,1987
SCC,1346,1,0,1988
SCC,1347,1,0,1989
SCC,1348,1,0,1993
SCC,1349,1,0,1994
SCC,1350,1,0,1995
SCC,1351,1,0,1996
SCC,1352,1,0,2000
SCC,1353,1,0,2002
SCC,1354,1,0,2003
SCC,1355,1,0,2004
SCC,1356,1,0,2005
SCC,1357,1,0,2007
SCC,1358,1,0,2008
SCC,1359,1,0,2009
SCC,1360,1,0,2010
SCC,1361,1,0,2011
SCC,1362,1,0,2012
SCC,1363,1,0,2013
SCC,1364,1,0,2015
SCC,1365,1,0,2017
SCC,1366,1,0,2018
SCC,1367,1,0,2019
SCC,1368,1,0,2020
SCC,1369,1,0,2021
SCC,1370,1,0,2023
SCC,1371,1,0,2024
SCC,1372,1,0,2025
SCC,1373,1,0,2026
SCC,1374,1,0,2027
SCC,1375,1,0,2028
SCC,1376,1,0,2029
SCC,1377,1,0,2030
SCC,1378,1,0,2031
SCC,1379,1,0,2032
SCC,1380,1,0,2033
SCC,1381,1,0,2034
SCC,1382,1,0,2035
SCC,1383,1,0,2036
SCC,1384,1,0,2037
SCC,1385,1,0,2038
SCC,1386,1,0,2040
SCC,1387,1,0,2041
SCC,1388,1,0,2042
SCC,1389,1,0,2044
SCC,1390,1,0,2045
SCC,1391,1,0,2047
SCC,1392,1,0,2049
SCC,1393,1,0,2050
SCC,1394,1,0,2051
SCC,1395,1,0,2052
SCC,1396,1,0,2054
SCC,1397,1,0,2055
SCC,1398,1,0,2056
SCC,1399,1,0,2057
SCC,1400,1,0,2058
SCC,1401,1,0,2059
SCC,1402,1,0,2060
SCC,1403,1,0,2061
SCC,1404,1,0,2063
SCC,1405,1,0,2064
SCC,1406,1,0,2065
SCC,1407,1,0,2066
SCC,1408,1,0,2067
SCC,1409,1,0,2068
SCC,1410,1,0,2070
SCC,1411,1,0,2073
SCC,1412,1,0,2076
SCC,1413,1,0,2077
SCC,1414,1,0,2079
SCC,1415,1,0,2081
SCC,1416,1,0,2082
SCC,1417,1,0,2084
SCC,1418,1,0,2086
SCC,1419,1,0,2087
SCC,1420,1,0,2088
SCC,1421,1,0,2089
SCC,1422,1,0,2090
SCC,1423,1,0,2092
SCC,1424,1,0,2093
SCC,1425,1,0,2094
SCC,1426,1,0,2096
SCC,1427,1,0,2099
SCC,1428,1,0,2100
SCC,1429,1,0,2101
SCC,1430,1,0,2103
SCC,1431,1,0,2104
SCC,1432,1,0,2105
SCC,1433,1,0,2106
SCC,1434,1,0,2108
SCC,1435,1,0,2110
SCC,1436,1,0,2111
SCC,1437,1,0,2112
SCC,1438,1,0,2113
SCC,1439,1,0,2115
SCC,1440,1,0,2118
SCC,1441,1,0,2125
SCC,1442,1,0,2126
SCC,1443,1,0,2127
SCC,1444,1,0,2130
SCC,1445,1,0,2131
SCC,1446,1,0,2132
SCC,1447,1,0,2136
SCC,1448,1,0,2137
SCC,1449,1,0,2138
SCC,1450,1,0,2139
SCC,1451,1,0,2141
SCC,1452,1,0,2142
SCC,1453,1,0,2143
SCC,1454,1,0,2146
SCC,1455,1,0,2147
SCC,1456,1,0,2148
SCC,1457,1,0,2149
SCC,1458,1,0,2150
SCC,1459,1,0,2151
SCC,1460,1,0,2152
SCC,1461,1,0,2153
SCC,1462,1,0,2155
SCC,1463,1,0,2156
SCC,1464,1,0,2157
SCC,1465,1,0,2159
SCC,1466,1,0,2161
SCC,1467,1,0,2164
SCC,1468,1,0,2165
SCC,1469,1,0,2167
SCC,1470,1,0,2169
SCC,1471,1,0,2170
SCC,1472,1,0,2171
SCC,1473,1,0,2172
SCC,1474,1,0,2173
SCC,1475,1,0,2175
SCC,1476,1,0,2176
SCC,1477,1,0,2177
SCC,1478,1,0,2179
SCC,1479,1,0,2180
SCC,1480,1,0,2182
SCC,1481,1,0,2183
SCC,1482,1,0,2184
SCC,1483,1,0,2185
SCC,1484,1,0,2186
SCC,1485,1,0,2187
SCC,1486,1,0,2188
SCC,1487,1,0,2189
SCC,1488,1,0,2190
SCC,1489,1,0,2191
SCC,1490,1,0,2192
SCC,1491,1,0,2194
SCC,1492,1,0,2195
SCC,1493,1,0,2196
SCC,1494,1,0,2197
SCC,1495,1,0,2198
SCC,1496,1,0,2199
SCC,1497,1,0,2200
SCC,1498,1,0,2201
SCC,1499,1,0,2202
SCC,1500,1,0,2203
SCC,1501,1,0,2204
SCC,1502,1,0,2205
SCC,1503,1,0,2211
SCC,1504,1,0,2212
SCC,1505,1,0,2213
SCC,1506,1,0,2214
SCC,1507,1,0,2215
SCC,1508,1,0,2216
SCC,1509,1,0,2217
SCC,1510,1,0,2218
SCC,1511,1,0,2219
SCC,1512,1,0,2221
SCC,1513,1,0,2222
SCC,1514,1,0,2224
SCC,1515,1,0,2226
SCC,1516,1,0,2227
SCC,1517,1,0,2228
SCC,1518,1,0,2230
SCC,1519,1,0,2232
SCC,1520,1,0,2235
SCC,1521,1,0,2236
SCC,1522,1,0,2238
SCC,1523,1,0,2239
SCC,1524,1,0,2243
SCC,1525,1,0,2244
SCC,1526,1,0,2247
SCC,1527,1,0,2249
SCC,1528,1,0,2250
SCC,1529,1,0,2253
SCC,1530,1,0,2254
SCC,1531,1,0,2255
SCC,1532,1,0,2259
SCC,1533,1,0,2260
SCC,1534,1,0,2261
SCC,1535,1,0,2262
SCC,1536,1,0,2265
SCC,1537,1,0,2266
SCC,1538,1,0,2267
SCC,1539,1,0,2268
SCC,1540,1,0,2269
SCC,1541,1,0,2270
SCC,1542,1,0,2272
SCC,1543,1,0,2273
SCC,1544,1,0,2274
SCC,1545,1,0,2278
SCC,1546,1,0,2280
SCC,1547,1,0,2282
SCC,1548,1,0,2283
SCC,1549,1,0,2286
SCC,1550,1,0,2287
SCC,1551,1,0,2288
SCC,1552,1,0,2291
SCC,1553,1,0,2292
SCC,1554,1,0,2293
SCC,1555,1,0,2295
SCC,1556,1,0,2296
SCC,1557,1,0,2298
SCC,1558,1,0,2299
SCC,1559,1,0,2300
SCC,1560,1,0,2301
SCC,1561,1,0,2302
SCC,1562,1,0,2304
SCC,1563,1,0,2305
SCC,1564,1,0,2306
SCC,1565,1,0,2308
SCC,1566,1,0,2309
SCC,1567,1,0,2310
SCC,1568,1,0,2311
SCC,1569,1,0,2312
SCC,1570,1,0,2313
SCC,1571,1,0,2314
SCC,1572,1,0,2315
SCC,1573,1,0,2316
SCC,1574,1,0,2317
SCC,1575,1,0,2318
SCC,1576,1,0,2319
SCC,1577,1,0,2320
SCC,1578,1,0,2321
SCC,1579,1,0,2329
SCC,1580,1,0,2330
SCC,1581,1,0,2331
SCC,1582,1,0,2333
SCC,1583,1,0,2334
SCC,1584,1,0,2335
SCC,1585,1,0,2336
SCC,1586,1,0,2337
SCC,1587,1,0,2339
SCC,1588,1,0,2341
SCC,1589,1,0,2343
SCC,1590,1,0,2344
SCC,1591,1,0,2345
SCC,1592,1,0,2346
SCC,1593,1,0,2348
SCC,1594,1,0,2349
SCC,1595,1,0,2350
SCC,1596,1,0,2351
SCC,1597,1,0,2352
SCC,1598,1,0,2353
SCC,1599,1,0,2355
SCC,1600,1,0,2357
SCC,1601,1,0,2359
SCC,1602,1,0,2360
SCC,1603,1,0,2361
SCC,1604,1,0,2362
SCC,1605,1,0,2363
SCC,1606,1,0,2365
SCC,1607,1,0,2367
SCC,1608,1,0,2368
SCC,1609,1,0,2370
SCC,1610,1,0,2372
SCC,1611,1,0,2373
SCC,1612,1,0,2374
SCC,1613,1,0,2379
SCC,1614,1,0,2380
SCC,1615,1,0,2382
SCC,1616,1,0,2385
SCC,1617,1,0,2386
SCC,1618,1,0,2387
SCC,1619,1,0,2388
SCC,1620,1,0,2389
SCC,1621,1,0,2390
SCC,1622,1,0,2391
SCC,1623,1,0,2392
SCC,1624,1,0,2393
SCC,1625,1,0,2394
SCC,1626,1,0,2395
SCC,1627,1,0,2396
SCC,1628,1,0,2397
SCC,1629,1,0,2399
SCC,1630,1,0,2400
SCC,1631,1,0,2401
SCC,1632,1,0,2402
SCC,1633,1,0,2403
SCC,1634,1,0,2404
SCC,1635,1,0,2405
SCC,1636,1,0,2406
SCC,1637,1,0,2407
SCC,1638,1,0,2409
SCC,1639,1,0,2412
SCC,1640,1,0,2413
SCC,1641,1,0,2414
SCC,1642,1,0,2415
SCC,1643,1,0,2417
SCC,1644,1,0,2418
SCC,1645,1,0,2419
SCC,1646,1,0,2420
SCC,1647,1,0,2422
SCC,1648,1,0,2423
SCC,1649,1,0,2424
SCC,1650,1,0,2425
SCC,1651,1,0,2426
SCC,1652,1,0,2427
SCC,1653,1,0,2428
SCC,1654,1,0,2429
SCC,1655,1,0,2434
SCC,1656,1,0,2437
SCC,1657,1,0,2438
SCC,1658,1,0,2439
SCC,1659,1,0,2441
SCC,1660,1,0,2442
SCC,1661,1,0,2443
SCC,1662,1,0,2444
SCC,1663,1,0,2445
SCC,1664,1,0,2446
SCC,1665,1,0,2447
SCC,1666,1,0,2448
SCC,1667,1,0,2449
SCC,1668,1,0,2450
SCC,1669,1,0,2451
SCC,1670,1,0,2452
SCC,1671,1,0,2453
SCC,1672,1,0,2454
SCC,1673,1,0,2455
SCC,1674,1,0,2457
SCC,1675,1,0,2458
SCC,1676,1,0,2459
SCC,1677,1,0,2460
SCC,1678,1,0,2461
SCC,1679,1,0,2462
SCC,1680,1,0,2463
SCC,1681,1,0,2464
SCC,1682,1,0,2465
SCC,1683,1,0,2466
SCC,1684,1,0,2467
SCC,1685,1,0,2469
SCC,1686,1,0,2470
SCC,1687,1,0,2471
SCC,1688,1,0,2472
SCC,1689,1,0,2473
SCC,1690,1,0,2476
SCC,1691,1,0,2477
SCC,1692,1,0,2478
SCC,1693,1,0,2479
SCC,1694,1,0,2480
SCC,1695,1,0,2481
SCC,1696,1,0,2482
SCC,1697,1,0,2484
SCC,1698,1,0,2487
SCC,1699,1,0,2488
SCC,1700,1,0,2489
SCC,1701,1,0,2490
SCC,1702,1,0,2491
SCC,1703,1,0,2492
SCC,1704,1,0,2493
SCC,1705,1,0,2494
SCC,1706,1,0,2495
SCC,1707,1,0,2496
SCC,1708,1,0,2497
SCC,1709,1,0,2498
SCC,1710,1,0,2499
SCC,1711,1,0,2500
SCC,1712,1,0,2501
SCC,1713,1,0,2502
SCC,1714,1,0,2503
SCC,1715,1,0,2505
SCC,1716,1,0,2509
SCC,1717,1,0,2512
SCC,1718,1,0,2513
SCC,1719,1,0,2514
SCC,1720,1,0,2515
SCC,1721,1,0,2518
SCC,1722,1,0,2519
SCC,1723,1,0,2520
SCC,1724,1,0,2521
SCC,1725,1,0,2522
SCC,1726,1,0,2523
SCC,1727,1,0,2524
SCC,1728,1,0,2526
SCC,1729,1,0,2527
SCC,1730,1,0,2528
SCC,1731,1,0,2529
SCC,1732,1,0,2530
SCC,1733,1,0,2531
SCC,1734,1,0,2534
SCC,1735,1,0,2536
SCC,1736,1,0,2537
SCC,1737,1,0,2538
SCC,1738,1,0,2540
SCC,1739,1,0,2541
SCC,1740,1,0,2543
SCC,1741,1,0,2545
SCC,1742,1,0,2546
SCC,1743,1,0,2548
SCC,1744,1,0,2549
SCC,1745,1,0,2551
SCC,1746,1,0,2555
SCC,1747,1,0,2556
SCC,1748,1,0,2557
SCC,1749,1,0,2558
SCC,1750,1,0,2559
SCC,1751,1,0,2561
SCC,1752,1,0,2562
SCC,1753,1,0,2563
SCC,1754,1,0,2564
SCC,1755,1,0,2566
SCC,1756,1,0,2567
SCC,1757,1,0,2568
SCC,1758,1,0,2569
SCC,1759,1,0,2571
SCC,1760,1,0,2572
SCC,1761,1,0,2573
SCC,1762,1,0,2574
SCC,1763,1,0,2575
SCC,1764,1,0,2577
SCC,1765,1,0,2578
SCC,1766,1,0,2579
SCC,1767,1,0,2580
SCC,1768,1,0,2581
SCC,1769,1,0,2582
SCC,1770,1,0,2583
SCC,1771,1,0,2584
SCC,1772,1,0,2586
SCC,1773,1,0,2589
SCC,1774,1,0,2591
SCC,1775,1,0,2596
SCC,1776,1,0,2598
SCC,1777,1,0,2603
SCC,1778,1,0,2604
SCC,1779,1,0,2606
SCC,1780,1,0,2607
SCC,1781,1,0,2608
SCC,1782,1,0,2609
SCC,1783,1,0,2610
SCC,1784,1,0,2611
SCC,1785,1,0,2613
SCC,1786,1,0,2614
SCC,1787,1,0,2615
SCC,1788,1,0,2616
SCC,1789,1,0,2621
SCC,1790,1,0,2624
SCC,1791,1,0,2625
SCC,1792,1,0,2626
SCC,1793,1,0,2627
SCC,1794,1,0,2628
SCC,1795,1,0,2629
SCC,1796,1,0,2630
SCC,1797,1,0,2631
SCC,1798,1,0,2632
SCC,1799,1,0,2633
SCC,1800,1,0,2634
SCC,1801,1,0,2635
SCC,1802,1,0,2636
SCC,1803,1,0,2637
SCC,1804,1,0,2638
SCC,1805,1,0,2639
SCC,1806,1,0,2640
SCC,1807,1,0,2641
SCC,1808,1,0,2642
SCC,1809,1,0,2643
SCC,1810,1,0,2644
SCC,1811,1,0,2648
SCC,1812,1,0,2649
SCC,1813,1,0,2650
SCC,1814,1,0,2652
SCC,1815,1,0,2656
SCC,1816,1,0,2659
SCC,1817,1,0,2661
SCC,1818,1,0,2663
SCC,1819,1,0,2664
SCC,1820,1,0,2668
SCC,1821,1,0,2669
SCC,1822,1,0,2670
SCC,1823,1,0,2671
SCC,1824,1,0,2673
SCC,1825,1,0,2675
SCC,1826,1,0,2676
SCC,1827,1,0,2677
SCC,1828,1,0,2678
SCC,1829,1,0,2679
SCC,1830,1,0,2680
SCC,1831,1,0,2682
SCC,1832,1,0,2683
SCC,1833,1,0,2684
SCC,1834,1,0,2685
SCC,1835,1,0,2688
SCC,1836,1,0,2690
SCC,1837,1,0,2691
SCC,1838,1,0,2692
SCC,1839,1,0,2694
SCC,1840,1,0,2695
SCC,1841,1,0,2698
SCC,1842,1,0,2699
SCC,1843,1,0,2701
SCC,1844,1,0,2702
SCC,1845,1,0,2703
SCC,1846,1,0,2704
SCC,1847,1,0,2705
SCC,1848,1,0,2706
SCC,1849,1,0,2709
SCC,1850,1,0,2711
SCC,1851,1,0,2715
SCC,1852,1,0,2716
SCC,1853,1,0,2717
SCC,1854,1,0,2718
SCC,1855,1,0,2719
SCC,1856,1,0,2720
SCC,1857,1,0,2722
SCC,1858,1,0,2723
SCC,1859,1,0,2725
SCC,1860,1,0,2728
SCC,1861,1,0,2729
SCC,1862,1,0,2730
SCC,1863,1,0,2731
SCC,1864,1,0,2733
SCC,1865,1,0,2734
SCC,1866,1,0,2737
SCC,1867,1,0,2738
SCC,1868,1,0,2739
SCC,1869,1,0,2740
SCC,1870,1,0,2741
SCC,1871,1,0,2744
SCC,1872,1,0,2748
SCC,1873,1,0,2749
SCC,1874,1,0,2751
SCC,1875,1,0,2752
SCC,1876,1,0,2753
SCC,1877,1,0,2754
SCC,1878,1,0,2755
SCC,1879,1,0,2757
SCC,1880,1,0,2758
SCC,1881,1,0,2759
SCC,1882,1,0,2761
SCC,1883,1,0,2762
SCC,1884,1,0,2763
SCC,1885,1,0,2766
SCC,1886,1,0,2767
SCC,1887,1,0,2769
SCC,1888,1,0,2771
SCC,1889,1,0,2772
SCC,1890,1,0,2773
SCC,1891,1,0,2776
SCC,1892,1,0,2777
SCC,1893,1,0,2778
SCC,1894,1,0,2779
SCC,1895,1,0,2780
SCC,1896,1,0,2781
SCC,1897,1,0,2782
SCC,1898,1,0,2783
SCC,1899,1,0,2784
SCC,1900,1,0,2786
SCC,1901,1,0,2788
SCC,1902,1,0,2789
SCC,1903,1,0,2791
SCC,1904,1,0,2792
SCC,1905,1,0,2793
SCC,1906,1,0,2794
SCC,1907,1,0,2796
SCC,1908,1,0,2797
SCC,1909,1,0,2798
SCC,1910,1,0,2801
SCC,1911,1,0,2802
SCC,1912,1,0,2803
SCC,1913,1,0,2804
SCC,1914,1,0,2805
SCC,1915,1,0,2807
SCC,1916,1,0,2808
SCC,1917,1,0,2809
SCC,1918,1,0,2813
SCC,1919,1,0,2814
SCC,1920,1,0,2817
SCC,1921,1,0,2818
SCC,1922,1,0,2821
SCC,1923,1,0,2823
SCC,1924,1,0,2824
SCC,1925,1,0,2825
SCC,1926,1,0,2826
SCC,1927,1,0,2827
SCC,1928,1,0,2828
SCC,1929,1,0,2832
SCC,1930,1,0,2833
SCC,1931,1,0,2835
SCC,1932,1,0,2839
SCC,1933,1,0,2840
SCC,1934,1,0,2841
SCC,1935,1,0,2842
SCC,1936,1,0,2843
SCC,1937,1,0,2845
SCC,1938,1,0,2846
SCC,1939,1,0,2847
SCC,1940,1,0,2848
SCC,1941,1,0,2849
SCC,1942,1,0,2850
SCC,1943,1,0,2852
SCC,1944,1,0,2853
SCC,1945,1,0,2855
SCC,1946,1,0,2857
SCC,1947,1,0,2858
SCC,1948,1,0,2860
SCC,1949,1,0,2861
SCC,1950,1,0,2862
SCC,1951,1,0,2863
SCC,1952,1,0,2864
SCC,1953,1,0,2865
SCC,1954,1,0,2866
SCC,1955,1,0,2867
SCC,1956,1,0,2868
SCC,1957,1,0,2869
SCC,1958,1,0,2870
SCC,1959,1,0,2872
SCC,1960,1,0,2875
SCC,1961,1,0,2876
SCC,1962,1,0,2877
SCC,1963,1,0,2879
SCC,1964,1,0,2881
SCC,1965,1,0,2882
SCC,1966,1,0,2883
SCC,1967,1,0,2884
SCC,1968,1,0,2885
SCC,1969,1,0,2886
SCC,1970,1,0,2887
SCC,1971,1,0,2888
SCC,1972,1,0,2889
SCC,1973,1,0,2890
SCC,1974,1,0,2891
SCC,1975,1,0,2892
SCC,1976,1,0,2893
SCC,1977,1,0,2894
SCC,1978,1,0,2895
SCC,1979,1,0,2896
SCC,1980,1,0,2898
SCC,1981,1,0,2899
SCC,1982,1,0,2901
SCC,1983,1,0,2902
SCC,1984,1,0,2903
SCC,1985,1,0,2904
SCC,1986,1,0,2905
SCC,1987,1,0,2906
SCC,1988,1,0,2907
SCC,1989,1,0,2908
SCC,1990,1,0,2910
SCC,1991,1,0,2913
SCC,1992,1,0,2916
SCC,1993,1,0,2919
SCC,1994,1,0,2921
SCC,1995,1,0,2922
SCC,1996,1,0,2924
SCC,1997,1,0,2926
SCC,1998,1,0,2928
SCC,1999,1,0,2929
SCC,2000,1,0,2930
SCC,2001,1,0,2931
SCC,2002,1,0,2933
SCC,2003,1,0,2935
SCC,2004,1,0,2936
SCC,2005,1,0,2938
SCC,2006,1,0,2939
SCC,2007,1,0,2941
SCC,2008,1,0,2944
SCC,2009,1,0,2945
SCC,2010,1,0,2946
SCC,2011,1,0,2947
SCC,2012,1,0,2948
SCC,2013,1,0,2949
SCC,2014,1,0,2950
SCC,2015,1,0,2952
SCC,2016,1,0,2953
SCC,2017,1,0,2954
SCC,2018,1,0,2955
SCC,2019,1,0,2956
SCC,2020,1,0,2957
SCC,2021,1,0,2960
SCC,2022,1,0,2961
SCC,2023,1,0,2962
SCC,2024,1,0,2963
SCC,2025,1,0,2964
SCC,2026,1,0,2965
SCC,2027,1,0,2966
SCC,2028,1,0,2967
SCC,2029,1,0,2969
SCC,2030,1,0,2970
SCC,2031,1,0,2971
SCC,2032,1,0,2973
SCC,2033,1,0,2975
SCC,2034,1,0,2976
SCC,2035,1,0,2977
SCC,2036,1,0,2978
SCC,2037,1,0,2979
SCC,2038,1,0,2980
SCC,2039,1,0,2982
SCC,2040,1,0,2983
SCC,2041,1,0,2985
SCC,2042,1,0,2986
SCC,2043,1,0,2987
SCC,2044,1,0,2988
SCC,2045,1,0,2989
SCC,2046,1,0,2990
SCC,2047,1,0,2992
SCC,2048,1,0,2994
SCC,2049,1,0,2995
SCC,2050,1,0,2996
SCC,2051,1,0,2998
SCC,2052,1,0,3001
SCC,2053,1,0,3003
SCC,2054,1,0,3004
SCC,2055,1,0,3006
SCC,2056,1,0,3008
SCC,2057,1,0,3011
SCC,2058,1,0,3012
SCC,2059,1,0,3013
SCC,2060,1,0,3014
SCC,2061,1,0,3016
SCC,2062,1,0,3017
SCC,2063,1,0,3019
SCC,2064,1,0,3022
SCC,2065,1,0,3023
SCC,2066,1,0,3025
SCC,2067,1,0,3030
SCC,2068,1,0,3031
SCC,2069,1,0,3032
SCC,2070,1,0,3035
SCC,2071,1,0,3037
SCC,2072,1,0,3038
SCC,2073,1,0,3039
SCC,2074,1,0,3040
SCC,2075,1,0,3041
SCC,2076,1,0,3042
SCC,2077,1,0,3043
SCC,2078,1,0,3044
SCC,2079,1,0,3046
SCC,2080,1,0,3047
SCC,2081,1,0,3048
SCC,2082,1,0,3049
SCC,2083,1,0,3050
SCC,2084,1,0,3051
SCC,2085,1,0,3052
SCC,2086,1,0,3053
SCC,2087,1,0,3054
SCC,2088,1,0,3055
SCC,2089,1,0,3057
SCC,2090,1,0,3060
SCC,2091,1,0,3061
SCC,2092,1,0,3062
SCC,2093,1,0,3063
SCC,2094,1,0,3066
SCC,2095,1,0,3068
SCC,2096,1,0,3070
SCC,2097,1,0,3071
SCC,2098,1,0,3072
SCC,2099,1,0,3074
SCC,2100,1,0,3075
SCC,2101,1,0,3076
SCC,2102,1,0,3077
SCC,2103,1,0,3078
SCC,2104,1,0,3080
SCC,2105,1,0,3081
SCC,2106,1,0,3082
SCC,2107,1,0,3083
SCC,2108,1,0,3085
SCC,2109,1,0,3086
SCC,2110,1,0,3087
SCC,2111,1,0,3088
SCC,2112,1,0,3090
SCC,2113,1,0,3091
SCC,2114,1,0,3093
SCC,2115,1,0,3094
SCC,2116,1,0,3095
SCC,2117,1,0,3096
SCC,2118,1,0,3097
SCC,2119,1,0,3098
SCC,2120,1,0,3099
SCC,2121,1,0,3101
SCC,2122,1,0,3102
SCC,2123,1,0,3104
SCC,2124,1,0,3105
SCC,2125,1,0,3107
SCC,2126,1,0,3108
SCC,2127,1,0,3110
SCC,2128,1,0,3111
SCC,2129,1,0,3112
SCC,2130,1,0,3113
SCC,2131,1,0,3114
SCC,2132,1,0,3115
SCC,2133,1,0,3117
SCC,2134,1,0,3118
SCC,2135,1,0,3119
SCC,2136,1,0,3120
SCC,2137,1,0,3123
SCC,2138,1,0,3124
SCC,2139,1,0,3126
SCC,2140,1,0,3127
SCC,2141,1,0,3128
SCC,2142,1,0,3129
SCC,2143,1,0,3130
SCC,2144,1,0,3131
SCC,2145,1,0,3132
SCC,2146,1,0,3133
SCC,2147,1,0,3134
SCC,2148,1,0,3135
SCC,2149,1,0,3136
SCC,2150,1,0,3137
SCC,2151,1,0,3138
SCC,2152,1,0,3140
SCC,2153,1,0,3142
SCC,2154,1,0,3143
SCC,2155,1,0,3146
SCC,2156,1,0,3147
SCC,2157,1,0,3149
SCC,2158,1,0,3151
SCC,2159,1,0,3152
SCC,2160,1,0,3153
SCC,2161,1,0,3154
SCC,2162,1,0,3155
SCC,2163,1,0,3156
SCC,2164,1,0,3158
SCC,2165,1,0,3159
SCC,2166,1,0,3160
SCC,2167,1,0,3162
SCC,2168,1,0,3163
SCC,2169,1,0,3164
SCC,2170,1,0,3165
SCC,2171,1,0,3166
SCC,2172,1,0,3167
SCC,2173,1,0,3168
SCC,2174,1,0,3169
SCC,2175,1,0,3172
SCC,2176,1,0,3174
SCC,2177,1,0,3175
SCC,2178,1,0,3176
SCC,2179,1,0,3181
SCC,2180,1,0,3182
SCC,2181,1,0,3183
SCC,2182,1,0,3184
SCC,2183,1,0,3185
SCC,2184,1,0,3186
SCC,2185,1,0,3187
SCC,2186,1,0,3188
SCC,2187,1,0,3189
SCC,2188,1,0,3190
SCC,2189,1,0,3193
SCC,2190,1,0,3194
SCC,2191,1,0,3195
SCC,2192,1,0,3196
SCC,2193,1,0,3197
SCC,2194,1,0,3198
SCC,2195,1,0,3199
SCC,2196,1,0,3201
SCC,2197,1,0,3202
SCC,2198,1,0,3203
SCC,2199,1,0,3204
SCC,2200,1,0,3205
SCC,2201,1,0,3206
SCC,2202,1,0,3207
SCC,2203,1,0,3208
SCC,2204,1,0,3209
SCC,2205,1,0,3210
SCC,2206,1,0,3211
SCC,2207,1,0,3212
SCC,2208,1,0,3213
SCC,2209,1,0,3214
SCC,2210,1,0,3215
SCC,2211,1,0,3216
SCC,2212,1,0,3217
SCC,2213,1,0,3218
SCC,2214,1,0,3219
SCC,2215,1,0,3220
SCC,2216,1,0,3221
SCC,2217,1,0,3222
SCC,2218,1,0,3223
SCC,2219,1,0,3224
SCC,2220,1,0,3225
SCC,2221,1,0,3226
SCC,2222,1,0,3227
SCC,2223,1,0,3228
SCC,2224,1,0,3229
SCC,2225,1,0,3230
SCC,2226,1,0,3231
SCC,2227,1,0,3232
SCC,2228,1,0,3233
SCC,2229,1,0,3234
SCC,2230,1,0,3235
SCC,2231,1,0,3237
SCC,2232,1,0,3239
SCC,2233,1,0,3240
SCC,2234,1,0,3241
SCC,2235,1,0,3242
SCC,2236,1,0,3243
SCC,2237,1,0,3244
SCC,2238,1,0,3245
SCC,2239,1,0,3246
SCC,2240,1,0,3247
SCC,2241,1,0,3248
SCC,2242,1,0,3249
SCC,2243,1,0,3250
SCC,2244,1,0,3251
SCC,2245,1,0,3252
SCC,2246,1,0,3253
SCC,2247,1,0,3257
SCC,2248,1,0,3259
SCC,2249,1,0,3261
SCC,2250,1,0,3262
SCC,2251,1,0,3263
SCC,2252,1,0,3264
SCC,2253,1,0,3265
SCC,2254,1,0,3266
SCC,2255,1,0,3267
SCC,2256,1,0,3268
SCC,2257,1,0,3269
SCC,2258,1,0,3270
SCC,2259,1,0,3272
SCC,2260,1,0,3273
SCC,2261,1,0,3275
SCC,2262,1,0,3277
SCC,2263,1,0,3278
SCC,2264,1,0,3279
SCC,2265,1,0,3280
SCC,2266,1,0,3281
SCC,2267,1,0,3282
SCC,2268,1,0,3285
SCC,2269,1,0,3288
SCC,2270,1,0,3290
SCC,2271,1,0,3292
SCC,2272,1,0,3294
SCC,2273,1,0,3296
SCC,2274,1,0,3298
SCC,2275,1,0,3299
SCC,2276,1,0,3300
SCC,2277,1,0,3302
SCC,2278,1,0,3303
SCC,2279,1,0,3304
SCC,2280,1,0,3305
SCC,2281,1,0,3306
SCC,2282,1,0,3307
SCC,2283,1,0,3311
SCC,2284,1,0,3312
SCC,2285,1,0,3314
SCC,2286,1,0,3315
SCC,2287,1,0,3316
SCC,2288,1,0,3317
SCC,2289,1,0,3318
SCC,2290,1,0,3319
SCC,2291,1,0,3322
SCC,2292,1,0,3323
SCC,2293,1,0,3324
SCC,2294,1,0,3325
SCC,2295,1,0,3326
SCC,2296,1,0,3331
SCC,2297,1,0,3332
SCC,2298,1,0,3333
SCC,2299,1,0,3335
SCC,2300,1,0,3339
SCC,2301,1,0,3340
SCC,2302,1,0,3341
SCC,2303,1,0,3342
SCC,2304,1,0,3343
SCC,2305,1,0,3344
SCC,2306,1,0,3345
SCC,2307,1,0,3349
SCC,2308,1,0,3350
SCC,2309,1,0,3351
SCC,2310,1,0,3353
SCC,2311,1,0,3354
SCC,2312,1,0,3355
SCC,2313,1,0,3356
SCC,2314,1,0,3357
SCC,2315,1,0,3358
SCC,2316,1,0,3359
SCC,2317,1,0,3360
SCC,2318,1,0,3361
SCC,2319,1,0,3362
SCC,2320,1,0,3363
SCC,2321,1,0,3366
SCC,2322,1,0,3367
SCC,2323,1,0,3368
SCC,2324,1,0,3369
SCC,2325,1,0,3370
SCC,2326,1,0,3371
SCC,2327,1,0,3373
SCC,2328,1,0,3374
SCC,2329,1,0,3375
SCC,2330,1,0,3376
SCC,2331,1,0,3377
SCC,2332,1,0,3378
SCC,2333,1,0,3379
SCC,2334,1,0,3380
SCC,2335,1,0,3382
SCC,2336,1,0,3383
SCC,2337,1,0,3384
SCC,2338,1,0,3385
SCC,2339,1,0,3386
SCC,2340,1,0,3388
SCC,2341,1,0,3389
SCC,2342,1,0,3390
SCC,2343,1,0,3391
SCC,2344,1,0,3392
SCC,2345,1,0,3395
SCC,2346,1,0,3396
SCC,2347,1,0,3397
SCC,2348,1,0,3398
SCC,2349,1,0,3399
SCC,2350,1,0,3400
SCC,2351,1,0,3401
SCC,2352,1,0,3402
SCC,2353,1,0,3403
SCC,2354,1,0,3405
SCC,2355,1,0,3406
SCC,2356,1,0,3407
SCC,2357,1,0,3408
SCC,2358,1,0,3410
SCC,2359,1,0,3411
SCC,2360,1,0,3412
SCC,2361,1,0,3416
SCC,2362,1,0,3418
SCC,2363,1,0,3422
SCC,2364,1,0,3423
SCC,2365,1,0,3424
SCC,2366,1,0,3425
SCC,2367,1,0,3426
SCC,2368,1,0,3427
SCC,2369,1,0,3429
SCC,2370,1,0,3434
SCC,2371,1,0,3436
SCC,2372,1,0,3437
SCC,2373,1,0,3438
SCC,2374,1,0,3440
SCC,2375,1,0,3441
SCC,2376,1,0,3444
SCC,2377,1,0,3445
SCC,2378,1,0,3446
SCC,2379,1,0,3448
SCC,2380,1,0,3449
SCC,2381,1,0,3450
SCC,2382,1,0,3451
SCC,2383,1,0,3457
SCC,2384,1,0,3462
SCC,2385,1,0,3464
SCC,2386,1,0,3466
SCC,2387,1,0,3467
SCC,2388,1,0,3468
SCC,2389,1,0,3469
SCC,2390,1,0,3470
SCC,2391,1,0,3471
SCC,2392,1,0,3472
SCC,2393,1,0,3473
SCC,2394,1,0,3475
SCC,2395,1,0,3477
SCC,2396,1,0,3478
SCC,2397,1,0,3481
SCC,2398,1,0,3482
SCC,2399,1,0,3486
SCC,2400,1,0,3487
SCC,2401,1,0,3488
SCC,2402,1,0,3489
SCC,2403,1,0,3490
SCC,2404,1,0,3491
SCC,2405,1,0,3492
SCC,2406,1,0,3493
SCC,2407,1,0,3494
SCC,2408,1,0,3495
SCC,2409,1,0,3496
SCC,2410,1,0,3497
SCC,2411,1,0,3499
SCC,2412,1,0,3500
SCC,2413,1,0,3504
SCC,2414,1,0,3506
SCC,2415,1,0,3508
SCC,2416,1,0,3509
SCC,2417,1,0,3510
SCC,2418,1,0,3511
SCC,2419,1,0,3512
SCC,2420,1,0,3513
SCC,2421,1,0,3514
SCC,2422,1,0,3515
SCC,2423,1,0,3516
SCC,2424,1,0,3518
SCC,2425,1,0,3519
SCC,2426,1,0,3520
SCC,2427,1,0,3521
SCC,2428,1,0,3522
SCC,2429,1,0,3523
SCC,2430,1,0,3524
SCC,2431,1,0,3525
SCC,2432,1,0,3526
SCC,2433,1,0,3527
SCC,2434,1,0,3528
SCC,2435,1,0,3529
SCC,2436,1,0,3530
SCC,2437,1,0,3531
SCC,2438,1,0,3532
SCC,2439,1,0,3535
SCC,2440,1,0,3536
SCC,2441,1,0,3537
SCC,2442,1,0,3539
SCC,2443,1,0,3540
SCC,2444,1,0,3542
SCC,2445,1,0,3543
SCC,2446,1,0,3544
SCC,2447,1,0,3545
SCC,2448,1,0,3547
SCC,2449,1,0,3548
SCC,2450,1,0,3549
SCC,2451,1,0,3550
SCC,2452,1,0,3551
SCC,2453,1,0,3552
SCC,2454,1,0,3553
SCC,2455,1,0,3558
SCC,2456,1,0,3560
SCC,2457,1,0,3561
SCC,2458,1,0,3563
SCC,2459,1,0,3564
SCC,2460,1,0,3565
SCC,2461,1,0,3566
SCC,2462,1,0,3569
SCC,2463,1,0,3571
SCC,2464,1,0,3577
SCC,2465,1,0,3578
SCC,2466,1,0,3579
SCC,2467,1,0,3580
SCC,2468,1,0,3581
SCC,2469,1,0,3582
SCC,2470,1,0,3583
SCC,2471,1,0,3584
SCC,2472,1,0,3585
SCC,2473,1,0,3589
SCC,2474,1,0,3590
SCC,2475,1,0,3591
SCC,2476,1,0,3592
SCC,2477,1,0,3593
SCC,2478,1,0,3594
SCC,2479,1,0,3595
SCC,2480,1,0,3596
SCC,2481,1,0,3597
SCC,2482,1,0,3598
SCC,2483,1,0,3599
SCC,2484,1,0,3600
SCC,2485,1,0,3601
SCC,2486,1,0,3602
SCC,2487,1,0,3603
SCC,2488,1,0,3604
SCC,2489,1,0,3605
SCC,2490,1,0,3606
SCC,2491,1,0,3609
SCC,2492,1,0,3610
SCC,2493,1,0,3611
SCC,2494,1,0,3613
SCC,2495,1,0,3616
SCC,2496,1,0,3617
SCC,2497,1,0,3618
SCC,2498,1,0,3619
SCC,2499,1,0,3620
SCC,2500,1,0,3621
SCC,2501,1,0,3622
SCC,2502,1,0,3623
SCC,2503,1,0,3624
SCC,2504,1,0,3625
SCC,2505,1,0,3628
SCC,2506,1,0,3630
SCC,2507,1,0,3632
SCC,2508,1,0,3633
SCC,2509,1,0,3636
SCC,2510,1,0,3637
SCC,2511,1,0,3638
SCC,2512,1,0,3639
SCC,2513,1,0,3640
SCC,2514,1,0,3641
SCC,2515,1,0,3642
SCC,2516,1,0,3647
SCC,2517,1,0,3648
SCC,2518,1,0,3649
SCC,2519,1,0,3650
SCC,2520,1,0,3651
SCC,2521,1,0,3652
SCC,2522,1,0,3653
SCC,2523,1,0,3654
SCC,2524,1,0,3655
SCC,2525,1,0,3656
SCC,2526,1,0,3657
SCC,2527,1,0,3658
SCC,2528,1,0,3659
SCC,2529,1,0,3662
SCC,2530,1,0,3663
SCC,2531,1,0,3665
SCC,2532,1,0,3666
SCC,2533,1,0,3667
SCC,2534,1,0,3668
SCC,2535,1,0,3669
SCC,2536,1,0,3670
SCC,2537,1,0,3671
SCC,2538,1,0,3673
SCC,2539,1,0,3674
SCC,2540,1,0,3675
SCC,2541,1,0,3676
SCC,2542,1,0,3677
SCC,2543,1,0,3678
SCC,2544,1,0,3679
SCC,2545,1,0,3680
SCC,2546,1,0,3682
SCC,2547,1,0,3683
SCC,2548,1,0,3684
SCC,2549,1,0,3685
SCC,2550,1,0,3686
SCC,2551,1,0,3687
SCC,2552,1,0,3688
SCC,2553,1,0,3689
SCC,2554,1,0,3690
SCC,2555,1,0,3692
SCC,2556,1,0,3693
SCC,2557,1,0,3694
SCC,2558,1,0,3695
SCC,2559,1,0,3696
SCC,2560,1,0,3697
SCC,2561,1,0,3698
SCC,2562,1,0,3700
SCC,2563,1,0,3701
SCC,2564,1,0,3702
SCC,2565,1,0,3703
SCC,2566,1,0,3704
SCC,2567,1,0,3705
SCC,2568,1,0,3706
SCC,2569,1,0,3707
SCC,2570,1,0,3708
SCC,2571,1,0,3709
SCC,2572,1,0,3711
SCC,2573,1,0,3712
SCC,2574,1,0,3713
SCC,2575,1,0,3714
SCC,2576,1,0,3715
SCC,2577,1,0,3718
SCC,2578,1,0,3719
SCC,2579,1,0,3722
SCC,2580,1,0,3723
SCC,2581,1,0,3725
SCC,2582,1,0,3727
SCC,2583,1,0,3728
SCC,2584,1,0,3729
SCC,2585,1,0,3730
SCC,2586,1,0,3731
SCC,2587,1,0,3733
SCC,2588,1,0,3735
SCC,2589,1,0,3737
SCC,2590,1,0,3742
SCC,2591,1,0,3743
SCC,2592,1,0,3744
SCC,2593,1,0,3745
SCC,2594,1,0,3746
SCC,2595,1,0,3747
SCC,2596,1,0,3749
SCC,2597,1,0,3750
SCC,2598,1,0,3751
SCC,2599,1,0,3753
SCC,2600,1,0,3754
SCC,2601,1,0,3755
SCC,2602,1,0,3757
SCC,2603,1,0,3758
SCC,2604,1,0,3759
SCC,2605,1,0,3760
SCC,2606,1,0,3761
SCC,2607,1,0,3762
SCC,2608,1,0,3763
SCC,2609,1,0,3764
SCC,2610,1,0,3765
SCC,2611,1,0,3766
SCC,2612,1,0,3767
SCC,2613,1,0,3769
SCC,2614,1,0,3771
SCC,2615,1,0,3772
SCC,2616,1,0,3774
SCC,2617,1,0,3775
SCC,2618,1,0,3776
SCC,2619,1,0,3777
SCC,2620,1,0,3779
SCC,2621,1,0,3780
SCC,2622,1,0,3781
SCC,2623,1,0,3782
SCC,2624,1,0,3783
SCC,2625,1,0,3784
SCC,2626,1,0,3786
SCC,2627,1,0,3788
SCC,2628,1,0,3791
SCC,2629,1,0,3794
SCC,2630,1,0,3795
SCC,2631,1,0,3797
SCC,2632,1,0,3798
SCC,2633,1,0,3799
SCC,2634,1,0,3801
SCC,2635,1,0,3802
SCC,2636,1,0,3805
SCC,2637,1,0,3807
SCC,2638,1,0,3808
SCC,2639,1,0,3810
SCC,2640,1,0,3811
SCC,2641,1,0,3814
SCC,2642,1,0,3815
SCC,2643,1,0,3816
SCC,2644,1,0,3817
SCC,2645,1,0,3819
SCC,2646,1,0,3821
SCC,2647,1,0,3822
SCC,2648,1,0,3823
SCC,2649,1,0,3824
SCC,2650,1,0,3825
SCC,2651,1,0,3827
SCC,2652,1,0,3829
SCC,2653,1,0,3833
SCC,2654,1,0,3834
SCC,2655,1,0,3836
SCC,2656,1,0,3837
SCC,2657,1,0,3839
SCC,2658,1,0,3840
SCC,2659,1,0,3841
SCC,2660,1,0,3844
SCC,2661,1,0,3845
SCC,2662,1,0,3847
SCC,2663,1,0,3848
SCC,2664,1,0,3849
SCC,2665,1,0,3850
SCC,2666,1,0,3851
SCC,2667,1,0,3855
SCC,2668,1,0,3856
SCC,2669,1,0,3858
SCC,2670,1,0,3862
SCC,2671,1,0,3863
SCC,2672,1,0,3864
SCC,2673,1,0,3865
SCC,2674,1,0,3867
SCC,2675,1,0,3869
SCC,2676,1,0,3870
SCC,2677,1,0,3872
SCC,2678,1,0,3875
SCC,2679,1,0,3876
SCC,2680,1,0,3877
SCC,2681,1,0,3878
SCC,2682,1,0,3880
SCC,2683,1,0,3881
SCC,2684,1,0,3882
SCC,2685,1,0,3883
SCC,2686,1,0,3886
SCC,2687,1,0,3887
SCC,2688,1,0,3888
SCC,2689,1,0,3889
SCC,2690,1,0,3890
SCC,2691,1,0,3891
SCC,2692,1,0,3892
SCC,2693,1,0,3893
SCC,2694,1,0,3894
SCC,2695,1,0,3895
SCC,2696,1,0,3896
SCC,2697,1,0,3900
SCC,2698,1,0,3901
SCC,2699,1,0,3902
SCC,2700,1,0,3903
SCC,2701,1,0,3904
SCC,2702,1,0,3905
SCC,2703,1,0,3906
SCC,2704,1,0,3907
SCC,2705,1,0,3908
SCC,2706,1,0,3909
SCC,2707,1,0,3914
SCC,2708,1,0,3916
SCC,2709,1,0,3917
SCC,2710,1,0,3918
SCC,2711,1,0,3920
SCC,2712,1,0,3921
SCC,2713,1,0,3923
SCC,2714,1,0,3924
SCC,2715,1,0,3925
SCC,2716,1,0,3926
SCC,2717,1,0,3927
SCC,2718,1,0,3928
SCC,2719,1,0,3929
SCC,2720,1,0,3930
SCC,2721,1,0,3931
SCC,2722,1,0,3932
SCC,2723,1,0,3933
SCC,2724,1,0,3935
SCC,2725,1,0,3936
SCC,2726,1,0,3937
SCC,2727,1,0,3939
SCC,2728,1,0,3941
SCC,2729,1,0,3942
SCC,2730,1,0,3943
SCC,2731,1,0,3944
SCC,2732,1,0,3945
SCC,2733,1,0,3946
SCC,2734,1,0,3947
SCC,2735,1,0,3948
SCC,2736,1,0,3952
SCC,2737,1,0,3953
SCC,2738,1,0,3954
SCC,2739,1,0,3955
SCC,2740,1,0,3957
SCC,2741,1,0,3959
SCC,2742,1,0,3960
SCC,2743,1,0,3961
SCC,2744,1,0,3963
SCC,2745,1,0,3964
SCC,2746,1,0,3965
SCC,2747,1,0,3966
SCC,2748,1,0,3967
SCC,2749,1,0,3968
SCC,2750,1,0,3970
SCC,2751,1,0,3974
SCC,2752,1,0,3977
SCC,2753,1,0,3978
SCC,2754,1,0,3979
SCC,2755,1,0,3981
SCC,2756,1,0,3982
SCC,2757,1,0,3983
SCC,2758,1,0,3984
SCC,2759,1,0,3985
SCC,2760,1,0,3986
SCC,2761,1,0,3987
SCC,2762,1,0,3989
SCC,2763,1,0,3990
SCC,2764,1,0,3991
SCC,2765,1,0,3992
SCC,2766,1,0,3995
SCC,2767,1,0,3997
SCC,2768,1,0,3998
SCC,2769,1,0,4000
SCC,2770,1,0,4001
SCC,2771,1,0,4005
SCC,2772,1,0,4006
SCC,2773,1,0,4007
SCC,2774,1,0,4008
SCC,2775,1,0,4010
SCC,2776,1,0,4011
SCC,2777,1,0,4012
SCC,2778,1,0,4014
SCC,2779,1,0,4015
SCC,2780,1,0,4016
SCC,2781,1,0,4019
SCC,2782,1,0,4020
SCC,2783,1,0,4021
SCC,2784,1,0,4023
SCC,2785,1,0,4025
SCC,2786,1,0,4026
SCC,2787,1,0,4027
SCC,2788,1,0,4028
SCC,2789,1,0,4030
SCC,2790,1,0,4031
SCC,2791,1,0,4034
SCC,2792,1,0,4035
SCC,2793,1,0,4036
SCC,2794,1,0,4038
SCC,2795,1,0,4039
SCC,2796,1,0,4042
SCC,2797,1,0,4043
SCC,2798,1,0,4045
SCC,2799,1,0,4046
SCC,2800,1,0,4047
SCC,2801,1,0,4048
SCC,2802,1,0,4049
SCC,2803,1,0,4050
SCC,2804,1,0,4051
SCC,2805,1,0,4053
SCC,2806,1,0,4056
SCC,2807,1,0,4057
SCC,2808,1,0,4058
SCC,2809,1,0,4059
SCC,2810,1,0,4061
SCC,2811,1,0,4062
SCC,2812,1,0,4063
SCC,2813,1,0,4064
SCC,2814,1,0,4066
SCC,2815,1,0,4067
SCC,2816,1,0,4069
SCC,2817,1,0,4070
SCC,2818,1,0,4073
SCC,2819,1,0,4074
SCC,2820,1,0,4075
SCC,2821,1,0,4076
SCC,2822,1,0,4077
SCC,2823,1,0,4079
SCC,2824,1,0,4080
SCC,2825,1,0,4082
SCC,2826,1,0,4083
SCC,2827,1,0,4085
SCC,2828,1,0,4086
SCC,2829,1,0,4088
SCC,2830,1,0,4089
SCC,2831,1,0,4090
SCC,2832,1,0,4091
SCC,2833,1,0,4092
SCC,2834,1,0,4093
SCC,2835,1,0,4095
SCC,2836,1,0,4096
SCC,2837,1,0,4097
SCC,2838,1,0,4100
SCC,2839,1,0,4104
SCC,2840,1,0,4105
SCC,2841,1,0,4106
SCC,2842,1,0,4107
SCC,2843,1,0,4108
SCC,2844,1,0,4109
SCC,2845,1,0,4116
SCC,2846,1,0,4117
SCC,2847,1,0,4119
SCC,2848,1,0,4120
SCC,2849,1,0,4121
SCC,2850,1,0,4122
SCC,2851,1,0,4123
SCC,2852,1,0,4125
SCC,2853,1,0,4126
SCC,2854,1,0,4128
SCC,2855,1,0,4129
SCC,2856,1,0,4130
SCC,2857,1,0,4131
SCC,2858,1,0,4132
SCC,2859,1,0,4133
SCC,2860,1,0,4135
SCC,2861,1,0,4136
SCC,2862,1,0,4137
SCC,2863,1,0,4139
SCC,2864,1,0,4140
SCC,2865,1,0,4141
SCC,2866,1,0,4142
SCC,2867,1,0,4143
SCC,2868,1,0,4144
SCC,2869,1,0,4145
SCC,2870,1,0,4146
SCC,2871,1,0,4147
SCC,2872,1,0,4148
SCC,2873,1,0,4149
SCC,2874,1,0,4150
SCC,2875,1,0,4151
SCC,2876,1,0,4152
SCC,2877,1,0,4153
SCC,2878,1,0,4154
SCC,2879,1,0,4155
SCC,2880,1,0,4159
SCC,2881,1,0,4163
SCC,2882,1,0,4164
SCC,2883,1,0,4165
SCC,2884,1,0,4166
SCC,2885,1,0,4167
SCC,2886,1,0,4168
SCC,2887,1,0,4169
SCC,2888,1,0,4170
SCC,2889,1,0,4171
SCC,2890,1,0,4173
SCC,2891,1,0,4174
SCC,2892,1,0,4176
SCC,2893,1,0,4177
SCC,2894,1,0,4178
SCC,2895,1,0,4179
SCC,2896,1,0,4180
SCC,2897,1,0,4181
SCC,2898,1,0,4183
SCC,2899,1,0,4184
SCC,2900,1,0,4185
SCC,2901,1,0,4186
SCC,2902,1,0,4187
SCC,2903,1,0,4188
SCC,2904,1,0,4190
SCC,2905,1,0,4192
SCC,2906,1,0,4194
SCC,2907,1,0,4195
SCC,2908,1,0,4197
SCC,2909,1,0,4198
SCC,2910,1,0,4200
SCC,2911,1,0,4202
SCC,2912,1,0,4203
SCC,2913,1,0,4204
SCC,2914,1,0,4205
SCC,2915,1,0,4206
SCC,2916,1,0,4207
SCC,2917,1,0,4208
SCC,2918,1,0,4209
SCC,2919,1,0,4210
SCC,2920,1,0,4213
SCC,2921,1,0,4214
SCC,2922,1,0,4215
SCC,2923,1,0,4216
SCC,2924,1,0,4217
SCC,2925,1,0,4218
SCC,2926,1,0,4221
SCC,2927,1,0,4222
SCC,2928,1,0,4223
SCC,2929,1,0,4224
SCC,2930,1,0,4225
SCC,2931,1,0,4228
SCC,2932,1,0,4229
SCC,2933,1,0,4232
SCC,2934,1,0,4235
SCC,2935,1,0,4236
SCC,2936,1,0,4237
SCC,2937,1,0,4238
SCC,2938,1,0,4240
SCC,2939,1,0,4241
SCC,2940,1,0,4242
SCC,2941,1,0,4243
SCC,2942,1,0,4244
SCC,2943,1,0,4245
SCC,2944,1,0,4246
SCC,2945,1,0,4247
SCC,2946,1,0,4248
SCC,2947,1,0,4249
SCC,2948,1,0,4250
SCC,2949,1,0,4251
SCC,2950,1,0,4252
SCC,2951,1,0,4254
SCC,2952,1,0,4255
SCC,2953,1,0,4256
SCC,2954,1,0,4257
SCC,2955,1,0,4259
SCC,2956,1,0,4260
SCC,2957,1,0,4264
SCC,2958,1,0,4265
SCC,2959,1,0,4267
SCC,2960,1,0,4272
SCC,2961,1,0,4273
SCC,2962,1,0,4274
SCC,2963,1,0,4275
SCC,2964,1,0,4277
SCC,2965,1,0,4278
SCC,2966,1,0,4279
SCC,2967,1,0,4280
SCC,2968,1,0,4282
SCC,2969,1,0,4283
SCC,2970,1,0,4284
SCC,2971,1,0,4285
SCC,2972,1,0,4289
SCC,2973,1,0,4291
SCC,2974,1,0,4292
SCC,2975,1,0,4295
SCC,2976,1,0,4296
SCC,2977,1,0,4299
SCC,2978,1,0,4303
SCC,2979,1,0,4304
SCC,2980,1,0,4305
SCC,2981,1,0,4306
SCC,2982,1,0,4307
SCC,2983,1,0,4308
SCC,2984,1,0,4311
SCC,2985,1,0,4312
SCC,2986,1,0,4313
SCC,2987,1,0,4314
SCC,2988,1,0,4316
SCC,2989,1,0,4317
SCC,2990,1,0,4318
SCC,2991,1,0,4319
SCC,2992,1,0,4320
SCC,2993,1,0,4321
SCC,2994,1,0,4322
SCC,2995,1,0,4323
SCC,2996,1,0,4324
SCC,2997,1,0,4325
SCC,2998,1,0,4326
SCC,2999,1,0,4327
SCC,3000,1,0,4328
SCC,3001,1,0,4329
SCC,3002,1,0,4332
SCC,3003,1,0,4333
SCC,3004,1,0,4334
SCC,3005,1,0,4336
SCC,3006,1,0,4337
SCC,3007,1,0,4340
SCC,3008,1,0,4341
SCC,3009,1,0,4342
SCC,3010,1,0,4343
SCC,3011,1,0,4344
SCC,3012,1,0,4345
SCC,3013,1,0,4346
SCC,3014,1,0,4347
SCC,3015,1,0,4348
SCC,3016,1,0,4349
SCC,3017,1,0,4352
SCC,3018,1,0,4353
SCC,3019,1,0,4354
SCC,3020,1,0,4357
SCC,3021,1,0,4358
SCC,3022,1,0,4359
SCC,3023,1,0,4360
SCC,3024,1,0,4362
SCC,3025,1,0,4363
SCC,3026,1,0,4364
SCC,3027,1,0,4365
SCC,3028,1,0,4366
SCC,3029,1,0,4368
SCC,3030,1,0,4369
SCC,3031,1,0,4370
SCC,3032,1,0,4371
SCC,3033,1,0,4372
SCC,3034,1,0,4373
SCC,3035,1,0,4375
SCC,3036,1,0,4377
SCC,3037,1,0,4378
SCC,3038,1,0,4379
SCC,3039,1,0,4380
SCC,3040,1,0,4381
SCC,3041,1,0,4382
SCC,3042,1,0,4383
SCC,3043,1,0,4384
SCC,3044,1,0,4385
SCC,3045,1,0,4386
SCC,3046,1,0,4389
SCC,3047,1,0,4393
SCC,3048,1,0,4394
SCC,3049,1,0,4395
SCC,3050,1,0,4396
SCC,3051,1,0,4397
SCC,3052,1,0,4398
SCC,3053,1,0,4399
SCC,3054,1,0,4402
SCC,3055,1,0,4403
SCC,3056,1,0,4404
SCC,3057,1,0,4405
SCC,3058,1,0,4406
SCC,3059,1,0,4407
SCC,3060,1,0,4408
SCC,3061,1,0,4409
SCC,3062,1,0,4411
SCC,3063,1,0,4413
SCC,3064,1,0,4414
SCC,3065,1,0,4415
SCC,3066,1,0,4416
SCC,3067,1,0,4417
SCC,3068,1,0,4418
SCC,3069,1,0,4423
SCC,3070,1,0,4424
SCC,3071,1,0,4425
SCC,3072,1,0,4426
SCC,3073,1,0,4427
SCC,3074,1,0,4428
SCC,3075,1,0,4429
SCC,3076,1,0,4430
SCC,3077,1,0,4431
SCC,3078,1,0,4433
SCC,3079,1,0,4434
SCC,3080,1,0,4436
SCC,3081,1,0,4437
SCC,3082,1,0,4438
SCC,3083,1,0,4439
SCC,3084,1,0,4440
SCC,3085,1,0,4442
SCC,3086,1,0,4443
SCC,3087,1,0,4444
SCC,3088,1,0,4445
SCC,3089,1,0,4446
SCC,3090,1,0,4447
SCC,3091,1,0,4449
SCC,3092,1,0,4450
SCC,3093,1,0,4451
SCC,3094,1,0,4452
SCC,3095,1,0,4453
SCC,3096,1,0,4454
SCC,3097,1,0,4455
SCC,3098,1,0,4456
SCC,3099,1,0,4457
SCC,3100,1,0,4458
SCC,3101,1,0,4459
SCC,3102,1,0,4460
SCC,3103,1,0,4461
SCC,3104,1,0,4462
SCC,3105,1,0,4463
SCC,3106,1,0,4464
SCC,3107,1,0,4465
SCC,3108,1,0,4466
SCC,3109,1,0,4467
SCC,3110,1,0,4469
SCC,3111,1,0,4470
SCC,3112,1,0,4473
SCC,3113,1,0,4474
SCC,3114,1,0,4475
SCC,3115,1,0,4476
SCC,3116,1,0,4477
SCC,3117,1,0,4478
SCC,3118,1,0,4479
SCC,3119,1,0,4480
SCC,3120,1,0,4481
SCC,3121,1,0,4486
SCC,3122,1,0,4487
SCC,3123,1,0,4489
SCC,3124,1,0,4490
SCC,3125,1,0,4491
SCC,3126,1,0,4492
SCC,3127,1,0,4493
SCC,3128,1,0,4494
SCC,3129,1,0,4495
SCC,3130,1,0,4496
SCC,3131,1,0,4497
SCC,3132,1,0,4498
SCC,3133,1,0,4502
SCC,3134,1,0,4503
SCC,3135,1,0,4504
SCC,3136,1,0,4508
SCC,3137,1,0,4509
SCC,3138,1,0,4510
SCC,3139,1,0,4511
SCC,3140,1,0,4516
SCC,3141,1,0,4521
SCC,3142,1,0,4523
SCC,3143,1,0,4524
SCC,3144,1,0,4526
SCC,3145,1,0,4528
SCC,3146,1,0,4529
SCC,3147,1,0,4532
SCC,3148,1,0,4533
SCC,3149,1,0,4535
SCC,3150,1,0,4538
SCC,3151,1,0,4539
SCC,3152,1,0,4540
SCC,3153,1,0,4541
SCC,3154,1,0,4542
SCC,3155,1,0,4543
SCC,3156,1,0,4544
SCC,3157,1,0,4545
SCC,3158,1,0,4551
SCC,3159,1,0,4552
SCC,3160,1,0,4553
SCC,3161,1,0,4554
SCC,3162,1,0,4555
SCC,3163,1,0,4556
SCC,3164,1,0,4558
SCC,3165,1,0,4560
SCC,3166,1,0,4561
SCC,3167,1,0,4562
SCC,3168,1,0,4563
SCC,3169,1,0,4564
SCC,3170,1,0,4565
SCC,3171,1,0,4566
SCC,3172,1,0,4567
SCC,3173,1,0,4568
SCC,3174,1,0,4569
SCC,3175,1,0,4575
SCC,3176,1,0,4576
SCC,3177,1,0,4577
SCC,3178,1,0,4578
SCC,3179,1,0,4580
SCC,3180,1,0,4581
SCC,3181,1,0,4582
SCC,3182,1,0,4583
SCC,3183,1,0,4584
SCC,3184,1,0,4586
SCC,3185,1,0,4591
SCC,3186,1,0,4592
SCC,3187,1,0,4593
SCC,3188,1,0,4594
SCC,3189,1,0,4595
SCC,3190,1,0,4596
SCC,3191,1,0,4597
SCC,3192,1,0,4598
SCC,3193,1,0,4599
SCC,3194,1,0,4601
SCC,3195,1,0,4602
SCC,3196,1,0,4603
SCC,3197,1,0,4605
SCC,3198,1,0,4607
SCC,3199,1,0,4608
SCC,3200,1,0,4609
SCC,3201,1,0,4611
SCC,3202,1,0,4612
SCC,3203,1,0,4613
SCC,3204,1,0,4615
SCC,3205,1,0,4616
SCC,3206,1,0,4617
SCC,3207,1,0,4618
SCC,3208,1,0,4619
SCC,3209,1,0,4620
SCC,3210,1,0,4621
SCC,3211,1,0,4622
SCC,3212,1,0,4623
SCC,3213,1,0,4624
SCC,3214,1,0,4626
SCC,3215,1,0,4627
SCC,3216,1,0,4629
SCC,3217,1,0,4630
SCC,3218,1,0,4631
SCC,3219,1,0,4633
SCC,3220,1,0,4635
SCC,3221,1,0,4636
SCC,3222,1,0,4638
SCC,3223,1,0,4639
SCC,3224,1,0,4640
SCC,3225,1,0,4641
SCC,3226,1,0,4644
SCC,3227,1,0,4645
SCC,3228,1,0,4646
SCC,3229,1,0,4647
SCC,3230,1,0,4648
SCC,3231,1,0,4649
SCC,3232,1,0,4650
SCC,3233,1,0,4651
SCC,3234,1,0,4652
SCC,3235,1,0,4655
SCC,3236,1,0,4658
SCC,3237,1,0,4659
SCC,3238,1,0,4660
SCC,3239,1,0,4663
SCC,3240,1,0,4664
SCC,3241,1,0,4665
SCC,3242,1,0,4667
SCC,3243,1,0,4668
SCC,3244,1,0,4669
SCC,3245,1,0,4670
SCC,3246,1,0,4671
SCC,3247,1,0,4672
SCC,3248,1,0,4673
SCC,3249,1,0,4674
SCC,3250,1,0,4675
SCC,3251,1,0,4677
SCC,3252,1,0,4678
SCC,3253,1,0,4681
SCC,3254,1,0,4682
SCC,3255,1,0,4683
SCC,3256,1,0,4684
SCC,3257,1,0,4686
SCC,3258,1,0,4688
SCC,3259,1,0,4692
SCC,3260,1,0,4693
SCC,3261,1,0,4694
SCC,3262,1,0,4695
SCC,3263,1,0,4696
SCC,3264,1,0,4697
SCC,3265,1,0,4698
SCC,3266,1,0,4699
SCC,3267,1,0,4700
SCC,3268,1,0,4701
SCC,3269,1,0,4702
SCC,3270,1,0,4703
SCC,3271,1,0,4704
SCC,3272,1,0,4705
SCC,3273,1,0,4707
SCC,3274,1,0,4708
SCC,3275,1,0,4710
SCC,3276,1,0,4711
SCC,3277,1,0,4713
SCC,3278,1,0,4714
SCC,3279,1,0,4716
SCC,3280,1,0,4718
SCC,3281,1,0,4719
SCC,3282,1,0,4720
SCC,3283,1,0,4721
SCC,3284,1,0,4723
SCC,3285,1,0,4725
SCC,3286,1,0,4726
SCC,3287,1,0,4727
SCC,3288,1,0,4728
SCC,3289,1,0,4733
SCC,3290,1,0,4735
SCC,3291,1,0,4736
SCC,3292,1,0,4737
SCC,3293,1,0,4738
SCC,3294,1,0,4739
SCC,3295,1,0,4740
SCC,3296,1,0,4741
SCC,3297,1,0,4742
SCC,3298,1,0,4743
SCC,3299,1,0,4744
SCC,3300,1,0,4745
SCC,3301,1,0,4746
SCC,3302,1,0,4749
SCC,3303,1,0,4750
SCC,3304,1,0,4751
SCC,3305,1,0,4752
SCC,3306,1,0,4753
SCC,3307,1,0,4754
SCC,3308,1,0,4755
SCC,3309,1,0,4756
SCC,3310,1,0,4757
SCC,3311,1,0,4759
SCC,3312,1,0,4760
SCC,3313,1,0,4761
SCC,3314,1,0,4762
SCC,3315,1,0,4763
SCC,3316,1,0,4765
SCC,3317,1,0,4766
SCC,3318,1,0,4767
SCC,3319,1,0,4771
SCC,3320,1,0,4773
SCC,3321,1,0,4774
SCC,3322,1,0,4776
SCC,3323,1,0,4778
SCC,3324,1,0,4779
SCC,3325,1,0,4780
SCC,3326,1,0,4782
SCC,3327,1,0,4783
SCC,3328,1,0,4785
SCC,3329,1,0,4787
SCC,3330,1,0,4788
SCC,3331,1,0,4789
SCC,3332,1,0,4790
SCC,3333,1,0,4793
SCC,3334,1,0,4794
SCC,3335,1,0,4797
SCC,3336,1,0,4799
SCC,3337,1,0,4800
SCC,3338,1,0,4801
SCC,3339,1,0,4803
SCC,3340,1,0,4804
SCC,3341,1,0,4805
SCC,3342,1,0,4806
SCC,3343,1,0,4807
SCC,3344,1,0,4808
SCC,3345,1,0,4809
SCC,3346,1,0,4810
SCC,3347,1,0,4811
SCC,3348,1,0,4813
SCC,3349,1,0,4815
SCC,3350,1,0,4816
SCC,3351,1,0,4817
SCC,3352,1,0,4818
SCC,3353,1,0,4819
SCC,3354,1,0,4820
SCC,3355,1,0,4821
SCC,3356,1,0,4822
SCC,3357,1,0,4823
SCC,3358,1,0,4825
SCC,3359,1,0,4826
SCC,3360,1,0,4829
SCC,3361,1,0,4830
SCC,3362,1,0,4831
SCC,3363,1,0,4832
SCC,3364,1,0,4833
SCC,3365,1,0,4834
SCC,3366,1,0,4835
SCC,3367,1,0,4836
SCC,3368,1,0,4837
SCC,3369,1,0,4838
SCC,3370,1,0,4839
SCC,3371,1,0,4840
SCC,3372,1,0,4841
SCC,3373,1,0,4842
SCC,3374,1,0,4843
SCC,3375,1,0,4844
SCC,3376,1,0,4845
SCC,3377,1,0,4847
SCC,3378,1,0,4848
SCC,3379,1,0,4849
SCC,3380,1,0,4850
SCC,3381,1,0,4851
SCC,3382,1,0,4852
SCC,3383,1,0,4853
SCC,3384,1,0,4854
SCC,3385,1,0,4855
SCC,3386,1,0,4856
SCC,3387,1,0,4857
SCC,3388,1,0,4858
SCC,3389,1,0,4859
SCC,3390,1,0,4860
SCC,3391,1,0,4861
SCC,3392,1,0,4862
SCC,3393,1,0,4863
SCC,3394,1,0,4864
SCC,3395,1,0,4867
SCC,3396,1,0,4868
SCC,3397,1,0,4869
SCC,3398,1,0,4870
SCC,3399,1,0,4871
SCC,3400,1,0,4872
SCC,3401,1,0,4873
SCC,3402,1,0,4874
SCC,3403,1,0,4875
SCC,3404,1,0,4876
SCC,3405,1,0,4880
SCC,3406,1,0,4881
SCC,3407,1,0,4882
SCC,3408,1,0,4883
SCC,3409,1,0,4885
SCC,3410,1,0,4886
SCC,3411,1,0,4887
SCC,3412,1,0,4889
SCC,3413,1,0,4890
SCC,3414,1,0,4891
SCC,3415,1,0,4893
SCC,3416,1,0,4894
SCC,3417,1,0,4896
SCC,3418,1,0,4897
SCC,3419,1,0,4898
SCC,3420,1,0,4900
SCC,3421,1,0,4901
SCC,3422,1,0,4903
SCC,3423,1,0,4904
SCC,3424,1,0,4905
SCC,3425,1,0,4906
SCC,3426,1,0,4908
SCC,3427,1,0,4909
SCC,3428,1,0,4910
SCC,3429,1,0,4911
SCC,3430,1,0,4912
SCC,3431,1,0,4913
SCC,3432,1,0,4914
SCC,3433,1,0,4915
SCC,3434,1,0,4916
SCC,3435,1,0,4917
SCC,3436,1,0,4918
SCC,3437,1,0,4919
SCC,3438,1,0,4920
SCC,3439,1,0,4921
SCC,3440,1,0,4922
SCC,3441,1,0,4923
SCC,3442,1,0,4924
SCC,3443,1,0,4925
SCC,3444,1,0,4926
SCC,3445,1,0,4927
SCC,3446,1,0,4931
SCC,3447,1,0,4932
SCC,3448,1,0,4933
SCC,3449,1,0,4935
SCC,3450,1,0,4936
SCC,3451,1,0,4937
SCC,3452,1,0,4940
SCC,3453,1,0,4942
SCC,3454,1,0,4943
SCC,3455,1,0,4945
SCC,3456,1,0,4946
SCC,3457,1,0,4947
SCC,3458,1,0,4948
SCC,3459,1,0,4950
SCC,3460,1,0,4951
SCC,3461,1,0,4952
SCC,3462,1,0,4953
SCC,3463,1,0,4954
SCC,3464,1,0,4957
SCC,3465,1,0,4960
SCC,3466,1,0,4962
SCC,3467,1,0,4963
SCC,3468,1,0,4965
SCC,3469,1,0,4967
SCC,3470,1,0,4969
SCC,3471,1,0,4970
SCC,3472,1,0,4971
SCC,3473,1,0,4972
SCC,3474,1,0,4973
SCC,3475,1,0,4974
SCC,3476,1,0,4975
SCC,3477,1,0,4976
SCC,3478,1,0,4978
SCC,3479,1,0,4979
SCC,3480,1,0,4982
SCC,3481,1,0,4985
SCC,3482,1,0,4987
SCC,3483,1,0,4988
SCC,3484,1,0,4989
SCC,3485,1,0,4991
SCC,3486,1,0,4995
SCC,3487,1,0,4996
SCC,3488,1,0,4999
SCC,3489,1,0,5000
SCC,3490,1,0,5001
SCC,3491,1,0,5003
SCC,3492,1,0,5005
SCC,3493,1,0,5006
SCC,3494,1,0,5008
SCC,3495,1,0,5009
SCC,3496,1,0,5010
SCC,3497,1,0,5011
SCC,3498,1,0,5013
SCC,3499,1,0,5015
SCC,3500,1,0,5016
SCC,3501,1,0,5017
SCC,3502,1,0,5018
SCC,3503,1,0,5019
SCC,3504,1,0,5024
SCC,3505,1,0,5026
SCC,3506,1,0,5029
SCC,3507,1,0,5031
SCC,3508,1,0,5032
SCC,3509,1,0,5033
SCC,3510,1,0,5035
SCC,3511,1,0,5036
SCC,3512,1,0,5038
SCC,3513,1,0,5039
SCC,3514,1,0,5040
SCC,3515,1,0,5044
SCC,3516,1,0,5045
SCC,3517,1,0,5046
SCC,3518,1,0,5047
SCC,3519,1,0,5048
SCC,3520,1,0,5050
SCC,3521,1,0,5051
SCC,3522,1,0,5052
SCC,3523,1,0,5053
SCC,3524,1,0,5054
SCC,3525,1,0,5055
SCC,3526,1,0,5057
SCC,3527,1,0,5058
SCC,3528,1,0,5059
SCC,3529,1,0,5060
SCC,3530,1,0,5062
SCC,3531,1,0,5063
SCC,3532,1,0,5065
SCC,3533,1,0,5067
SCC,3534,1,0,5068
SCC,3535,1,0,5069
SCC,3536,1,0,5070
SCC,3537,1,0,5071
SCC,3538,1,0,5073
SCC,3539,1,0,5075
SCC,3540,1,0,5077
SCC,3541,1,0,5078
SCC,3542,1,0,5080
SCC,3543,1,0,5081
SCC,3544,1,0,5083
SCC,3545,1,0,5084
SCC,3546,1,0,5085
SCC,3547,1,0,5086
SCC,3548,1,0,5087
SCC,3549,1,0,5088
SCC,3550,1,0,5089
SCC,3551,1,0,5090
SCC,3552,1,0,5091
SCC,3553,1,0,5092
SCC,3554,1,0,5093
SCC,3555,1,0,5095
SCC,3556,1,0,5097
SCC,3557,1,0,5098
SCC,3558,1,0,5099
SCC,3559,1,0,5100
SCC,3560,1,0,5102
SCC,3561,1,0,5104
SCC,3562,1,0,5105
SCC,3563,1,0,5109
SCC,3564,1,0,5110
SCC,3565,1,0,5111
SCC,3566,1,0,5112
SCC,3567,1,0,5114
SCC,3568,1,0,5115
SCC,3569,1,0,5116
SCC,3570,1,0,5117
SCC,3571,1,0,5118
SCC,3572,1,0,5119
SCC,3573,1,0,5120
SCC,3574,1,0,5122
SCC,3575,1,0,5124
SCC,3576,1,0,5125
SCC,3577,1,0,5126
SCC,3578,1,0,5127
SCC,3579,1,0,5128
SCC,3580,1,0,5129
SCC,3581,1,0,5130
SCC,3582,1,0,5132
SCC,3583,1,0,5133
SCC,3584,1,0,5135
SCC,3585,1,0,5136
SCC,3586,1,0,5138
SCC,3587,1,0,5139
SCC,3588,1,0,5141
SCC,3589,1,0,5142
SCC,3590,1,0,5143
SCC,3591,1,0,5144
SCC,3592,1,0,5145
SCC,3593,1,0,5146
SCC,3594,1,0,5148
SCC,3595,1,0,5150
SCC,3596,1,0,5151
SCC,3597,1,0,5152
SCC,3598,1,0,5153
SCC,3599,1,0,5154
SCC,3600,1,0,5158
SCC,3601,1,0,5159
SCC,3602,1,0,5160
SCC,3603,1,0,5161
SCC,3604,1,0,5163
SCC,3605,1,0,5164
SCC,3606,1,0,5166
SCC,3607,1,0,5167
SCC,3608,1,0,5171
SCC,3609,1,0,5172
SCC,3610,1,0,5173
SCC,3611,1,0,5174
SCC,3612,1,0,5175
SCC,3613,1,0,5177
SCC,3614,1,0,5180
SCC,3615,1,0,5181
SCC,3616,1,0,5183
SCC,3617,1,0,5184
SCC,3618,1,0,5185
SCC,3619,1,0,5186
SCC,3620,1,0,5187
SCC,3621,1,0,5190
SCC,3622,1,0,5191
SCC,3623,1,0,5192
SCC,3624,1,0,5193
SCC,3625,1,0,5194
SCC,3626,1,0,5195
SCC,3627,1,0,5196
SCC,3628,1,0,5197
SCC,3629,1,0,5198
SCC,3630,1,0,5201
SCC,3631,1,0,5202
SCC,3632,1,0,5203
SCC,3633,1,0,5204
SCC,3634,1,0,5207
SCC,3635,1,0,5208
SCC,3636,1,0,5209
SCC,3637,1,0,5210
SCC,3638,1,0,5213
SCC,3639,1,0,5214
SCC,3640,1,0,5216
SCC,3641,1,0,5217
SCC,3642,1,0,5218
SCC,3643,1,0,5219
SCC,3644,1,0,5220
SCC,3645,1,0,5221
SCC,3646,1,0,5224
SCC,3647,1,0,5225
SCC,3648,1,0,5227
SCC,3649,1,0,5228
SCC,3650,1,0,5229
SCC,3651,1,0,5230
SCC,3652,1,0,5231
SCC,3653,1,0,5232
SCC,3654,1,0,5238
SCC,3655,1,0,5239
SCC,3656,1,0,5240
SCC,3657,1,0,5241
SCC,3658,1,0,5242
SCC,3659,1,0,5243
SCC,3660,1,0,5244
SCC,3661,1,0,5245
SCC,3662,1,0,5247
SCC,3663,1,0,5248
SCC,3664,1,0,5249
SCC,3665,1,0,5250
SCC,3666,1,0,5251
SCC,3667,1,0,5252
SCC,3668,1,0,5253
SCC,3669,1,0,5260
SCC,3670,1,0,5261
SCC,3671,1,0,5264
SCC,3672,1,0,5265
SCC,3673,1,0,5269
SCC,3674,1,0,5271
SCC,3675,1,0,5274
SCC,3676,1,0,5275
SCC,3677,1,0,5276
SCC,3678,1,0,5277
SCC,3679,1,0,5278
SCC,3680,1,0,5280
SCC,3681,1,0,5281
SCC,3682,1,0,5282
SCC,3683,1,0,5283
SCC,3684,1,0,5284
SCC,3685,1,0,5286
SCC,3686,1,0,5287
SCC,3687,1,0,5288
SCC,3688,1,0,5290
SCC,3689,1,0,5291
SCC,3690,1,0,5294
SCC,3691,1,0,5298
SCC,3692,1,0,5299
SCC,3693,1,0,5300
SCC,3694,1,0,5303
SCC,3695,1,0,5305
SCC,3696,1,0,5308
SCC,3697,1,0,5309
SCC,3698,1,0,5310
SCC,3699,1,0,5311
SCC,3700,1,0,5313
SCC,3701,1,0,5314
SCC,3702,1,0,5315
SCC,3703,1,0,5316
SCC,3704,1,0,5317
SCC,3705,1,0,5320
SCC,3706,1,0,5322
SCC,3707,1,0,5324
SCC,3708,1,0,5326
SCC,3709,1,0,5327
SCC,3710,1,0,5328
SCC,3711,1,0,5329
SCC,3712,1,0,5330
SCC,3713,1,0,5332
SCC,3714,1,0,5333
SCC,3715,1,0,5334
SCC,3716,1,0,5335
SCC,3717,1,0,5336
SCC,3718,1,0,5337
SCC,3719,1,0,5339
SCC,3720,1,0,5342
SCC,3721,1,0,5343
SCC,3722,1,0,5344
SCC,3723,1,0,5345
SCC,3724,1,0,5346
SCC,3725,1,0,5347
SCC,3726,1,0,5348
SCC,3727,1,0,5350
SCC,3728,1,0,5351
SCC,3729,1,0,5352
SCC,3730,1,0,5353
SCC,3731,1,0,5354
SCC,3732,1,0,5355
SCC,3733,1,0,5356
SCC,3734,1,0,5357
SCC,3735,1,0,5358
SCC,3736,1,0,5360
SCC,3737,1,0,5361
SCC,3738,1,0,5362
SCC,3739,1,0,5363
SCC,3740,1,0,5364
SCC,3741,1,0,5365
SCC,3742,1,0,5366
SCC,3743,1,0,5367
SCC,3744,1,0,5368
SCC,3745,1,0,5370
SCC,3746,1,0,5371
SCC,3747,1,0,5372
SCC,3748,1,0,5373
SCC,3749,1,0,5374
SCC,3750,1,0,5375
SCC,3751,1,0,5376
SCC,3752,1,0,5377
SCC,3753,1,0,5380
SCC,3754,1,0,5381
SCC,3755,1,0,5382
SCC,3756,1,0,5385
SCC,3757,1,0,5386
SCC,3758,1,0,5388
SCC,3759,1,0,5390
SCC,3760,1,0,5391
SCC,3761,1,0,5392
SCC,3762,1,0,5393
SCC,3763,1,0,5395
SCC,3764,1,0,5396
SCC,3765,1,0,5397
SCC,3766,1,0,5398
SCC,3767,1,0,5399
SCC,3768,1,0,5400
SCC,3769,1,0,5401
SCC,3770,1,0,5405
SCC,3771,1,0,5406
SCC,3772,1,0,5410
SCC,3773,1,0,5412
SCC,3774,1,0,5413
SCC,3775,1,0,5414
SCC,3776,1,0,5416
SCC,3777,1,0,5417
SCC,3778,1,0,5418
SCC,3779,1,0,5419
SCC,3780,1,0,5422
SCC,3781,1,0,5424
SCC,3782,1,0,5426
SCC,3783,1,0,5427
SCC,3784,1,0,5428
SCC,3785,1,0,5429
SCC,3786,1,0,5431
SCC,3787,1,0,5434
SCC,3788,1,0,5435
SCC,3789,1,0,5436
SCC,3790,1,0,5438
SCC,3791,1,0,5440
SCC,3792,1,0,5442
SCC,3793,1,0,5446
SCC,3794,1,0,5447
SCC,3795,1,0,5448
SCC,3796,1,0,5449
SCC,3797,1,0,5455
SCC,3798,1,0,5456
SCC,3799,1,0,5459
SCC,3800,1,0,5460
SCC,3801,1,0,5461
SCC,3802,1,0,5462
SCC,3803,1,0,5463
SCC,3804,1,0,5465
SCC,3805,1,0,5467
SCC,3806,1,0,5468
SCC,3807,1,0,5469
SCC,3808,1,0,5470
SCC,3809,1,0,5471
SCC,3810,1,0,5472
SCC,3811,1,0,5473
SCC,3812,1,0,5474
SCC,3813,1,0,5475
SCC,3814,1,0,5476
SCC,3815,1,0,5477
SCC,3816,1,0,5478
SCC,3817,1,0,5480
SCC,3818,1,0,5481
SCC,3819,1,0,5483
SCC,3820,1,0,5485
SCC,3821,1,0,5486
SCC,3822,1,0,5488
SCC,3823,1,0,5489
SCC,3824,1,0,5490
SCC,3825,1,0,5491
SCC,3826,1,0,5494
SCC,3827,1,0,5495
SCC,3828,1,0,5496
SCC,3829,1,0,5497
SCC,3830,1,0,5501
SCC,3831,1,0,5503
SCC,3832,1,0,5504
SCC,3833,1,0,5505
SCC,3834,1,0,5506
SCC,3835,1,0,5507
SCC,3836,1,0,5508
SCC,3837,1,0,5509
SCC,3838,1,0,5510
SCC,3839,1,0,5512
SCC,3840,1,0,5513
SCC,3841,1,0,5514
SCC,3842,1,0,5515
SCC,3843,1,0,5516
SCC,3844,1,0,5517
SCC,3845,1,0,5518
SCC,3846,1,0,5519
SCC,3847,1,0,5520
SCC,3848,1,0,5521
SCC,3849,1,0,5522
SCC,3850,1,0,5523
SCC,3851,1,0,5525
SCC,3852,1,0,5526
SCC,3853,1,0,5528
SCC,3854,1,0,5530
SCC,3855,1,0,5531
SCC,3856,1,0,5532
SCC,3857,1,0,5533
SCC,3858,1,0,5534
SCC,3859,1,0,5535
SCC,3860,1,0,5536
SCC,3861,1,0,5537
SCC,3862,1,0,5539
SCC,3863,1,0,5540
SCC,3864,1,0,5541
SCC,3865,1,0,5542
SCC,3866,1,0,5544
SCC,3867,1,0,5545
SCC,3868,1,0,5548
SCC,3869,1,0,5549
SCC,3870,1,0,5550
SCC,3871,1,0,5551
SCC,3872,1,0,5552
SCC,3873,1,0,5553
SCC,3874,1,0,5554
SCC,3875,1,0,5555
SCC,3876,1,0,5558
SCC,3877,1,0,5559
SCC,3878,1,0,5561
SCC,3879,1,0,5562
SCC,3880,1,0,5564
SCC,3881,1,0,5565
SCC,3882,1,0,5566
SCC,3883,1,0,5567
SCC,3884,1,0,5568
SCC,3885,1,0,5570
SCC,3886,1,0,5571
SCC,3887,1,0,5572
SCC,3888,1,0,5573
SCC,3889,1,0,5576
SCC,3890,1,0,5577
SCC,3891,1,0,5578
SCC,3892,1,0,5579
SCC,3893,1,0,5580
SCC,3894,1,0,5581
SCC,3895,1,0,5583
SCC,3896,1,0,5587
SCC,3897,1,0,5588
SCC,3898,1,0,5589
SCC,3899,1,0,5590
SCC,3900,1,0,5591
SCC,3901,1,0,5592
SCC,3902,1,0,5594
SCC,3903,1,0,5595
SCC,3904,1,0,5598
SCC,3905,1,0,5599
SCC,3906,1,0,5600
SCC,3907,1,0,5601
SCC,3908,1,0,5602
SCC,3909,1,0,5603
SCC,3910,1,0,5604
SCC,3911,1,0,5606
SCC,3912,1,0,5607
SCC,3913,1,0,5608
SCC,3914,1,0,5609
SCC,3915,1,0,5610
SCC,3916,1,0,5611
SCC,3917,1,0,5612
SCC,3918,1,0,5613
SCC,3919,1,0,5615
SCC,3920,1,0,5616
SCC,3921,1,0,5617
SCC,3922,1,0,5622
SCC,3923,1,0,5625
SCC,3924,1,0,5627
SCC,3925,1,0,5628
SCC,3926,1,0,5629
SCC,3927,1,0,5631
SCC,3928,1,0,5633
SCC,3929,1,0,5635
SCC,3930,1,0,5636
SCC,3931,1,0,5637
SCC,3932,1,0,5638
SCC,3933,1,0,5643
SCC,3934,1,0,5644
SCC,3935,1,0,5645
SCC,3936,1,0,5646
SCC,3937,1,0,5647
SCC,3938,1,0,5648
SCC,3939,1,0,5649
SCC,3940,1,0,5650
SCC,3941,1,0,5652
SCC,3942,1,0,5653
SCC,3943,1,0,5656
SCC,3944,1,0,5657
SCC,3945,1,0,5658
SCC,3946,1,0,5659
SCC,3947,1,0,5660
SCC,3948,1,0,5661
SCC,3949,1,0,5662
SCC,3950,1,0,5663
SCC,3951,1,0,5664
SCC,3952,1,0,5665
SCC,3953,1,0,5666
SCC,3954,1,0,5667
SCC,3955,1,0,5668
SCC,3956,1,0,5669
SCC,3957,1,0,5670
SCC,3958,1,0,5673
SCC,3959,1,0,5674
SCC,3960,1,0,5675
SCC,3961,1,0,5676
SCC,3962,1,0,5678
SCC,3963,1,0,5679
SCC,3964,1,0,5682
SCC,3965,1,0,5683
SCC,3966,1,0,5685
SCC,3967,1,0,5686
SCC,3968,1,0,5687
SCC,3969,1,0,5688
SCC,3970,1,0,5689
SCC,3971,1,0,5690
SCC,3972,1,0,5691
SCC,3973,1,0,5692
SCC,3974,1,0,5693
SCC,3975,1,0,5694
SCC,3976,1,0,5695
SCC,3977,1,0,5696
SCC,3978,1,0,5698
SCC,3979,1,0,5702
SCC,3980,1,0,5703
SCC,3981,1,0,5704
SCC,3982,1,0,5706
SCC,3983,1,0,5707
SCC,3984,1,0,5708
SCC,3985,1,0,5710
SCC,3986,1,0,5711
SCC,3987,1,0,5712
SCC,3988,1,0,5713
SCC,3989,1,0,5717
SCC,3990,1,0,5718
SCC,3991,1,0,5720
SCC,3992,1,0,5722
SCC,3993,1,0,5726
SCC,3994,1,0,5729
SCC,3995,1,0,5730
SCC,3996,1,0,5731
SCC,3997,1,0,5732
SCC,3998,1,0,5733
SCC,3999,1,0,5735
SCC,4000,1,0,5737
SCC,4001,1,0,5740
SCC,4002,1,0,5741
SCC,4003,1,0,5743
SCC,4004,1,0,5744
SCC,4005,1,0,5745
SCC,4006,1,0,5746
SCC,4007,1,0,5747
SCC,4008,1,0,5748
SCC,4009,1,0,5749
SCC,4010,1,0,5750
SCC,4011,1,0,5751
SCC,4012,1,0,5752
SCC,4013,1,0,5754
SCC,4014,1,0,5755
SCC,4015,1,0,5756
SCC,4016,1,0,5761
SCC,4017,1,0,5763
SCC,4018,1,0,5764
SCC,4019,1,0,5765
SCC,4020,1,0,5766
SCC,4021,1,0,5767
SCC,4022,1,0,5768
SCC,4023,1,0,5769
SCC,4024,1,0,5770
SCC,4025,1,0,5771
SCC,4026,1,0,5774
SCC,4027,1,0,5778
SCC,4028,1,0,5780
SCC,4029,1,0,5781
SCC,4030,1,0,5782
SCC,4031,1,0,5783
SCC,4032,1,0,5784
SCC,4033,1,0,5785
SCC,4034,1,0,5786
SCC,4035,1,0,5787
SCC,4036,1,0,5788
SCC,4037,1,0,5789
SCC,4038,1,0,5790
SCC,4039,1,0,5792
SCC,4040,1,0,5793
SCC,4041,1,0,5794
SCC,4042,1,0,5796
SCC,4043,1,0,5797
SCC,4044,1,0,5803
SCC,4045,1,0,5805
SCC,4046,1,0,5808
SCC,4047,1,0,5810
SCC,4048,1,0,5813
SCC,4049,1,0,5815
SCC,4050,1,0,5816
SCC,4051,1,0,5820
SCC,4052,1,0,5821
SCC,4053,1,0,5823
SCC,4054,1,0,5828
SCC,4055,1,0,5830
SCC,4056,1,0,5832
SCC,4057,1,0,5833
SCC,4058,1,0,5834
SCC,4059,1,0,5835
SCC,4060,1,0,5836
SCC,4061,1,0,5837
SCC,4062,1,0,5838
SCC,4063,1,0,5840
SCC,4064,1,0,5841
SCC,4065,1,0,5842
SCC,4066,1,0,5844
SCC,4067,1,0,5846
SCC,4068,1,0,5848
SCC,4069,1,0,5850
SCC,4070,1,0,5852
SCC,4071,1,0,5853
SCC,4072,1,0,5854
SCC,4073,1,0,5855
SCC,4074,1,0,5856
SCC,4075,1,0,5857
SCC,4076,1,0,5859
SCC,4077,1,0,5860
SCC,4078,1,0,5861
SCC,4079,1,0,5862
SCC,4080,1,0,5863
SCC,4081,1,0,5864
SCC,4082,1,0,5866
SCC,4083,1,0,5868
SCC,4084,1,0,5873
SCC,4085,1,0,5874
SCC,4086,1,0,5875
SCC,4087,1,0,5876
SCC,4088,1,0,5877
SCC,4089,1,0,5878
SCC,4090,1,0,5880
SCC,4091,1,0,5882
SCC,4092,1,0,5883
SCC,4093,1,0,5884
SCC,4094,1,0,5885
SCC,4095,1,0,5886
SCC,4096,1,0,5887
SCC,4097,1,0,5888
SCC,4098,1,0,5889
SCC,4099,1,0,5890
SCC,4100,1,0,5891
SCC,4101,1,0,5892
SCC,4102,1,0,5895
SCC,4103,1,0,5896
SCC,4104,1,0,5899
SCC,4105,1,0,5903
SCC,4106,1,0,5907
SCC,4107,1,0,5908
SCC,4108,1,0,5909
SCC,4109,1,0,5910
SCC,4110,1,0,5911
SCC,4111,1,0,5913
SCC,4112,1,0,5914
SCC,4113,1,0,5915
SCC,4114,1,0,5916
SCC,4115,1,0,5917
SCC,4116,1,0,5919
SCC,4117,1,0,5920
SCC,4118,1,0,5921
SCC,4119,1,0,5923
SCC,4120,1,0,5924
SCC,4121,1,0,5925
SCC,4122,1,0,5926
SCC,4123,1,0,5927
SCC,4124,1,0,5930
SCC,4125,1,0,5931
SCC,4126,1,0,5934
SCC,4127,1,0,5935
SCC,4128,1,0,5937
SCC,4129,1,0,5938
SCC,4130,1,0,5939
SCC,4131,1,0,5940
SCC,4132,1,0,5941
SCC,4133,1,0,5942
SCC,4134,1,0,5943
SCC,4135,1,0,5944
SCC,4136,1,0,5945
SCC,4137,1,0,5946
SCC,4138,1,0,5947
SCC,4139,1,0,5949
SCC,4140,1,0,5952
SCC,4141,1,0,5955
SCC,4142,1,0,5956
SCC,4143,1,0,5958
SCC,4144,1,0,5959
SCC,4145,1,0,5960
SCC,4146,1,0,5961
SCC,4147,1,0,5962
SCC,4148,1,0,5963
SCC,4149,1,0,5964
SCC,4150,1,0,5965
SCC,4151,1,0,5966
SCC,4152,1,0,5967
SCC,4153,1,0,5970
SCC,4154,1,0,5971
SCC,4155,1,0,5973
SCC,4156,1,0,5977
SCC,4157,1,0,5978
SCC,4158,1,0,5981
SCC,4159,1,0,5982
SCC,4160,1,0,5983
SCC,4161,1,0,5984
SCC,4162,1,0,5985
SCC,4163,1,0,5986
SCC,4164,1,0,5987
SCC,4165,1,0,5988
SCC,4166,1,0,5989
SCC,4167,1,0,5990
SCC,4168,1,0,5991
SCC,4169,1,0,5992
SCC,4170,1,0,5993
SCC,4171,1,0,5994
SCC,4172,1,0,5995
SCC,4173,1,0,5997
SCC,4174,1,0,5999
SCC,4175,1,0,6002
SCC,4176,1,0,6003
SCC,4177,1,0,6005
SCC,4178,1,0,6007
SCC,4179,1,0,6009
SCC,4180,1,0,6010
SCC,4181,1,0,6013
SCC,4182,1,0,6014
SCC,4183,1,0,6015
SCC,4184,1,0,6016
SCC,4185,1,0,6017
SCC,4186,1,0,6018
SCC,4187,1,0,6019
SCC,4188,1,0,6020
SCC,4189,1,0,6021
SCC,4190,1,0,6022
SCC,4191,1,0,6024
SCC,4192,1,0,6025
SCC,4193,1,0,6026
SCC,4194,1,0,6027
SCC,4195,1,0,6028
SCC,4196,1,0,6029
SCC,4197,1,0,6030
SCC,4198,1,0,6031
SCC,4199,1,0,6033
SCC,4200,1,0,6034
SCC,4201,1,0,6035
SCC,4202,1,0,6036
SCC,4203,1,0,6037
SCC,4204,1,0,6038
SCC,4205,1,0,6039
SCC,4206,1,0,6041
SCC,4207,1,0,6042
SCC,4208,1,0,6045
SCC,4209,1,0,6046
SCC,4210,1,0,6048
SCC,4211,1,0,6049
SCC,4212,1,0,6050
SCC,4213,1,0,6051
SCC,4214,1,0,6052
SCC,4215,1,0,6053
SCC,4216,1,0,6054
SCC,4217,1,0,6055
SCC,4218,1,0,6056
SCC,4219,1,0,6057
SCC,4220,1,0,6058
SCC,4221,1,0,6059
SCC,4222,1,0,6060
SCC,4223,1,0,6061
SCC,4224,1,0,6062
SCC,4225,1,0,6063
SCC,4226,1,0,6064
SCC,4227,1,0,6066
SCC,4228,1,0,6067
SCC,4229,1,0,6068
SCC,4230,1,0,6069
SCC,4231,1,0,6070
SCC,4232,1,0,6071
SCC,4233,1,0,6072
SCC,4234,1,0,6073
SCC,4235,1,0,6074
SCC,4236,1,0,6075
SCC,4237,1,0,6077
SCC,4238,1,0,6078
SCC,4239,1,0,6079
SCC,4240,1,0,6080
SCC,4241,1,0,6081
SCC,4242,1,0,6082
SCC,4243,1,0,6083
SCC,4244,1,0,6088
SCC,4245,1,0,6089
SCC,4246,1,0,6090
SCC,4247,1,0,6091
SCC,4248,1,0,6092
SCC,4249,1,0,6093
SCC,4250,1,0,6096
SCC,4251,1,0,6098
SCC,4252,1,0,6100
SCC,4253,1,0,6101
SCC,4254,1,0,6105
SCC,4255,1,0,6106
SCC,4256,1,0,6107
SCC,4257,1,0,6108
SCC,4258,1,0,6109
SCC,4259,1,0,6110
SCC,4260,1,0,6111
SCC,4261,1,0,6112
SCC,4262,1,0,6113
SCC,4263,1,0,6114
SCC,4264,1,0,6116
SCC,4265,1,0,6118
SCC,4266,1,0,6119
SCC,4267,1,0,6120
SCC,4268,1,0,6121
SCC,4269,1,0,6124
SCC,4270,1,0,6126
SCC,4271,1,0,6127
SCC,4272,1,0,6128
SCC,4273,1,0,6129
SCC,4274,1,0,6130
SCC,4275,1,0,6132
SCC,4276,1,0,6133
SCC,4277,1,0,6134
SCC,4278,1,0,6135
SCC,4279,1,0,6139
SCC,4280,1,0,6141
SCC,4281,1,0,6142
SCC,4282,1,0,6143
SCC,4283,1,0,6144
SCC,4284,1,0,6145
SCC,4285,1,0,6146
SCC,4286,1,0,6147
SCC,4287,1,0,6148
SCC,4288,1,0,6149
SCC,4289,1,0,6150
SCC,4290,1,0,6152
SCC,4291,1,0,6153
SCC,4292,1,0,6155
SCC,4293,1,0,6157
SCC,4294,1,0,6158
SCC,4295,1,0,6160
SCC,4296,1,0,6161
SCC,4297,1,0,6162
SCC,4298,1,0,6164
SCC,4299,1,0,6165
SCC,4300,1,0,6166
SCC,4301,1,0,6168
SCC,4302,1,0,6169
SCC,4303,1,0,6175
SCC,4304,1,0,6176
SCC,4305,1,0,6177
SCC,4306,1,0,6178
SCC,4307,1,0,6179
SCC,4308,1,0,6180
SCC,4309,1,0,6181
SCC,4310,1,0,6182
SCC,4311,1,0,6183
SCC,4312,1,0,6184
SCC,4313,1,0,6185
SCC,4314,1,0,6186
SCC,4315,1,0,6187
SCC,4316,1,0,6188
SCC,4317,1,0,6190
SCC,4318,1,0,6191
SCC,4319,1,0,6192
SCC,4320,1,0,6193
SCC,4321,1,0,6196
SCC,4322,1,0,6197
SCC,4323,1,0,6199
SCC,4324,1,0,6200
SCC,4325,1,0,6201
SCC,4326,1,0,6202
SCC,4327,1,0,6203
SCC,4328,1,0,6204
SCC,4329,1,0,6205
SCC,4330,1,0,6206
SCC,4331,1,0,6207
SCC,4332,1,0,6208
SCC,4333,1,0,6212
SCC,4334,1,0,6213
SCC,4335,1,0,6214
SCC,4336,1,0,6215
SCC,4337,1,0,6216
SCC,4338,1,0,6217
SCC,4339,1,0,6219
SCC,4340,1,0,6220
SCC,4341,1,0,6222
SCC,4342,1,0,6223
SCC,4343,1,0,6224
SCC,4344,1,0,6225
SCC,4345,1,0,6226
SCC,4346,1,0,6228
SCC,4347,1,0,6230
SCC,4348,1,0,6232
SCC,4349,1,0,6235
SCC,4350,1,0,6236
SCC,4351,1,0,6239
SCC,4352,1,0,6240
SCC,4353,1,0,6242
SCC,4354,1,0,6244
SCC,4355,1,0,6245
SCC,4356,1,0,6246
SCC,4357,1,0,6247
SCC,4358,1,0,6248
SCC,4359,1,0,6251
SCC,4360,1,0,6252
SCC,4361,1,0,6253
SCC,4362,1,0,6254
SCC,4363,1,0,6255
SCC,4364,1,0,6257
SCC,4365,1,0,6258
SCC,4366,1,0,6259
SCC,4367,1,0,6261
SCC,4368,1,0,6263
SCC,4369,1,0,6264
SCC,4370,1,0,6265
SCC,4371,1,0,6266
SCC,4372,1,0,6267
SCC,4373,1,0,6269
SCC,4374,1,0,6271
SCC,4375,1,0,6273
SCC,4376,1,0,6274
SCC,4377,1,0,6275
SCC,4378,1,0,6276
SCC,4379,1,0,6278
SCC,4380,1,0,6279
SCC,4381,1,0,6281
SCC,4382,1,0,6282
SCC,4383,1,0,6286
SCC,4384,1,0,6287
SCC,4385,1,0,6288
SCC,4386,1,0,6291
SCC,4387,1,0,6292
SCC,4388,1,0,6293
SCC,4389,1,0,6294
SCC,4390,1,0,6295
SCC,4391,1,0,6296
SCC,4392,1,0,6297
SCC,4393,1,0,6298
SCC,4394,1,0,6301
SCC,4395,1,0,6302
SCC,4396,1,0,6304
SCC,4397,1,0,6306
SCC,4398,1,0,6307
SCC,4399,1,0,6312
SCC,4400,1,0,6313
SCC,4401,1,0,6314
SCC,4402,1,0,6315
SCC,4403,1,0,6316
SCC,4404,1,0,6317
SCC,4405,1,0,6319
SCC,4406,1,0,6321
SCC,4407,1,0,6324
SCC,4408,1,0,6325
SCC,4409,1,0,6326
SCC,4410,1,0,6328
SCC,4411,1,0,6331
SCC,4412,1,0,6332
SCC,4413,1,0,6333
SCC,4414,1,0,6337
SCC,4415,1,0,6339
SCC,4416,1,0,6340
SCC,4417,1,0,6346
SCC,4418,1,0,6348
SCC,4419,1,0,6349
SCC,4420,1,0,6350
SCC,4421,1,0,6351
SCC,4422,1,0,6355
SCC,4423,1,0,6356
SCC,4424,1,0,6359
SCC,4425,1,0,6366
SCC,4426,1,0,6367
SCC,4427,1,0,6371
SCC,4428,1,0,6374
SCC,4429,1,0,6375
SCC,4430,1,0,6376
SCC,4431,1,0,6377
SCC,4432,1,0,6378
SCC,4433,1,0,6379
SCC,4434,1,0,6380
SCC,4435,1,0,6381
SCC,4436,1,0,6383
SCC,4437,1,0,6387
SCC,4438,1,0,6388
SCC,4439,1,0,6389
SCC,4440,1,0,6391
SCC,4441,1,0,6392
SCC,4442,1,0,6393
SCC,4443,1,0,6394
SCC,4444,1,0,6395
SCC,4445,1,0,6396
SCC,4446,1,0,6397
SCC,4447,1,0,6398
SCC,4448,1,0,6399
SCC,4449,1,0,6400
SCC,4450,1,0,6406
SCC,4451,1,0,6407
SCC,4452,1,0,6408
SCC,4453,1,0,6409
SCC,4454,1,0,6410
SCC,4455,1,0,6411
SCC,4456,1,0,6412
SCC,4457,1,0,6413
SCC,4458,1,0,6415
SCC,4459,1,0,6416
SCC,4460,1,0,6417
SCC,4461,1,0,6423
SCC,4462,1,0,6426
SCC,4463,1,0,6427
SCC,4464,1,0,6428
SCC,4465,1,0,6429
SCC,4466,1,0,6430
SCC,4467,1,0,6431
SCC,4468,1,0,6432
SCC,4469,1,0,6435
SCC,4470,1,0,6436
SCC,4471,1,0,6437
SCC,4472,1,0,6439
SCC,4473,1,0,6440
SCC,4474,1,0,6441
SCC,4475,1,0,6443
SCC,4476,1,0,6444
SCC,4477,1,0,6445
SCC,4478,1,0,6446
SCC,4479,1,0,6448
SCC,4480,1,0,6450
SCC,4481,1,0,6451
SCC,4482,1,0,6452
SCC,4483,1,0,6453
SCC,4484,1,0,6454
SCC,4485,1,0,6455
SCC,4486,1,0,6456
SCC,4487,1,0,6457
SCC,4488,1,0,6459
SCC,4489,1,0,6460
SCC,4490,1,0,6461
SCC,4491,1,0,6464
SCC,4492,1,0,6466
SCC,4493,1,0,6467
SCC,4494,1,0,6468
SCC,4495,1,0,6469
SCC,4496,1,0,6470
SCC,4497,1,0,6471
SCC,4498,1,0,6472
SCC,4499,1,0,6475
SCC,4500,1,0,6477
SCC,4501,1,0,6478
SCC,4502,1,0,6479
SCC,4503,1,0,6480
SCC,4504,1,0,6481
SCC,4505,1,0,6483
SCC,4506,1,0,6484
SCC,4507,1,0,6485
SCC,4508,1,0,6486
SCC,4509,1,0,6487
SCC,4510,1,0,6488
SCC,4511,1,0,6489
SCC,4512,1,0,6490
SCC,4513,1,0,6492
SCC,4514,1,0,6493
SCC,4515,1,0,6494
SCC,4516,1,0,6495
SCC,4517,1,0,6496
SCC,4518,1,0,6497
SCC,4519,1,0,6498
SCC,4520,1,0,6500
SCC,4521,1,0,6502
SCC,4522,1,0,6504
SCC,4523,1,0,6505
SCC,4524,1,0,6506
SCC,4525,1,0,6507
SCC,4526,1,0,6508
SCC,4527,1,0,6509
SCC,4528,1,0,6510
SCC,4529,1,0,6511
SCC,4530,1,0,6513
SCC,4531,1,0,6514
SCC,4532,1,0,6515
SCC,4533,1,0,6516
SCC,4534,1,0,6517
SCC,4535,1,0,6518
SCC,4536,1,0,6519
SCC,4537,1,0,6520
SCC,4538,1,0,6521
SCC,4539,1,0,6522
SCC,4540,1,0,6524
SCC,4541,1,0,6525
SCC,4542,1,0,6526
SCC,4543,1,0,6527
SCC,4544,1,0,6528
SCC,4545,1,0,6529
SCC,4546,1,0,6530
SCC,4547,1,0,6532
SCC,4548,1,0,6533
SCC,4549,1,0,6534
SCC,4550,1,0,6535
SCC,4551,1,0,6536
SCC,4552,1,0,6537
SCC,4553,1,0,6538
SCC,4554,1,0,6539
SCC,4555,1,0,6541
SCC,4556,1,0,6542
SCC,4557,1,0,6543
SCC,4558,1,0,6544
SCC,4559,1,0,6545
SCC,4560,1,0,6546
SCC,4561,1,0,6547
SCC,4562,1,0,6548
SCC,4563,1,0,6550
SCC,4564,1,0,6551
SCC,4565,1,0,6553
SCC,4566,1,0,6554
SCC,4567,1,0,6561
SCC,4568,1,0,6563
SCC,4569,1,0,6565
SCC,4570,1,0,6566
SCC,4571,1,0,6567
SCC,4572,1,0,6568
SCC,4573,1,0,6571
SCC,4574,1,0,6572
SCC,4575,1,0,6573
SCC,4576,1,0,6574
SCC,4577,1,0,6575
SCC,4578,1,0,6576
SCC,4579,1,0,6577
SCC,4580,1,0,6578
SCC,4581,1,0,6579
SCC,4582,1,0,6580
SCC,4583,1,0,6581
SCC,4584,1,0,6582
SCC,4585,1,0,6583
SCC,4586,1,0,6584
SCC,4587,1,0,6585
SCC,4588,1,0,6586
SCC,4589,1,0,6587
SCC,4590,1,0,6588
SCC,4591,1,0,6589
SCC,4592,1,0,6590
SCC,4593,1,0,6594
SCC,4594,1,0,6598
SCC,4595,1,0,6599
SCC,4596,1,0,6600
SCC,4597,1,0,6601
SCC,4598,1,0,6602
SCC,4599,1,0,6603
SCC,4600,1,0,6604
SCC,4601,1,0,6605
SCC,4602,1,0,6606
SCC,4603,1,0,6607
SCC,4604,1,0,6608
SCC,4605,1,0,6609
SCC,4606,1,0,6612
SCC,4607,1,0,6614
SCC,4608,1,0,6615
SCC,4609,1,0,6616
SCC,4610,1,0,6617
SCC,4611,1,0,6619
SCC,4612,1,0,6620
SCC,4613,1,0,6621
SCC,4614,1,0,6622
SCC,4615,1,0,6623
SCC,4616,1,0,6625
SCC,4617,1,0,6626
SCC,4618,1,0,6627
SCC,4619,1,0,6628
SCC,4620,1,0,6630
SCC,4621,1,0,6632
SCC,4622,1,0,6633
SCC,4623,1,0,6635
SCC,4624,1,0,6636
SCC,4625,1,0,6638
SCC,4626,1,0,6639
SCC,4627,1,0,6641
SCC,4628,1,0,6643
SCC,4629,1,0,6644
SCC,4630,1,0,6645
SCC,4631,1,0,6646
SCC,4632,1,0,6647
SCC,4633,1,0,6648
SCC,4634,1,0,6649
SCC,4635,1,0,6650
SCC,4636,1,0,6651
SCC,4637,1,0,6652
SCC,4638,1,0,6653
SCC,4639,1,0,6654
SCC,4640,1,0,6655
SCC,4641,1,0,6656
SCC,4642,1,0,6657
SCC,4643,1,0,6658
SCC,4644,1,0,6660
SCC,4645,1,0,6661
SCC,4646,1,0,6663
SCC,4647,1,0,6666
SCC,4648,1,0,6668
SCC,4649,1,0,6670
SCC,4650,1,0,6671
SCC,4651,1,0,6672
SCC,4652,1,0,6673
SCC,4653,1,0,6674
SCC,4654,1,0,6675
SCC,4655,1,0,6676
SCC,4656,1,0,6677
SCC,4657,1,0,6678
SCC,4658,1,0,6679
SCC,4659,1,0,6680
SCC,4660,1,0,6681
SCC,4661,1,0,6682
SCC,4662,1,0,6683
SCC,4663,1,0,6684
SCC,4664,1,0,6685
SCC,4665,1,0,6686
SCC,4666,1,0,6687
SCC,4667,1,0,6688
SCC,4668,1,0,6689
SCC,4669,1,0,6690
SCC,4670,1,0,6691
SCC,4671,1,0,6692
SCC,4672,1,0,6695
SCC,4673,1,0,6696
SCC,4674,1,0,6697
SCC,4675,1,0,6698
SCC,4676,1,0,6699
SCC,4677,1,0,6700
SCC,4678,1,0,6701
SCC,4679,1,0,6702
SCC,4680,1,0,6703
SCC,4681,1,0,6705
SCC,4682,1,0,6706
SCC,4683,1,0,6707
SCC,4684,1,0,6710
SCC,4685,1,0,6711
SCC,4686,1,0,6713
SCC,4687,1,0,6715
SCC,4688,1,0,6717
SCC,4689,1,0,6718
SCC,4690,1,0,6719
SCC,4691,1,0,6720
SCC,4692,1,0,6721
SCC,4693,1,0,6723
SCC,4694,1,0,6724
SCC,4695,1,0,6725
SCC,4696,1,0,6726
SCC,4697,1,0,6727
SCC,4698,1,0,6728
SCC,4699,1,0,6729
SCC,4700,1,0,6730
SCC,4701,1,0,6731
SCC,4702,1,0,6732
SCC,4703,1,0,6734
SCC,4704,1,0,6735
SCC,4705,1,0,6737
SCC,4706,1,0,6738
SCC,4707,1,0,6739
SCC,4708,1,0,6744
SCC,4709,1,0,6745
SCC,4710,1,0,6746
SCC,4711,1,0,6747
SCC,4712,1,0,6749
SCC,4713,1,0,6751
SCC,4714,1,0,6752
SCC,4715,1,0,6753
SCC,4716,1,0,6756
SCC,4717,1,0,6757
SCC,4718,1,0,6758
SCC,4719,1,0,6760
SCC,4720,1,0,6761
SCC,4721,1,0,6762
SCC,4722,1,0,6764
SCC,4723,1,0,6766
SCC,4724,1,0,6767
SCC,4725,1,0,6768
SCC,4726,1,0,6769
SCC,4727,1,0,6771
SCC,4728,1,0,6773
SCC,4729,1,0,6775
SCC,4730,1,0,6776
SCC,4731,1,0,6777
SCC,4732,1,0,6778
SCC,4733,1,0,6779
SCC,4734,1,0,6781
SCC,4735,1,0,6782
SCC,4736,1,0,6787
SCC,4737,1,0,6788
SCC,4738,1,0,6791
SCC,4739,1,0,6793
SCC,4740,1,0,6794
SCC,4741,1,0,6795
SCC,4742,1,0,6797
SCC,4743,1,0,6798
SCC,4744,1,0,6800
SCC,4745,1,0,6801
SCC,4746,1,0,6802
SCC,4747,1,0,6803
SCC,4748,1,0,6804
SCC,4749,1,0,6805
SCC,4750,1,0,6806
SCC,4751,1,0,6807
SCC,4752,1,0,6808
SCC,4753,1,0,6810
SCC,4754,1,0,6811
SCC,4755,1,0,6812
SCC,4756,1,0,6815
SCC,4757,1,0,6816
SCC,4758,1,0,6818
SCC,4759,1,0,6819
SCC,4760,1,0,6821
SCC,4761,1,0,6822
SCC,4762,1,0,6824
SCC,4763,1,0,6826
SCC,4764,1,0,6828
SCC,4765,1,0,6829
SCC,4766,1,0,6832
SCC,4767,1,0,6834
SCC,4768,1,0,6835
SCC,4769,1,0,6836
SCC,4770,1,0,6837
SCC,4771,1,0,6840
SCC,4772,1,0,6841
SCC,4773,1,0,6842
SCC,4774,1,0,6843
SCC,4775,1,0,6844
SCC,4776,1,0,6845
SCC,4777,1,0,6846
SCC,4778,1,0,6847
SCC,4779,1,0,6848
SCC,4780,1,0,6850
SCC,4781,1,0,6852
SCC,4782,1,0,6854
SCC,4783,1,0,6856
SCC,4784,1,0,6858
SCC,4785,1,0,6859
SCC,4786,1,0,6860
SCC,4787,1,0,6861
SCC,4788,1,0,6862
SCC,4789,1,0,6863
SCC,4790,1,0,6864
SCC,4791,1,0,6865
SCC,4792,1,0,6866
SCC,4793,1,0,6867
SCC,4794,1,0,6869
SCC,4795,1,0,6870
SCC,4796,1,0,6871
SCC,4797,1,0,6873
SCC,4798,1,0,6876
SCC,4799,1,0,6877
SCC,4800,1,0,6878
SCC,4801,1,0,6880
SCC,4802,1,0,6881
SCC,4803,1,0,6883
SCC,4804,1,0,6884
SCC,4805,1,0,6885
SCC,4806,1,0,6886
SCC,4807,1,0,6889
SCC,4808,1,0,6890
SCC,4809,1,0,6892
SCC,4810,1,0,6895
SCC,4811,1,0,6896
SCC,4812,1,0,6897
SCC,4813,1,0,6899
SCC,4814,1,0,6900
SCC,4815,1,0,6901
SCC,4816,1,0,6902
SCC,4817,1,0,6903
SCC,4818,1,0,6904
SCC,4819,1,0,6905
SCC,4820,1,0,6906
SCC,4821,1,0,6908
SCC,4822,1,0,6909
SCC,4823,1,0,6910
SCC,4824,1,0,6911
SCC,4825,1,0,6912
SCC,4826,1,0,6915
SCC,4827,1,0,6916
SCC,4828,1,0,6920
SCC,4829,1,0,6921
SCC,4830,1,0,6922
SCC,4831,1,0,6926
SCC,4832,1,0,6927
SCC,4833,1,0,6928
SCC,4834,1,0,6929
SCC,4835,1,0,6930
SCC,4836,1,0,6933
SCC,4837,1,0,6935
SCC,4838,1,0,6936
SCC,4839,1,0,6940
SCC,4840,1,0,6941
SCC,4841,1,0,6942
SCC,4842,1,0,6943
SCC,4843,1,0,6947
SCC,4844,1,0,6948
SCC,4845,1,0,6949
SCC,4846,1,0,6950
SCC,4847,1,0,6953
SCC,4848,1,0,6954
SCC,4849,1,0,6955
SCC,4850,1,0,6958
SCC,4851,1,0,6959
SCC,4852,1,0,6960
SCC,4853,1,0,6961
SCC,4854,1,0,6962
SCC,4855,1,0,6963
SCC,4856,1,0,6965
SCC,4857,1,0,6967
SCC,4858,1,0,6968
SCC,4859,1,0,6969
SCC,4860,1,0,6971
SCC,4861,1,0,6972
SCC,4862,1,0,6974
SCC,4863,1,0,6975
SCC,4864,1,0,6978
SCC,4865,1,0,6979
SCC,4866,1,0,6980
SCC,4867,1,0,6981
SCC,4868,1,0,6982
SCC,4869,1,0,6983
SCC,4870,1,0,6984
SCC,4871,1,0,6985
SCC,4872,1,0,6986
SCC,4873,1,0,6987
SCC,4874,1,0,6990
SCC,4875,1,0,6991
SCC,4876,1,0,6995
SCC,4877,1,0,6996
SCC,4878,1,0,6997
SCC,4879,1,0,6998
SCC,4880,1,0,6999
SCC,4881,1,0,7000
SCC,4882,1,0,7001
SCC,4883,1,0,7002
SCC,4884,1,0,7003
SCC,4885,1,0,7004
SCC,4886,1,0,7006
SCC,4887,1,0,7007
SCC,4888,1,0,7008
SCC,4889,1,0,7009
SCC,4890,1,0,7010
SCC,4891,1,0,7011
SCC,4892,1,0,7013
SCC,4893,1,0,7014
SCC,4894,1,0,7015
SCC,4895,1,0,7016
SCC,4896,1,0,7017
SCC,4897,1,0,7018
SCC,4898,1,0,7019
SCC,4899,1,0,7020
SCC,4900,1,0,7022
SCC,4901,1,0,7024
SCC,4902,1,0,7025
SCC,4903,1,0,7026
SCC,4904,1,0,7027
SCC,4905,1,0,7028
SCC,4906,1,0,7029
SCC,4907,1,0,7030
SCC,4908,1,0,7031
SCC,4909,1,0,7032
SCC,4910,1,0,7033
SCC,4911,1,0,7034
SCC,4912,1,0,7035
SCC,4913,1,0,7036
SCC,4914,1,0,7037
SCC,4915,1,0,7038
SCC,4916,1,0,7040
SCC,4917,1,0,7041
SCC,4918,1,0,7042
SCC,4919,1,0,7043
SCC,4920,1,0,7044
SCC,4921,1,0,7045
SCC,4922,1,0,7046
SCC,4923,1,0,7048
SCC,4924,1,0,7049
SCC,4925,1,0,7051
SCC,4926,1,0,7053
SCC,4927,1,0,7055
SCC,4928,1,0,7056
SCC,4929,1,0,7057
SCC,4930,1,0,7059
SCC,4931,1,0,7060
SCC,4932,1,0,7061
SCC,4933,1,0,7064
SCC,4934,1,0,7065
SCC,4935,1,0,7070
SCC,4936,1,0,7071
SCC,4937,1,0,7072
SCC,4938,1,0,7073
SCC,4939,1,0,7074
SCC,4940,1,0,7079
SCC,4941,1,0,7080
SCC,4942,1,0,7082
SCC,4943,1,0,7084
SCC,4944,1,0,7085
SCC,4945,1,0,7086
SCC,4946,1,0,7087
SCC,4947,1,0,7089
SCC,4948,1,0,7090
SCC,4949,1,0,7094
SCC,4950,1,0,7095
SCC,4951,1,0,7096
SCC,4952,1,0,7098
SCC,4953,1,0,7099
SCC,4954,1,0,7100
SCC,4955,1,0,7101
SCC,4956,1,0,7103
SCC,4957,1,0,7104
SCC,4958,1,0,7106
SCC,4959,1,0,7107
SCC,4960,1,0,7108
SCC,4961,1,0,7109
SCC,4962,1,0,7111
SCC,4963,1,0,7112
SCC,4964,1,0,7113
SCC,4965,1,0,7114
SCC,4966,1,0,7115
SCC,4967,1,0,7116
SCC,4968,1,0,7117
SCC,4969,1,0,7118
SCC,4970,1,0,7119
SCC,4971,1,0,7121
SCC,4972,1,0,7122
SCC,4973,1,0,7123
SCC,4974,1,0,7124
SCC,4975,1,0,7125
SCC,4976,1,0,7126
SCC,4977,1,0,7127
SCC,4978,1,0,7128
SCC,4979,1,0,7129
SCC,4980,1,0,7130
SCC,4981,1,0,7132
SCC,4982,1,0,7133
SCC,4983,1,0,7134
SCC,4984,1,0,7135
SCC,4985,1,0,7136
SCC,4986,1,0,7137
SCC,4987,1,0,7138
SCC,4988,1,0,7139
SCC,4989,1,0,7140
SCC,4990,1,0,7142
SCC,4991,1,0,7143
SCC,4992,1,0,7144
SCC,4993,1,0,7145
SCC,4994,1,0,7146
SCC,4995,1,0,7149
SCC,4996,1,0,7150
SCC,4997,1,0,7151
SCC,4998,1,0,7153
SCC,4999,1,0,7154
SCC,5000,1,0,7155
SCC,5001,1,0,7156
SCC,5002,1,0,7157
SCC,5003,1,0,7158
SCC,5004,1,0,7159
SCC,5005,1,0,7160
SCC,5006,1,0,7161
SCC,5007,1,0,7162
SCC,5008,1,0,7163
SCC,5009,1,0,7164
SCC,5010,1,0,7165
SCC,5011,1,0,7166
SCC,5012,1,0,7167
SCC,5013,1,0,7168
SCC,5014,1,0,7170
SCC,5015,1,0,7171
SCC,5016,1,0,7172
SCC,5017,1,0,7173
SCC,5018,1,0,7174
SCC,5019,1,0,7175
SCC,5020,1,0,7176
SCC,5021,1,0,7177
SCC,5022,1,0,7178
SCC,5023,1,0,7179
SCC,5024,1,0,7180
SCC,5025,1,0,7181
SCC,5026,1,0,7183
SCC,5027,1,0,7184
SCC,5028,1,0,7185
SCC,5029,1,0,7186
SCC,5030,1,0,7187
SCC,5031,1,0,7188
SCC,5032,1,0,7189
SCC,5033,1,0,7190
SCC,5034,1,0,7191
SCC,5035,1,0,7192
SCC,5036,1,0,7193
SCC,5037,1,0,7194
SCC,5038,1,0,7195
SCC,5039,1,0,7197
SCC,5040,1,0,7198
SCC,5041,1,0,7199
SCC,5042,1,0,7201
SCC,5043,1,0,7203
SCC,5044,1,0,7204
SCC,5045,1,0,7205
SCC,5046,1,0,7206
SCC,5047,1,0,7210
SCC,5048,1,0,7211
SCC,5049,1,0,7212
SCC,5050,1,0,7214
SCC,5051,1,0,7215
SCC,5052,1,0,7217
SCC,5053,1,0,7218
SCC,5054,1,0,7219
SCC,5055,1,0,7220
SCC,5056,1,0,7221
SCC,5057,1,0,7223
SCC,5058,1,0,7226
SCC,5059,1,0,7227
SCC,5060,1,0,7228
SCC,5061,1,0,7229
SCC,5062,1,0,7230
SCC,5063,1,0,7231
SCC,5064,1,0,7232
SCC,5065,1,0,7234
SCC,5066,1,0,7235
SCC,5067,1,0,7236
SCC,5068,1,0,7239
SCC,5069,1,0,7240
SCC,5070,1,0,7241
SCC,5071,1,0,7243
SCC,5072,1,0,7245
SCC,5073,1,0,7246
SCC,5074,1,0,7250
SCC,5075,1,0,7251
SCC,5076,1,0,7252
SCC,5077,1,0,7253
SCC,5078,1,0,7254
SCC,5079,1,0,7255
SCC,5080,1,0,7257
SCC,5081,1,0,7260
SCC,5082,1,0,7265
SCC,5083,1,0,7266
SCC,5084,1,0,7267
SCC,5085,1,0,7268
SCC,5086,1,0,7269
SCC,5087,1,0,7270
SCC,5088,1,0,7271
SCC,5089,1,0,7273
SCC,5090,1,0,7276
SCC,5091,1,0,7278
SCC,5092,1,0,7281
SCC,5093,1,0,7282
SCC,5094,1,0,7283
SCC,5095,1,0,7284
SCC,5096,1,0,7285
SCC,5097,1,0,7286
SCC,5098,1,0,7287
SCC,5099,1,0,7289
SCC,5100,1,0,7290
SCC,5101,1,0,7291
SCC,5102,1,0,7292
SCC,5103,1,0,7293
SCC,5104,1,0,7294
SCC,5105,1,0,7296
SCC,5106,1,0,7297
SCC,5107,1,0,7298
SCC,5108,1,0,7299
SCC,5109,1,0,7300
SCC,5110,1,0,7302
SCC,5111,1,0,7304
SCC,5112,1,0,7305
SCC,5113,1,0,7306
SCC,5114,1,0,7309
SCC,5115,1,0,7310
SCC,5116,1,0,7315
SCC,5117,1,0,7316
SCC,5118,1,0,7317
SCC,5119,1,0,7318
SCC,5120,1,0,7319
SCC,5121,1,0,7320
SCC,5122,1,0,7321
SCC,5123,1,0,7323
SCC,5124,1,0,7326
SCC,5125,1,0,7327
SCC,5126,1,0,7329
SCC,5127,1,0,7330
SCC,5128,1,0,7332
SCC,5129,1,0,7333
SCC,5130,1,0,7335
SCC,5131,1,0,7336
SCC,5132,1,0,7337
SCC,5133,1,0,7342
SCC,5134,1,0,7343
SCC,5135,1,0,7344
SCC,5136,1,0,7345
SCC,5137,1,0,7347
SCC,5138,1,0,7348
SCC,5139,1,0,7349
SCC,5140,1,0,7350
SCC,5141,1,0,7352
SCC,5142,1,0,7353
SCC,5143,1,0,7354
SCC,5144,1,0,7355
SCC,5145,1,0,7357
SCC,5146,1,0,7359
SCC,5147,1,0,7360
SCC,5148,1,0,7363
SCC,5149,1,0,7371
SCC,5150,1,0,7372
SCC,5151,1,0,7373
SCC,5152,1,0,7374
SCC,5153,1,0,7376
SCC,5154,1,0,7377
SCC,5155,1,0,7379
SCC,5156,1,0,7380
SCC,5157,1,0,7381
SCC,5158,1,0,7382
SCC,5159,1,0,7383
SCC,5160,1,0,7390
SCC,5161,1,0,7392
SCC,5162,1,0,7394
SCC,5163,1,0,7397
SCC,5164,1,0,7401
SCC,5165,1,0,7402
SCC,5166,1,0,7403
SCC,5167,1,0,7404
SCC,5168,1,0,7405
SCC,5169,1,0,7409
SCC,5170,1,0,7413
SCC,5171,1,0,7414
SCC,5172,1,0,7415
SCC,5173,1,0,7416
SCC,5174,1,0,7417
SCC,5175,1,0,7418
SCC,5176,1,0,7419
SCC,5177,1,0,7420
SCC,5178,1,0,7421
SCC,5179,1,0,7422
SCC,5180,1,0,7423
SCC,5181,1,0,7424
SCC,5182,1,0,7425
SCC,5183,1,0,7426
SCC,5184,1,0,7427
SCC,5185,1,0,7428
SCC,5186,1,0,7429
SCC,5187,1,0,7430
SCC,5188,1,0,7431
SCC,5189,1,0,7434
SCC,5190,1,0,7436
SCC,5191,1,0,7439
SCC,5192,1,0,7440
SCC,5193,1,0,7441
SCC,5194,1,0,7442
SCC,5195,1,0,7444
SCC,5196,1,0,7445
SCC,5197,1,0,7446
SCC,5198,1,0,7447
SCC,5199,1,0,7448
SCC,5200,1,0,7450
SCC,5201,1,0,7451
SCC,5202,1,0,7452
SCC,5203,1,0,7453
SCC,5204,1,0,7454
SCC,5205,1,0,7455
SCC,5206,1,0,7456
SCC,5207,1,0,7457
SCC,5208,1,0,7458
SCC,5209,1,0,7459
SCC,5210,1,0,7461
SCC,5211,1,0,7462
SCC,5212,1,0,7465
SCC,5213,1,0,7466
SCC,5214,1,0,7467
SCC,5215,1,0,7468
SCC,5216,1,0,7469
SCC,5217,1,0,7470
SCC,5218,1,0,7471
SCC,5219,1,0,7472
SCC,5220,1,0,7473
SCC,5221,1,0,7474
SCC,5222,1,0,7476
SCC,5223,1,0,7477
SCC,5224,1,0,7478
SCC,5225,1,0,7480
SCC,5226,1,0,7481
SCC,5227,1,0,7482
SCC,5228,1,0,7483
SCC,5229,1,0,7484
SCC,5230,1,0,7485
SCC,5231,1,0,7486
SCC,5232,1,0,7487
SCC,5233,1,0,7491
SCC,5234,1,0,7492
SCC,5235,1,0,7494
SCC,5236,1,0,7495
SCC,5237,1,0,7497
SCC,5238,1,0,7498
SCC,5239,1,0,7501
SCC,5240,1,0,7502
SCC,5241,1,0,7503
SCC,5242,1,0,7505
SCC,5243,1,0,7506
SCC,5244,1,0,7508
SCC,5245,1,0,7509
SCC,5246,1,0,7510
SCC,5247,1,0,7511
SCC,5248,1,0,7512
SCC,5249,1,0,7513
SCC,5250,1,0,7514
SCC,5251,1,0,7515
SCC,5252,1,0,7518
SCC,5253,1,0,7522
SCC,5254,1,0,7523
SCC,5255,1,0,7524
SCC,5256,1,0,7525
SCC,5257,1,0,7527
SCC,5258,1,0,7528
SCC,5259,1,0,7529
SCC,5260,1,0,7531
SCC,5261,1,0,7533
SCC,5262,1,0,7534
SCC,5263,1,0,7535
SCC,5264,1,0,7536
SCC,5265,1,0,7537
SCC,5266,1,0,7538
SCC,5267,1,0,7540
SCC,5268,1,0,7545
SCC,5269,1,0,7546
SCC,5270,1,0,7549
SCC,5271,1,0,7550
SCC,5272,1,0,7553
SCC,5273,1,0,7554
SCC,5274,1,0,7557
SCC,5275,1,0,7561
SCC,5276,1,0,7563
SCC,5277,1,0,7564
SCC,5278,1,0,7565
SCC,5279,1,0,7567
SCC,5280,1,0,7569
SCC,5281,1,0,7570
SCC,5282,1,0,7571
SCC,5283,1,0,7572
SCC,5284,1,0,7574
SCC,5285,1,0,7576
SCC,5286,1,0,7577
SCC,5287,1,0,7578
SCC,5288,1,0,7579
SCC,5289,1,0,7580
SCC,5290,1,0,7581
SCC,5291,1,0,7583
SCC,5292,1,0,7585
SCC,5293,1,0,7586
SCC,5294,1,0,7587
SCC,5295,1,0,7590
SCC,5296,1,0,7594
SCC,5297,1,0,7595
SCC,5298,1,0,7597
SCC,5299,1,0,7598
SCC,5300,1,0,7599
SCC,5301,1,0,7600
SCC,5302,1,0,7601
SCC,5303,1,0,7602
SCC,5304,1,0,7604
SCC,5305,1,0,7605
SCC,5306,1,0,7608
SCC,5307,1,0,7609
SCC,5308,1,0,7610
SCC,5309,1,0,7611
SCC,5310,1,0,7613
SCC,5311,1,0,7614
SCC,5312,1,0,7615
SCC,5313,1,0,7616
SCC,5314,1,0,7617
SCC,5315,1,0,7619
SCC,5316,1,0,7620
SCC,5317,1,0,7623
SCC,5318,1,0,7624
SCC,5319,1,0,7625
SCC,5320,1,0,7626
SCC,5321,1,0,7629
SCC,5322,1,0,7630
SCC,5323,1,0,7632
SCC,5324,1,0,7636
SCC,5325,1,0,7637
SCC,5326,1,0,7638
SCC,5327,1,0,7639
SCC,5328,1,0,7644
SCC,5329,1,0,7645
SCC,5330,1,0,7646
SCC,5331,1,0,7650
SCC,5332,1,0,7651
SCC,5333,1,0,7652
SCC,5334,1,0,7653
SCC,5335,1,0,7658
SCC,5336,1,0,7659
SCC,5337,1,0,7660
SCC,5338,1,0,7661
SCC,5339,1,0,7662
SCC,5340,1,0,7663
SCC,5341,1,0,7664
SCC,5342,1,0,7665
SCC,5343,1,0,7668
SCC,5344,1,0,7669
SCC,5345,1,0,7670
SCC,5346,1,0,7672
SCC,5347,1,0,7673
SCC,5348,1,0,7676
SCC,5349,1,0,7677
SCC,5350,1,0,7678
SCC,5351,1,0,7679
SCC,5352,1,0,7682
SCC,5353,1,0,7683
SCC,5354,1,0,7684
SCC,5355,1,0,7685
SCC,5356,1,0,7686
SCC,5357,1,0,7687
SCC,5358,1,0,7688
SCC,5359,1,0,7690
SCC,5360,1,0,7694
SCC,5361,1,0,7696
SCC,5362,1,0,7697
SCC,5363,1,0,7698
SCC,5364,1,0,7699
SCC,5365,1,0,7703
SCC,5366,1,0,7704
SCC,5367,1,0,7705
SCC,5368,1,0,7706
SCC,5369,1,0,7707
SCC,5370,1,0,7708
SCC,5371,1,0,7715
SCC,5372,1,0,7716
SCC,5373,1,0,7717
SCC,5374,1,0,7719
SCC,5375,1,0,7720
SCC,5376,1,0,7721
SCC,5377,1,0,7724
SCC,5378,1,0,7727
SCC,5379,1,0,7728
SCC,5380,1,0,7729
SCC,5381,1,0,7730
SCC,5382,1,0,7732
SCC,5383,1,0,7733
SCC,5384,1,0,7734
SCC,5385,1,0,7735
SCC,5386,1,0,7736
SCC,5387,1,0,7737
SCC,5388,1,0,7738
SCC,5389,1,0,7740
SCC,5390,1,0,7741
SCC,5391,1,0,7742
SCC,5392,1,0,7743
SCC,5393,1,0,7744
SCC,5394,1,0,7745
SCC,5395,1,0,7747
SCC,5396,1,0,7750
SCC,5397,1,0,7751
SCC,5398,1,0,7752
SCC,5399,1,0,7753
SCC,5400,1,0,7754
SCC,5401,1,0,7755
SCC,5402,1,0,7756
SCC,5403,1,0,7757
SCC,5404,1,0,7758
SCC,5405,1,0,7759
SCC,5406,1,0,7760
SCC,5407,1,0,7761
SCC,5408,1,0,7762
SCC,5409,1,0,7763
SCC,5410,1,0,7765
SCC,5411,1,0,7766
SCC,5412,1,0,7767
SCC,5413,1,0,7768
SCC,5414,1,0,7769
SCC,5415,1,0,7770
SCC,5416,1,0,7771
SCC,5417,1,0,7772
SCC,5418,1,0,7773
SCC,5419,1,0,7774
SCC,5420,1,0,7775
SCC,5421,1,0,7777
SCC,5422,1,0,7778
SCC,5423,1,0,7779
SCC,5424,1,0,7780
SCC,5425,1,0,7781
SCC,5426,1,0,7782
SCC,5427,1,0,7783
SCC,5428,1,0,7788
SCC,5429,1,0,7789
SCC,5430,1,0,7790
SCC,5431,1,0,7792
SCC,5432,1,0,7795
SCC,5433,1,0,7796
SCC,5434,1,0,7797
SCC,5435,1,0,7799
SCC,5436,1,0,7800
SCC,5437,1,0,7801
SCC,5438,1,0,7802
SCC,5439,1,0,7803
SCC,5440,1,0,7804
SCC,5441,1,0,7805
SCC,5442,1,0,7806
SCC,5443,1,0,7808
SCC,5444,1,0,7809
SCC,5445,1,0,7812
SCC,5446,1,0,7813
SCC,5447,1,0,7814
SCC,5448,1,0,7815
SCC,5449,1,0,7818
SCC,5450,1,0,7819
SCC,5451,1,0,7821
SCC,5452,1,0,7822
SCC,5453,1,0,7826
SCC,5454,1,0,7827
SCC,5455,1,0,7828
SCC,5456,1,0,7829
SCC,5457,1,0,7830
SCC,5458,1,0,7831
SCC,5459,1,0,7832
SCC,5460,1,0,7834
SCC,5461,1,0,7836
SCC,5462,1,0,7837
SCC,5463,1,0,7839
SCC,5464,1,0,7840
SCC,5465,1,0,7841
SCC,5466,1,0,7842
SCC,5467,1,0,7843
SCC,5468,1,0,7844
SCC,5469,1,0,7845
SCC,5470,1,0,7848
SCC,5471,1,0,7849
SCC,5472,1,0,7850
SCC,5473,1,0,7851
SCC,5474,1,0,7852
SCC,5475,1,0,7853
SCC,5476,1,0,7854
SCC,5477,1,0,7855
SCC,5478,1,0,7856
SCC,5479,1,0,7857
SCC,5480,1,0,7861
SCC,5481,1,0,7863
SCC,5482,1,0,7864
SCC,5483,1,0,7865
SCC,5484,1,0,7866
SCC,5485,1,0,7867
SCC,5486,1,0,7868
SCC,5487,1,0,7869
SCC,5488,1,0,7870
SCC,5489,1,0,7871
SCC,5490,1,0,7873
SCC,5491,1,0,7875
SCC,5492,1,0,7877
SCC,5493,1,0,7878
SCC,5494,1,0,7879
SCC,5495,1,0,7881
SCC,5496,1,0,7883
SCC,5497,1,0,7884
SCC,5498,1,0,7885
SCC,5499,1,0,7886
SCC,5500,1,0,7887
SCC,5501,1,0,7888
SCC,5502,1,0,7889
SCC,5503,1,0,7890
SCC,5504,1,0,7891
SCC,5505,1,0,7892
SCC,5506,1,0,7893
SCC,5507,1,0,7894
SCC,5508,1,0,7899
SCC,5509,1,0,7900
SCC,5510,1,0,7901
SCC,5511,1,0,7902
SCC,5512,1,0,7903
SCC,5513,1,0,7904
SCC,5514,1,0,7905
SCC,5515,1,0,7906
SCC,5516,1,0,7907
SCC,5517,1,0,7908
SCC,5518,1,0,7909
SCC,5519,1,0,7911
SCC,5520,1,0,7912
SCC,5521,1,0,7913
SCC,5522,1,0,7914
SCC,5523,1,0,7915
SCC,5524,1,0,7916
SCC,5525,1,0,7919
SCC,5526,1,0,7920
SCC,5527,1,0,7921
SCC,5528,1,0,7922
SCC,5529,1,0,7923
SCC,5530,1,0,7925
SCC,5531,1,0,7927
SCC,5532,1,0,7929
SCC,5533,1,0,7930
SCC,5534,1,0,7931
SCC,5535,1,0,7932
SCC,5536,1,0,7933
SCC,5537,1,0,7934
SCC,5538,1,0,7935
SCC,5539,1,0,7937
SCC,5540,1,0,7938
SCC,5541,1,0,7939
SCC,5542,1,0,7940
SCC,5543,1,0,7941
SCC,5544,1,0,7942
SCC,5545,1,0,7944
SCC,5546,1,0,7945
SCC,5547,1,0,7946
SCC,5548,1,0,7948
SCC,5549,1,0,7949
SCC,5550,1,0,7950
SCC,5551,1,0,7952
SCC,5552,1,0,7953
SCC,5553,1,0,7954
SCC,5554,1,0,7955
SCC,5555,1,0,7956
SCC,5556,1,0,7957
SCC,5557,1,0,7959
SCC,5558,1,0,7960
SCC,5559,1,0,7961
SCC,5560,1,0,7964
SCC,5561,1,0,7965
SCC,5562,1,0,7966
SCC,5563,1,0,7967
SCC,5564,1,0,7968
SCC,5565,1,0,7969
SCC,5566,1,0,7970
SCC,5567,1,0,7972
SCC,5568,1,0,7973
SCC,5569,1,0,7974
SCC,5570,1,0,7975
SCC,5571,1,0,7976
SCC,5572,1,0,7978
SCC,5573,1,0,7979
SCC,5574,1,0,7980
SCC,5575,1,0,7981
SCC,5576,1,0,7982
SCC,5577,1,0,7985
SCC,5578,1,0,7986
SCC,5579,1,0,7991
SCC,5580,1,0,7992
SCC,5581,1,0,7993
SCC,5582,1,0,7994
SCC,5583,1,0,7995
SCC,5584,1,0,7996
SCC,5585,1,0,7998
SCC,5586,1,0,7999
SCC,5587,1,0,8000
SCC,5588,1,0,8001
SCC,5589,1,0,8002
SCC,5590,1,0,8005
SCC,5591,1,0,8006
SCC,5592,1,0,8007
SCC,5593,1,0,8009
SCC,5594,1,0,8010
SCC,5595,1,0,8011
SCC,5596,1,0,8012
SCC,5597,1,0,8013
SCC,5598,1,0,8014
SCC,5599,1,0,8015
SCC,5600,1,0,8019
SCC,5601,1,0,8020
SCC,5602,1,0,8023
SCC,5603,1,0,8024
SCC,5604,1,0,8025
SCC,5605,1,0,8027
SCC,5606,1,0,8028
SCC,5607,1,0,8033
SCC,5608,1,0,8035
SCC,5609,1,0,8036
SCC,5610,1,0,8037
SCC,5611,1,0,8038
SCC,5612,1,0,8040
SCC,5613,1,0,8041
SCC,5614,1,0,8043
SCC,5615,1,0,8044
SCC,5616,1,0,8045
SCC,5617,1,0,8046
SCC,5618,1,0,8047
SCC,5619,1,0,8048
SCC,5620,1,0,8049
SCC,5621,1,0,8052
SCC,5622,1,0,8053
SCC,5623,1,0,8054
SCC,5624,1,0,8055
SCC,5625,1,0,8056
SCC,5626,1,0,8057
SCC,5627,1,0,8058
SCC,5628,1,0,8060
SCC,5629,1,0,8061
SCC,5630,1,0,8062
SCC,5631,1,0,8063
SCC,5632,1,0,8064
SCC,5633,1,0,8065
SCC,5634,1,0,8066
SCC,5635,1,0,8068
SCC,5636,1,0,8069
SCC,5637,1,0,8070
SCC,5638,1,0,8071
SCC,5639,1,0,8072
SCC,5640,1,0,8073
SCC,5641,1,0,8074
SCC,5642,1,0,8075
SCC,5643,1,0,8076
SCC,5644,1,0,8077
SCC,5645,1,0,8079
SCC,5646,1,0,8080
SCC,5647,1,0,8081
SCC,5648,1,0,8083
SCC,5649,1,0,8084
SCC,5650,1,0,8085
SCC,5651,1,0,8086
SCC,5652,1,0,8087
SCC,5653,1,0,8088
SCC,5654,1,0,8089
SCC,5655,1,0,8090
SCC,5656,1,0,8091
SCC,5657,1,0,8092
SCC,5658,1,0,8093
SCC,5659,1,0,8094
SCC,5660,1,0,8095
SCC,5661,1,0,8096
SCC,5662,1,0,8097
SCC,5663,1,0,8098
SCC,5664,1,0,8099
SCC,5665,1,0,8100
SCC,5666,1,0,8101
SCC,5667,1,0,8102
SCC,5668,1,0,8103
SCC,5669,1,0,8104
SCC,5670,1,0,8105
SCC,5671,1,0,8106
SCC,5672,1,0,8107
SCC,5673,1,0,8108
SCC,5674,1,0,8109
SCC,5675,1,0,8110
SCC,5676,1,0,8111
SCC,5677,1,0,8112
SCC,5678,1,0,8114
SCC,5679,1,0,8115
SCC,5680,1,0,8118
SCC,5681,1,0,8119
SCC,5682,1,0,8120
SCC,5683,1,0,8121
SCC,5684,1,0,8122
SCC,5685,1,0,8124
SCC,5686,1,0,8126
SCC,5687,1,0,8128
SCC,5688,1,0,8130
SCC,5689,1,0,8131
SCC,5690,1,0,8132
SCC,5691,1,0,8133
SCC,5692,1,0,8134
SCC,5693,1,0,8135
SCC,5694,1,0,8136
SCC,5695,1,0,8137
SCC,5696,1,0,8138
SCC,5697,1,0,8139
SCC,5698,1,0,8140
SCC,5699,1,0,8141
SCC,5700,1,0,8142
SCC,5701,1,0,8144
SCC,5702,1,0,8145
SCC,5703,1,0,8146
SCC,5704,1,0,8147
SCC,5705,1,0,8148
SCC,5706,1,0,8149
SCC,5707,1,0,8150
SCC,5708,1,0,8152
SCC,5709,1,0,8153
SCC,5710,1,0,8155
SCC,5711,1,0,8156
SCC,5712,1,0,8157
SCC,5713,1,0,8158
SCC,5714,1,0,8159
SCC,5715,1,0,8161
SCC,5716,1,0,8162
SCC,5717,1,0,8163
SCC,5718,1,0,8165
SCC,5719,1,0,8166
SCC,5720,1,0,8167
SCC,5721,1,0,8168
SCC,5722,1,0,8169
SCC,5723,1,0,8170
SCC,5724,1,0,8171
SCC,5725,1,0,8172
SCC,5726,1,0,8173
SCC,5727,1,0,8174
SCC,5728,1,0,8175
SCC,5729,1,0,8177
SCC,5730,1,0,8178
SCC,5731,1,0,8179
SCC,5732,1,0,8180
SCC,5733,1,0,8181
SCC,5734,1,0,8182
SCC,5735,1,0,8183
SCC,5736,1,0,8184
SCC,5737,1,0,8186
SCC,5738,1,0,8187
SCC,5739,1,0,8189
SCC,5740,1,0,8190
SCC,5741,1,0,8192
SCC,5742,1,0,8193
SCC,5743,1,0,8194
SCC,5744,1,0,8195
SCC,5745,1,0,8196
SCC,5746,1,0,8197
SCC,5747,1,0,8198
SCC,5748,1,0,8199
SCC,5749,1,0,8202
SCC,5750,1,0,8203
SCC,5751,1,0,8205
SCC,5752,1,0,8206
SCC,5753,1,0,8209
SCC,5754,1,0,8211
SCC,5755,1,0,8212
SCC,5756,1,0,8213
SCC,5757,1,0,8214
SCC,5758,1,0,8215
SCC,5759,1,0,8216
SCC,5760,1,0,8219
SCC,5761,1,0,8221
SCC,5762,1,0,8222
SCC,5763,1,0,8224
SCC,5764,1,0,8225
SCC,5765,1,0,8226
SCC,5766,1,0,8229
SCC,5767,1,0,8231
SCC,5768,1,0,8232
SCC,5769,1,0,8233
SCC,5770,1,0,8235
SCC,5771,1,0,8236
SCC,5772,1,0,8237
SCC,5773,1,0,8238
SCC,5774,1,0,8241
SCC,5775,1,0,8242
SCC,5776,1,0,8243
SCC,5777,1,0,8244
SCC,5778,1,0,8245
SCC,5779,1,0,8246
SCC,5780,1,0,8248
SCC,5781,1,0,8249
SCC,5782,1,0,8251
SCC,5783,1,0,8252
SCC,5784,1,0,8253
SCC,5785,1,0,8254
SCC,5786,1,0,8255
SCC,5787,1,0,8256
SCC,5788,1,0,8260
SCC,5789,1,0,8261
SCC,5790,1,0,8262
SCC,5791,1,0,8264
SCC,5792,1,0,8265
SCC,5793,1,0,8266
SCC,5794,1,0,8270
SCC,5795,1,0,8272
SCC,5796,1,0,8273
SCC,5797,1,0,8274
SCC,5798,1,0,8275
SCC,5799,1,0,8276
SCC,5800,1,0,8277
SCC,5801,1,0,8282
SCC,5802,1,0,8283
SCC,5803,1,0,8284
SCC,5804,1,0,8285
SCC,5805,1,0,8286
SCC,5806,1,0,8287
SCC,5807,1,0,8288
SCC,5808,1,0,8289
SCC,5809,1,0,8290
SCC,5810,1,0,8291
SCC,5811,1,0,8292
SCC,5812,1,0,8293
SCC,5813,1,0,8294
SCC,5814,1,0,8295
SCC,5815,1,0,8296
SCC,5816,1,0,8297
