origem,destino
11,29
11,56
11,72
11,127
11,204
11,214
11,285
11,306
11,313
11,465
11,637
11,722
11,762
11,765
11,825
11,1055
11,1154
11,1167
11,1185
11,1191
11,1211
11,1239
11,1259
11,1297
11,1305
11,1307
11,1310
11,1319
11,1360
11,1374
11,1384
11,1385
11,1437
11,1487
11,1549
11,1583
11,1608
11,1621
11,1622
11,1633
11,1637
11,1646
11,1653
11,1661
11,1679
11,1680
11,1688
11,1700
11,1706
11,1729
11,1769
11,1919
11,1956
11,1990
11,2014
11,2066
11,2109
11,2114
11,2134
11,2144
11,2145
11,2210
11,2237
11,2240
11,2252
11,2257
11,2289
11,2328
11,2364
11,2381
11,2384
11,2410
11,2411
11,2426
11,2456
11,2470
11,2485
11,2506
11,2508
11,2517
11,2535
11,2544
11,2565
11,2585
11,2593
11,2595
11,2612
11,2625
11,2646
11,2653
11,2655
11,2657
11,2686
11,2696
11,2727
11,2746
11,2754
11,2763
11,2775
11,2777
11,2787
11,2794
11,2811
11,2859
11,2871
11,2900
11,2923
11,2932
11,2958
11,2981
11,3002
11,3005
11,3007
11,3010
11,3024
11,3026
11,3028
11,3034
11,3059
11,3073
11,3084
11,3092
11,3114
11,3117
11,3125
11,3140
11,3144
11,3192
11,3258
11,3260
11,3284
11,3291
11,3309
11,3321
11,3334
11,3352
11,3394
11,3404
11,3439
11,3443
11,3447
11,3452
11,3453
11,3454
11,3458
11,3464
11,3480
11,3529
11,3537
11,3557
11,3562
11,3568
11,3607
11,3615
11,3631
11,3635
11,3645
11,3650
11,3660
11,3661
11,3680
11,3748
11,3787
11,3806
11,3807
11,3812
11,3830
11,3843
11,3847
11,3871
11,3892
11,3903
11,3926
11,3937
11,3956
11,3958
11,3967
11,4011
11,4013
11,4021
11,4024
11,4040
11,4043
11,4044
11,4055
11,4058
11,4065
11,4072
11,4088
11,4103
11,4124
11,4162
11,4179
11,4201
11,4212
11,4231
11,4247
11,4256
11,4261
11,4263
11,4266
11,4269
11,4289
11,4290
11,4297
11,4299
11,4335
11,4384
11,4417
11,4422
11,4424
11,4463
11,4485
11,4510
11,4528
11,4531
11,4547
11,4578
11,4613
11,4661
11,4662
11,4706
11,4709
11,4719
11,4796
11,4808
11,4811
11,4814
11,4820
11,4827
11,4938
11,5026
11,5037
11,5055
11,5073
11,5092
11,5100
11,5106
11,5130
11,5132
11,5144
11,5802
11,6496
14,56
14,127
14,214
14,1259
14,1307
14,1385
14,2016
14,2066
14,2134
14,2384
14,2470
14,2565
14,2595
14,2653
14,3192
14,3562
14,4055
14,4179
14,4247
20,56
20,214
20,306
20,425
20,465
20,722
20,765
20,1055
20,1167
20,1211
20,1307
20,1374
20,1680
20,1919
20,2134
20,2324
20,2411
20,2517
20,2565
20,2693
20,2775
20,2777
20,2828
20,2877
20,2900
20,3027
20,3371
20,3456
20,3516
20,4179
20,4373
20,5714
20,5814
20,5818
20,6780
20,7726
29,56
29,127
29,214
29,313
29,722
29,840
29,938
29,1026
29,1297
29,1307
29,1548
29,1549
29,2252
29,2565
29,3643
29,3717
29,3720
29,3843
29,4011
29,4021
29,4088
29,4103
29,4666
29,5404
29,5545
29,5582
29,5922
29,6198
29,6503
29,6913
29,6946
29,7052
29,7119
29,7295
47,56
47,72
47,127
47,214
47,290
47,1211
47,1297
47,1307
47,1723
47,1956
47,2066
47,2240
47,2398
47,2470
47,2485
47,2506
47,2565
47,2754
47,2777
47,2871
47,2900
47,2955
47,3352
47,3631
47,3720
47,3803
47,3897
47,3946
47,4037
47,4058
47,4189
47,4256
47,4735
47,5412
47,5922
47,6227
47,6875
56,214
56,762
56,1211
56,1549
56,2323
56,2651
68,56
68,72
68,127
68,290
68,465
68,762
68,825
68,1026
68,1157
68,1239
68,1374
68,1437
68,1498
68,1549
68,1633
68,1637
68,1646
68,1680
68,1688
68,1706
68,1792
68,1919
68,2066
68,2102
68,2134
68,2160
68,2174
68,2209
68,2237
68,2264
68,2307
68,2325
68,2328
68,2338
68,2354
68,2371
68,2535
68,2565
68,2576
68,2593
68,2597
68,2612
68,2653
68,2654
68,2697
68,2708
68,2764
68,2775
68,2809
68,2814
68,2859
68,2871
68,2877
68,2900
68,2912
68,2951
68,2973
68,3018
68,3021
68,3024
68,3026
68,3028
68,3034
68,3050
68,3056
68,3084
68,3089
68,3117
68,3145
68,3150
68,3192
68,3238
68,3258
68,3276
68,3307
68,3313
68,3334
68,3351
68,3352
68,3371
68,3435
68,3439
68,3443
68,3454
68,3459
68,3473
68,3489
68,3506
68,3537
68,3557
68,3607
68,3635
68,3643
68,3661
68,3691
68,3806
68,3807
68,3816
68,3892
68,3897
68,3946
68,3958
68,4013
68,4024
68,4037
68,4040
68,4051
68,4055
68,4065
68,4124
68,4162
68,4179
68,4201
68,4211
68,4212
68,4231
68,4247
68,4290
68,4335
68,4373
68,4453
68,4485
68,4536
68,4587
68,4588
68,4613
68,4631
68,4828
68,4875
68,4884
68,4944
68,4981
68,5002
68,5022
68,5079
68,5096
68,5179
68,5210
68,5233
68,5245
68,5288
68,5404
68,5412
68,5423
68,5430
68,5449
68,5459
68,5484
68,5524
68,5543
68,5545
68,5605
68,5637
68,5671
68,5697
68,5806
68,5814
68,5839
68,5902
68,5922
68,5933
68,6097
68,6634
68,6774
68,6832
68,6914
68,7063
68,7094
68,7115
68,7233
68,7341
68,7544
68,7553
68,7620
68,7632
72,56
72,204
72,313
72,637
72,762
72,1026
72,1211
72,1310
72,1319
72,1549
72,1621
72,1622
72,1637
72,1982
72,2066
72,2398
72,2535
72,2565
72,2775
72,3164
72,3238
72,3276
72,3291
72,3334
72,3352
72,3443
72,3459
72,3607
72,4037
72,4098
72,4335
72,5022
72,5079
72,5321
72,5459
72,5511
72,5524
72,5683
72,6004
72,6774
72,6790
72,6832
72,6833
72,6855
72,6979
72,7050
72,7279
72,7478
72,7620
72,7632
87,29
87,56
87,72
87,204
87,290
87,313
87,737
87,762
87,765
87,1026
87,1055
87,1297
87,1307
87,1549
87,1956
87,2053
87,2066
87,2256
87,2264
87,2354
87,2398
87,2456
87,2535
87,2565
87,2576
87,2623
87,2754
87,2764
87,2790
87,2900
87,3027
87,3117
87,3192
87,3238
87,3276
87,3334
87,3352
87,3443
87,3453
87,3460
87,3464
87,3473
87,3516
87,3892
87,3897
87,3962
87,4037
87,4110
87,4124
87,4191
87,4400
87,4453
87,4485
87,4510
87,4632
87,4712
87,4735
87,5020
87,5022
87,5028
87,5055
87,5210
87,5392
87,5412
87,5421
87,5449
87,5459
87,5484
87,5683
87,5697
87,6174
87,6496
87,6737
87,6930
87,7381
87,7478
87,7649
87,7662
99,1498
99,2565
99,3293
99,3371
99,4071
99,5022
99,5055
99,5412
99,5812
99,6560
99,6634
99,6737
99,6765
99,6774
99,6918
99,7574
99,7588
99,7632
122,204
122,403
122,417
122,465
122,737
122,765
122,825
122,856
122,974
122,1026
122,1166
122,1239
122,1247
122,1291
122,1297
122,1385
122,1393
122,1419
122,1549
122,1637
122,1653
122,1723
122,1729
122,1777
122,1792
122,1990
122,2014
122,2066
122,2102
122,2120
122,2135
122,2145
122,2209
122,2237
122,2240
122,2252
122,2256
122,2257
122,2289
122,2322
122,2354
122,2371
122,2375
122,2381
122,2384
122,2398
122,2411
122,2456
122,2474
122,2485
122,2506
122,2508
122,2516
122,2517
122,2542
122,2565
122,2585
122,2597
122,2623
122,2625
122,2646
122,2651
122,2653
122,2654
122,2657
122,2660
122,2667
122,2693
122,2697
122,2700
122,2747
122,2768
122,2799
122,2805
122,2809
122,2811
122,2828
122,2834
122,2900
122,2932
122,2955
122,2958
122,2963
122,2966
122,2968
122,2979
122,2981
122,3007
122,3010
122,3024
122,3028
122,3029
122,3034
122,3059
122,3084
122,3106
122,3114
122,3117
122,3140
122,3144
122,3148
122,3173
122,3192
122,3251
122,3253
122,3258
122,3260
122,3276
122,3291
122,3309
122,3321
122,3352
122,3393
122,3404
122,3435
122,3439
122,3443
122,3453
122,3456
122,3458
122,3480
122,3489
122,3516
122,3520
122,3537
122,3541
122,3568
122,3580
122,3587
122,3615
122,3635
122,3645
122,3646
122,3661
122,3681
122,3812
122,3843
122,3847
122,3871
122,3887
122,3903
122,3926
122,3958
122,3976
122,4013
122,4043
122,4117
122,4162
122,4191
122,4201
122,4247
122,4263
122,4266
122,4289
122,4335
122,4365
122,4384
122,4400
122,4417
122,4422
122,4453
122,4463
122,4530
122,4531
122,4578
122,4662
122,4712
122,4719
122,4953
122,4964
122,4999
122,5335
122,5392
122,5412
122,5449
122,5454
122,5459
122,5506
122,5509
122,5592
122,5651
122,7553
122,7699
127,204
127,290
127,346
127,417
127,737
127,762
127,974
127,1026
127,1100
127,1157
127,1267
127,1297
127,1385
127,1744
127,1918
127,1956
127,2066
127,2145
127,2237
127,2252
127,2290
127,2323
127,2411
127,2565
127,2576
127,2625
127,2652
127,2654
127,2687
127,2747
127,2754
127,2790
127,2811
127,2877
127,2946
127,2963
127,2977
127,2999
127,3007
127,3009
127,3028
127,3034
127,3089
127,3114
127,3117
127,3265
127,3291
127,3351
127,3352
127,3443
127,3456
127,3516
127,3520
127,3537
127,3562
127,3567
127,3580
127,3587
127,3615
127,3680
127,3769
127,3804
127,3897
127,3976
127,4037
127,4179
127,4234
127,4269
127,4373
127,4424
127,4453
127,4735
127,4811
127,4999
127,5404
127,5412
127,5449
127,7012
127,7632
155,214
155,2398
155,3459
155,5079
155,5529
155,6665
155,6923
155,6993
155,7116
155,7400
155,7587
155,7651
155,7701
166,204
166,214
166,290
166,417
166,465
166,1157
166,1211
166,1297
166,1307
166,1493
166,1705
166,1935
166,1956
166,1990
166,2066
166,2398
166,2411
166,2565
166,2877
166,3005
166,3459
166,3562
166,3650
166,3946
166,4037
166,4191
166,4233
166,4463
166,4875
166,5002
166,5210
166,5246
166,5288
166,5800
166,6004
166,6044
166,6305
166,6330
166,6523
166,6560
166,6833
166,6855
166,6945
166,6948
166,7574
166,7695
166,7699
204,214
204,1608
204,3516
285,2517
290,204
290,214
290,633
290,765
290,974
290,1211
290,1297
290,1305
290,1622
290,1706
290,1734
290,1754
290,1918
290,1956
290,2135
290,2210
290,2225
290,2356
290,2411
290,2474
290,2508
290,2654
290,2697
290,2708
290,2871
290,3005
290,3117
290,3408
290,3516
290,4037
290,4983
290,5412
306,29
306,204
306,311
306,313
306,417
306,637
306,722
306,762
306,765
306,938
306,974
306,1026
306,1157
306,1166
306,1167
306,1297
306,1385
306,1633
306,1646
306,1700
306,1935
306,2066
306,2114
306,2144
306,2145
306,2209
306,2240
306,2257
306,2324
306,2328
306,2485
306,2510
306,2544
306,2565
306,2576
306,2646
306,2653
306,2654
306,2657
306,2660
306,2686
306,2693
306,2727
306,2747
306,2754
306,2790
306,2859
306,2900
306,2923
306,2932
306,2973
306,3005
306,3021
306,3089
306,3114
306,3117
306,3144
306,3291
306,3352
306,3404
306,3408
306,3454
306,3480
306,3529
306,3537
306,3562
306,3567
306,3680
306,3720
306,3804
306,3812
306,3847
306,3976
306,4011
306,4138
306,4162
306,4290
306,4299
306,4365
306,4661
306,5404
306,5543
311,29
311,56
311,72
311,313
311,465
311,637
311,722
311,762
311,765
311,784
311,1026
311,1055
311,1166
311,1167
311,1211
311,1297
311,1319
311,1357
311,1374
311,1385
311,1419
311,1487
311,1549
311,1583
311,1608
311,1622
311,1633
311,1700
311,1729
311,1734
311,1754
311,1769
311,1814
311,1919
311,1956
311,2102
311,2109
311,2120
311,2145
311,2210
311,2225
311,2257
311,2297
311,2322
311,2323
311,2381
311,2456
311,2485
311,2535
311,2542
311,2560
311,2565
311,2605
311,2625
311,2654
311,2655
311,2660
311,2708
311,2763
311,2775
311,2790
311,2809
311,2830
311,2871
311,2918
311,2940
311,2963
311,2968
311,2973
311,2981
311,2999
311,3007
311,3009
311,3033
311,3034
311,3068
311,3089
311,3117
311,3144
311,3238
311,3253
311,3265
311,3334
311,3408
311,3443
311,3456
311,3459
311,3506
311,3843
311,3892
311,3969
311,3976
311,4040
311,4072
311,4098
311,4435
311,4578
311,4712
311,4735
311,4884
311,5020
311,5022
311,5179
311,5335
311,5404
311,5412
311,5449
311,5543
311,5897
311,5922
311,6097
311,6151
311,6299
311,6330
311,6770
311,6918
311,6979
311,7620
311,7624
311,7632
313,29
313,56
313,290
313,762
313,974
313,1026
313,1211
313,1297
313,1549
313,1918
313,2386
313,2411
313,2565
313,2763
313,2790
313,2838
313,2871
313,2923
313,3005
313,3117
313,3456
313,3946
346,214
346,290
346,403
346,417
346,762
346,765
346,938
346,974
346,1157
346,1166
346,1297
346,1744
346,1777
346,1915
346,2144
346,2251
346,2252
346,2323
346,2325
346,2326
346,2375
346,2411
346,2416
346,2721
346,2724
346,2747
346,2805
346,2828
346,2838
346,2859
346,2900
346,2912
346,2918
346,2922
346,2923
346,2926
346,2999
346,3009
346,3034
346,3089
346,3099
346,3117
346,3173
346,3192
346,3243
346,3309
346,3483
346,3520
346,3537
346,3541
346,3557
346,3562
346,3580
346,3646
346,3812
346,3871
346,3887
346,3926
346,4266
346,4335
346,4424
346,4661
346,4666
346,4735
346,4811
346,4814
346,4820
346,4875
403,425
403,974
403,1166
403,1211
403,1705
403,1744
403,2053
403,2144
403,2264
403,2416
403,2599
403,2814
403,2834
403,2922
403,2966
417,974
417,1297
417,2066
417,3005
425,204
425,285
425,1493
425,1549
425,1777
425,1982
425,2160
425,2231
425,2433
425,2560
425,2565
425,2576
425,2700
425,2708
425,2877
425,2880
425,2951
425,2963
425,3020
425,3030
425,3089
425,3351
425,3580
425,4065
425,4373
425,4530
425,4875
425,5079
425,5233
425,5321
425,5384
425,5404
425,5800
425,5811
425,5835
425,6241
425,6424
425,6613
425,6770
425,6832
425,6833
425,6855
425,6979
425,6982
425,7047
425,7054
425,7108
425,7131
425,7351
425,7422
425,7442
425,7553
425,7587
425,7632
425,7707
457,56
457,72
457,155
457,290
457,311
457,633
457,722
457,737
457,762
457,856
457,1026
457,1055
457,1157
457,1167
457,1211
457,1247
457,1297
457,1310
457,1319
457,1357
457,1374
457,1385
457,1416
457,1487
457,1493
457,1549
457,1596
457,1622
457,1633
457,1679
457,1680
457,1705
457,1729
457,1734
457,1754
457,1799
457,1814
457,1915
457,1918
457,1982
457,1990
457,2120
457,2144
457,2145
457,2160
457,2209
457,2225
457,2237
457,2240
457,2252
457,2289
457,2324
457,2328
457,2354
457,2356
457,2364
457,2398
457,2411
457,2416
457,2433
457,2456
457,2511
457,2516
457,2517
457,2535
457,2565
457,2576
457,2605
457,2612
457,2625
457,2651
457,2653
457,2654
457,2687
457,2689
457,2693
457,2696
457,2708
457,2727
457,2746
457,2763
457,2764
457,2768
457,2775
457,2785
457,2811
457,2822
457,2831
457,2851
457,2859
457,2871
457,2877
457,2900
457,2923
457,2932
457,2958
457,2973
457,2999
457,3010
457,3020
457,3026
457,3034
457,3059
457,3084
457,3089
457,3106
457,3117
457,3125
457,3140
457,3144
457,3192
457,3200
457,3253
457,3276
457,3291
457,3321
457,3324
457,3334
457,3352
457,3371
457,3394
457,3404
457,3408
457,3439
457,3443
457,3447
457,3454
457,3456
457,3459
457,3460
457,3464
457,3483
457,3529
457,3537
457,3557
457,3562
457,3568
457,3615
457,3643
457,3646
457,3660
457,3661
457,3680
457,3691
457,3724
457,3726
457,3769
457,3796
457,3803
457,3807
457,3812
457,3830
457,3843
457,3847
457,3849
457,3854
457,3871
457,3887
457,3897
457,3910
457,3956
457,3958
457,3962
457,3976
457,4011
457,4013
457,4037
457,4040
457,4044
457,4065
457,4098
457,4124
457,4191
457,4231
457,4233
457,4247
457,4256
457,4263
457,4269
457,4297
457,4315
457,4335
457,4361
457,4400
457,4401
457,4412
457,4448
457,4482
457,4488
457,4507
457,4510
457,4530
457,4536
457,4547
457,4587
457,4600
457,4613
457,4653
457,4666
457,4709
457,4712
457,4713
457,4717
457,4735
457,4764
457,4792
457,4811
457,4814
457,4820
457,4824
457,4827
457,4828
457,4846
457,4875
457,4879
457,4929
457,4940
457,4944
457,4953
457,4964
457,4986
457,4999
457,5002
457,5012
457,5020
457,5022
457,5037
457,5055
457,5058
457,5092
457,5100
457,5130
457,5148
457,5179
457,5189
457,5199
457,5204
457,5210
457,5222
457,5233
457,5239
457,5245
457,5246
457,5288
457,5289
457,5295
457,5321
457,5335
457,5378
457,5404
457,5412
457,5449
457,5452
457,5454
457,5459
457,5484
457,5506
457,5524
457,5529
457,5543
457,5545
457,5559
457,5563
457,5596
457,5614
457,5637
457,5640
457,5651
457,5683
457,5693
457,5697
457,5714
457,5739
457,5760
457,5776
457,5800
457,5802
457,5806
457,5811
457,5812
457,5814
457,5817
457,5818
457,5822
457,5829
457,5871
457,5872
457,5897
457,5902
457,5932
457,5933
457,5998
457,6004
457,6032
457,6044
457,6097
457,6227
457,6243
457,6270
457,6272
457,6299
457,6305
457,6327
457,6347
457,6388
457,6417
457,6422
457,6442
457,6496
457,6503
457,6560
457,6613
457,6634
457,6665
457,6720
457,6770
457,6774
457,6780
457,6783
457,6832
457,6860
457,6869
457,6873
457,6875
457,6897
457,6901
457,6907
457,6913
457,6930
457,7021
457,7050
457,7073
457,7092
457,7094
457,7237
457,7238
457,7279
457,7280
457,7341
457,7351
457,7381
457,7389
457,7400
457,7414
457,7450
457,7478
457,7529
457,7544
457,7553
457,7561
457,7587
457,7624
457,7649
457,7662
457,7757
465,1307
465,2508
465,3562
465,3717
465,3812
465,3843
465,3937
465,3967
465,5449
633,306
633,311
633,313
633,1026
633,2474
633,3253
633,3310
633,3607
633,4211
633,5773
633,6004
633,6330
633,7587
634,214
634,290
634,417
634,737
634,813
634,938
634,1157
634,1297
634,1319
634,1357
634,1385
634,1403
634,1688
634,1723
634,1744
634,2225
634,2289
634,2328
634,2485
634,2542
634,2565
634,2625
634,2653
634,2654
634,2831
634,2851
634,2871
634,2955
634,3192
634,3276
634,3394
634,3455
634,3456
634,3516
634,3580
634,3796
634,3803
634,3892
634,4037
634,4290
634,4297
634,4400
634,4424
634,4929
634,5002
634,5106
634,5233
634,5288
634,5404
634,5459
634,5509
634,5524
634,5539
634,5543
634,5773
634,5814
634,5818
634,5922
634,6227
634,6869
637,311
637,762
637,1026
637,2237
637,2517
637,2565
637,2651
637,4037
637,4335
637,4712
637,4820
637,6833
722,72
722,204
722,214
722,290
722,346
722,403
722,637
722,737
722,762
722,765
722,784
722,813
722,825
722,827
722,856
722,974
722,1026
722,1154
722,1157
722,1166
722,1167
722,1211
722,1267
722,1291
722,1297
722,1307
722,1357
722,1374
722,1385
722,1596
722,1612
722,1633
722,1637
722,1646
722,1705
722,1734
722,1744
722,1754
722,1777
722,1918
722,1956
722,2053
722,2066
722,2102
722,2120
722,2145
722,2237
722,2251
722,2252
722,2256
722,2326
722,2375
722,2398
722,2410
722,2411
722,2416
722,2470
722,2501
722,2565
722,2576
722,2625
722,2647
722,2651
722,2653
722,2654
722,2662
722,2697
722,2707
722,2721
722,2727
722,2754
722,2775
722,2777
722,2785
722,2787
722,2790
722,2794
722,2799
722,2825
722,2830
722,2838
722,2856
722,2877
722,2880
722,2900
722,2902
722,2917
722,2918
722,2926
722,2940
722,2946
722,2951
722,2968
722,2972
722,2991
722,2993
722,3007
722,3018
722,3020
722,3029
722,3033
722,3034
722,3050
722,3056
722,3068
722,3089
722,3117
722,3140
722,3145
722,3173
722,3253
722,3258
722,3276
722,3371
722,3393
722,3408
722,3435
722,3443
722,3480
722,3580
722,3609
722,3680
722,3681
722,3796
722,3812
722,3897
722,3958
722,4037
722,4103
722,4201
722,4266
722,4735
722,4820
722,5022
722,5341
722,5392
722,5454
722,5484
722,6299
722,6714
722,7553
737,840
737,938
737,1403
737,1493
737,1823
737,1865
737,1982
737,2381
737,2433
737,2565
737,2851
737,2940
737,3084
737,3092
737,3106
737,3238
737,3284
737,3452
737,3458
737,3459
737,3568
737,3631
737,3726
737,3792
737,4037
737,4044
737,4065
737,4071
737,4298
737,4335
737,4401
737,4432
737,4632
737,4712
737,4713
737,4875
737,4953
737,4983
737,5002
737,5012
737,5028
737,5037
737,5096
737,5132
737,5144
737,5148
737,5179
737,5199
737,5210
737,5233
737,5239
737,5246
737,5288
737,5295
737,5321
737,5341
737,5384
737,5404
737,5412
737,5466
737,5529
737,5543
737,5563
737,5582
737,5605
737,5697
737,5760
737,5772
737,5800
737,5802
737,5807
737,5814
737,5822
737,5824
737,5887
737,5902
737,5922
737,6000
737,6004
737,6032
737,6044
737,6097
737,6123
737,6227
737,6280
737,6299
737,6305
737,6320
737,6388
737,6414
737,6417
737,6422
737,6442
737,6496
737,6523
737,6560
737,6596
737,6613
737,6618
737,6624
737,6634
737,6665
737,6720
737,6736
737,6759
737,6765
737,6770
737,6780
737,6789
737,6832
737,6855
737,6875
737,6897
737,6913
737,6930
737,6933
737,6934
737,6945
737,6946
737,6948
737,6953
737,6976
737,6979
737,6993
737,6994
737,7012
737,7047
737,7063
737,7094
737,7115
737,7116
737,7186
737,7225
737,7233
737,7279
737,7295
737,7341
737,7351
737,7373
737,7386
737,7391
737,7422
737,7442
737,7450
737,7517
737,7544
737,7553
737,7567
737,7574
737,7588
737,7593
737,7618
737,7620
737,7632
737,7649
737,7651
737,7658
737,7666
737,7673
737,7694
737,7699
737,7778
762,1026
762,1191
762,1211
762,2066
762,2508
762,2651
762,2790
762,3976
762,4875
762,5148
762,5162
762,5902
762,7378
762,7587
762,7620
762,7632
762,7699
766,72
766,155
766,204
766,285
766,346
766,403
766,417
766,633
766,722
766,737
766,762
766,765
766,825
766,856
766,967
766,974
766,1024
766,1026
766,1100
766,1157
766,1166
766,1167
766,1185
766,1191
766,1211
766,1239
766,1247
766,1267
766,1291
766,1305
766,1307
766,1310
766,1357
766,1360
766,1384
766,1385
766,1393
766,1403
766,1416
766,1419
766,1437
766,1571
766,1608
766,1621
766,1622
766,1633
766,1646
766,1653
766,1680
766,1688
766,1705
766,1706
766,1723
766,1734
766,1754
766,1769
766,1777
766,1781
766,1799
766,1808
766,1814
766,1915
766,1918
766,1919
766,1935
766,1956
766,1982
766,1990
766,2014
766,2016
766,2066
766,2102
766,2114
766,2116
766,2120
766,2134
766,2135
766,2144
766,2145
766,2174
766,2209
766,2225
766,2231
766,2237
766,2240
766,2251
766,2252
766,2256
766,2257
766,2258
766,2264
766,2290
766,2297
766,2307
766,2322
766,2324
766,2325
766,2328
766,2338
766,2354
766,2356
766,2364
766,2371
766,2375
766,2381
766,2384
766,2398
766,2410
766,2433
766,2456
766,2474
766,2485
766,2506
766,2510
766,2511
766,2516
766,2517
766,2535
766,2542
766,2544
766,2547
766,2550
766,2560
766,2565
766,2576
766,2592
766,2593
766,2594
766,2597
766,2599
766,2605
766,2617
766,2623
766,2625
766,2646
766,2653
766,2654
766,2658
766,2660
766,2662
766,2667
766,2674
766,2689
766,2693
766,2696
766,2697
766,2700
766,2707
766,2713
766,2721
766,2747
766,2754
766,2763
766,2764
766,2775
766,2785
766,2787
766,2790
766,2794
766,2805
766,2809
766,2811
766,2814
766,2815
766,2819
766,2822
766,2828
766,2830
766,2831
766,2834
766,2851
766,2856
766,2859
766,2871
766,2900
766,2909
766,2912
766,2917
766,2922
766,2923
766,2932
766,2940
766,2951
766,2955
766,2958
766,2963
766,2968
766,2972
766,2973
766,2981
766,2993
766,2999
766,3000
766,3002
766,3005
766,3009
766,3010
766,3021
766,3027
766,3029
766,3033
766,3034
766,3050
766,3073
766,3089
766,3092
766,3103
766,3114
766,3117
766,3125
766,3140
766,3144
766,3148
766,3150
766,3192
766,3200
766,3238
766,3243
766,3251
766,3253
766,3265
766,3276
766,3284
766,3291
766,3293
766,3307
766,3309
766,3310
766,3319
766,3320
766,3321
766,3324
766,3334
766,3348
766,3351
766,3352
766,3381
766,3393
766,3394
766,3408
766,3417
766,3443
766,3447
766,3452
766,3453
766,3454
766,3455
766,3456
766,3458
766,3459
766,3460
766,3464
766,3473
766,3483
766,3486
766,3489
766,3506
766,3516
766,3537
766,3541
766,3547
766,3557
766,3562
766,3580
766,3587
766,3607
766,3615
766,3631
766,3635
766,3643
766,3645
766,3646
766,3664
766,3681
766,3691
766,3720
766,3724
766,3726
766,3748
766,3752
766,3769
766,3787
766,3792
766,3796
766,3803
766,3804
766,3806
766,3812
766,3813
766,3830
766,3843
766,3854
766,3856
766,3871
766,3887
766,3897
766,3898
766,3910
766,3956
766,3958
766,3962
766,3969
766,3976
766,4011
766,4013
766,4040
766,4043
766,4044
766,4055
766,4065
766,4072
766,4098
766,4103
766,4110
766,4124
766,4134
766,4138
766,4162
766,4179
766,4189
766,4191
766,4212
766,4247
766,4256
766,4261
766,4263
766,4266
766,4269
766,4289
766,4290
766,4297
766,4298
766,4299
766,4315
766,4335
766,4341
766,4400
766,4422
766,4435
766,4448
766,4453
766,4463
766,4482
766,4485
766,4488
766,4500
766,4510
766,4528
766,4530
766,4531
766,4547
766,4551
766,4557
766,4578
766,4583
766,4587
766,4588
766,4600
766,4613
766,4631
766,4632
766,4646
766,4653
766,4661
766,4662
766,4666
766,4706
766,4709
766,4712
766,4713
766,4717
766,4719
766,4735
766,4764
766,4777
766,4780
766,4792
766,4808
766,4814
766,4820
766,4824
766,4827
766,4828
766,4846
766,4879
766,4884
766,4929
766,4938
766,4944
766,4953
766,4964
766,4981
766,4983
766,4986
766,4999
766,5002
766,5022
766,5026
766,5037
766,5055
766,5058
766,5073
766,5079
766,5092
766,5096
766,5100
766,5106
766,5130
766,5132
766,5144
766,5148
766,5189
766,5199
766,5204
766,5215
766,5222
766,5239
766,5245
766,5392
766,5404
766,5412
766,5423
766,5430
766,5432
766,5459
766,5465
766,5466
766,5506
766,5509
766,5511
766,5524
766,5539
766,5543
766,5545
766,5563
766,5596
766,5637
766,5650
766,5651
766,5671
766,5693
766,5714
766,5739
766,5773
766,5776
766,5800
766,5802
766,5806
766,5814
766,5817
766,5818
766,5822
766,5829
766,5835
766,5839
766,5871
766,5872
766,5897
766,5932
766,5933
766,5998
766,6004
766,6032
766,6043
766,6044
766,6123
766,6151
766,6174
766,6227
766,6241
766,6243
766,6272
766,6299
766,6327
766,6347
766,6414
766,6417
766,6442
766,6496
766,6555
766,6624
766,6665
766,6770
766,6774
766,6783
766,6790
766,6832
766,6860
766,6869
766,6873
766,6901
766,6907
766,6930
766,6934
766,6946
766,6976
766,6980
766,7005
766,7012
766,7021
766,7052
766,7063
766,7092
766,7101
766,7115
766,7116
766,7119
766,7143
766,7144
766,7214
766,7237
766,7238
766,7277
766,7280
766,7341
766,7381
766,7400
766,7414
766,7443
766,7450
766,7478
766,7510
766,7561
766,7618
766,7624
766,7632
766,7646
766,7649
766,7651
766,7662
766,7683
766,7694
766,7695
766,7699
766,7707
766,7726
766,7757
766,7763
766,7778
784,56
784,204
784,214
784,290
784,311
784,346
784,417
784,425
784,762
784,765
784,856
784,974
784,1166
784,1211
784,1259
784,1297
784,1360
784,1384
784,1385
784,1549
784,1622
784,1633
784,1679
784,1688
784,1706
784,1729
784,1769
784,1792
784,1814
784,1918
784,1919
784,2053
784,2066
784,2120
784,2135
784,2144
784,2145
784,2174
784,2225
784,2237
784,2256
784,2257
784,2290
784,2297
784,2323
784,2325
784,2328
784,2338
784,2356
784,2381
784,2398
784,2411
784,2416
784,2456
784,2470
784,2508
784,2535
784,2565
784,2576
784,2594
784,2597
784,2617
784,2625
784,2651
784,2653
784,2654
784,2660
784,2693
784,2727
784,2746
784,2747
784,2754
784,2763
784,2815
784,2830
784,2859
784,2877
784,2900
784,2951
784,2958
784,2963
784,2973
784,3007
784,3020
784,3030
784,3089
784,3117
784,3265
784,3291
784,3307
784,3338
784,3351
784,3352
784,3371
784,3439
784,3443
784,3489
784,3568
784,3587
784,3615
784,3631
784,3650
784,3661
784,3680
784,3720
784,3892
784,3976
784,4013
784,4103
784,4179
784,4201
784,4256
784,4263
784,4349
784,4373
784,4384
784,4424
784,4820
784,4875
784,5100
813,72
813,204
813,722
813,762
813,825
813,974
813,1055
813,1157
813,1166
813,1167
813,1211
813,1239
813,1267
813,1291
813,1297
813,1315
813,1319
813,1357
813,1360
813,1374
813,1384
813,1385
813,1419
813,1437
813,1549
813,1571
813,1608
813,1646
813,1653
813,1661
813,1705
813,1723
813,1734
813,1744
813,1754
813,1808
813,1915
813,1919
813,1990
813,2016
813,2066
813,2134
813,2144
813,2174
813,2209
813,2210
813,2251
813,2252
813,2264
813,2290
813,2297
813,2322
813,2323
813,2324
813,2328
813,2354
813,2371
813,2375
813,2384
813,2410
813,2411
813,2470
813,2485
813,2506
813,2510
813,2542
813,2544
813,2560
813,2565
813,2593
813,2595
813,2597
813,2653
813,2654
813,2655
813,2660
813,2674
813,2687
813,2693
813,2696
813,2707
813,2727
813,2747
813,2763
813,2790
813,2815
813,2819
813,2859
813,2871
813,2932
813,2955
813,2958
813,2963
813,2968
813,2973
813,2981
813,2999
813,3005
813,3024
813,3026
813,3029
813,3033
813,3034
813,3059
813,3103
813,3148
813,3173
813,3192
813,3258
813,3276
813,3284
813,3352
813,3394
813,3404
813,3473
813,3489
813,3520
813,3537
813,3557
813,3580
813,3587
813,3615
813,3646
813,3650
813,3681
813,3724
813,3748
813,3847
813,3854
813,3967
813,3976
813,4043
813,4055
813,4124
813,4138
813,4162
813,4179
813,4256
813,4263
813,4269
813,4289
813,4290
813,4578
813,4613
813,4653
813,4712
813,4735
813,4828
813,4999
813,5026
813,5092
813,5100
813,5543
825,72
825,417
825,465
825,737
825,827
825,1026
825,1166
825,1307
825,1310
825,1549
825,1680
825,1706
825,1754
825,1769
825,1823
825,2066
825,2102
825,2145
825,2209
825,2237
825,2252
825,2290
825,2328
825,2398
825,2411
825,2416
825,2456
825,2485
825,2508
825,2516
825,2576
825,2585
825,2625
825,2653
825,2660
825,2667
825,2674
825,2686
825,2700
825,2790
825,2794
825,2799
825,2871
825,2917
825,2940
825,2958
825,3024
825,3026
825,3028
825,3084
825,3103
825,3117
825,3125
825,3140
825,3148
825,3192
825,3258
825,3276
825,3321
825,3334
825,3352
825,3447
825,3456
825,3473
825,3537
825,3548
825,3562
825,3568
825,3587
825,3631
825,3635
825,3650
825,3660
825,3748
825,3796
825,3816
825,3892
825,3910
825,3926
825,3946
825,3969
825,3976
825,4024
825,4037
825,4043
825,4051
825,4058
825,4103
825,4110
825,4124
825,4191
825,4261
825,4412
825,4417
825,4463
825,4530
825,4551
825,4578
825,4735
825,4820
825,4827
825,4986
825,5020
825,5233
825,5412
825,5423
825,5454
825,5459
825,5484
825,5524
825,5545
825,5568
825,5592
825,5640
825,5817
825,6327
827,3024
827,3946
840,3962
840,5002
840,6618
840,6790
840,7063
854,72
854,762
854,1211
854,1297
854,1319
854,1384
854,1385
854,1416
854,1437
854,1549
854,1596
854,1637
854,1679
854,2135
854,2145
854,2251
854,2297
854,2411
854,2426
854,2470
854,2565
854,2651
854,2660
854,2825
854,2828
854,2880
854,2963
854,2966
854,3050
854,3238
854,3253
854,3393
854,3439
854,3456
854,3976
854,4179
854,4385
854,4712
854,4717
854,4792
854,4827
854,4929
854,6496
854,7092
856,825
856,1305
856,1307
856,1374
856,1596
856,1679
856,1814
856,2210
856,2231
856,2252
856,2328
856,2338
856,2411
856,2508
856,2535
856,2542
856,2565
856,2594
856,2651
856,2660
856,2662
856,2674
856,2686
856,2693
856,2700
856,2713
856,2747
856,2754
856,2815
856,2831
856,2900
856,2951
856,2973
856,3018
856,3030
856,3084
856,3089
856,3276
856,3307
856,3334
856,3338
856,3348
856,3371
856,3435
856,3459
856,3506
856,3516
856,3541
856,3670
856,3680
856,3803
856,3849
856,3962
856,4037
856,4058
856,4103
856,4110
856,4191
856,4233
856,4361
856,4820
856,5002
856,5233
856,5511
856,5529
856,6299
856,6347
856,6665
856,6720
856,6833
856,6855
856,6914
856,6946
856,7351
856,7620
879,737
879,825
879,1166
879,1297
879,1305
879,1549
879,1744
879,1919
879,1990
879,2144
879,2209
879,2237
879,2240
879,2257
879,2297
879,2328
879,2364
879,2381
879,2398
879,2508
879,2517
879,2565
879,2585
879,2612
879,2646
879,2653
879,2655
879,2657
879,2674
879,2746
879,2811
879,2859
879,2871
879,2973
879,3026
879,3028
879,3059
879,3125
879,3148
879,3200
879,3260
879,3276
879,3321
879,3334
879,3352
879,3394
879,3439
879,3443
879,3447
879,3453
879,3454
879,3456
879,3516
879,3537
879,3557
879,3562
879,3568
879,3607
879,3635
879,3643
879,3650
879,3661
879,3680
879,3812
879,3843
879,3871
879,3892
879,3897
879,3956
879,3976
879,4011
879,4040
879,4044
879,4051
879,4124
879,4162
879,4191
879,4212
879,4261
879,4266
879,4290
879,4335
879,4385
879,4448
879,4463
879,4485
879,4528
879,4531
879,4578
879,4613
879,4661
879,4662
879,4735
879,4814
879,4938
879,5295
879,5739
879,5800
879,5829
967,3456
967,4037
967,5210
967,5466
967,6918
967,6946
967,7620
974,204
974,417
974,762
974,1166
974,1297
974,1385
974,2144
974,2209
974,2237
974,2240
974,2289
974,2328
974,2654
974,2667
974,2747
974,2871
974,3005
974,3443
974,3580
974,3587
974,3769
974,3946
974,3976
974,4037
974,4191
974,4373
974,4384
974,4735
974,4981
974,5822
988,204
988,290
988,417
988,465
988,633
988,722
988,737
988,762
988,856
988,974
988,1100
988,1157
988,1166
988,1185
988,1267
988,1291
988,1297
988,1305
988,1307
988,1357
988,1393
988,1416
988,1437
988,1549
988,1571
988,1608
988,1633
988,1679
988,1688
988,1700
988,1706
988,1734
988,1744
988,1754
988,1769
988,1777
988,1781
988,1792
988,1814
988,1919
988,1982
988,2016
988,2066
988,2114
988,2116
988,2120
988,2134
988,2135
988,2145
988,2209
988,2210
988,2225
988,2231
988,2237
988,2240
988,2251
988,2252
988,2256
988,2257
988,2290
988,2297
988,2322
988,2323
988,2324
988,2325
988,2328
988,2338
988,2356
988,2371
988,2411
988,2416
988,2474
988,2485
988,2510
988,2517
988,2535
988,2542
988,2544
988,2550
988,2565
988,2576
988,2585
988,2593
988,2594
988,2595
988,2597
988,2612
988,2617
988,2623
988,2625
988,2646
988,2651
988,2653
988,2654
988,2655
988,2657
988,2660
988,2662
988,2667
988,2674
988,2686
988,2693
988,2697
988,2700
988,2708
988,2713
988,2727
988,2746
988,2747
988,2754
988,2799
988,2819
988,2830
988,2856
988,2900
988,2912
988,2918
988,2923
988,2951
988,2958
988,2972
988,2973
988,2974
988,2991
988,2999
988,3005
988,3007
988,3009
988,3010
988,3018
988,3020
988,3021
988,3024
988,3026
988,3028
988,3029
988,3030
988,3033
988,3034
988,3056
988,3059
988,3084
988,3089
988,3099
988,3114
988,3126
988,3140
988,3148
988,3150
988,3164
988,3173
988,3235
988,3243
988,3251
988,3253
988,3258
988,3260
988,3265
988,3276
988,3284
988,3293
988,3307
988,3324
988,3338
988,3348
988,3351
988,3352
988,3371
988,3404
988,3408
988,3435
988,3439
988,3454
988,3473
988,3480
988,3489
988,3506
988,3529
988,3537
988,3538
988,3541
988,3547
988,3548
988,3557
988,3567
988,3580
988,3587
988,3645
988,3670
988,3680
988,3681
988,3769
988,3804
988,3807
988,3812
988,3847
988,3849
988,3871
988,3892
988,3903
988,3926
988,3937
988,4013
988,4037
988,4256
988,4290
988,4384
988,4401
988,4432
988,4578
988,4735
988,4999
988,5022
988,5210
988,5605
988,5614
988,5887
988,6044
988,6618
988,6634
988,6737
988,6759
988,6946
988,6980
988,7050
988,7233
988,7391
988,7620
1024,290
1024,425
1024,825
1024,1026
1024,1291
1024,1305
1024,1307
1024,1549
1024,1637
1024,2264
1024,2384
1024,2506
1024,2625
1024,2657
1024,2696
1024,2785
1024,2805
1024,2828
1024,2830
1024,2977
1024,3009
1024,3029
1024,3033
1024,3034
1024,3125
1024,3145
1024,3150
1024,3164
1024,3408
1024,3748
1024,4162
1024,4510
1024,4706
1024,4735
1024,5055
1050,1154
1050,1357
1050,1549
1050,2053
1050,2210
1050,2264
1050,2398
1050,2565
1050,2617
1050,2651
1050,2708
1050,2777
1050,3251
1055,56
1055,204
1055,214
1055,290
1055,417
1055,737
1055,762
1055,1157
1055,1211
1055,1247
1055,1297
1055,1360
1055,1437
1055,1493
1055,1549
1055,1622
1055,1633
1055,1661
1055,1679
1055,1700
1055,1744
1055,1823
1055,1918
1055,1935
1055,1956
1055,1982
1055,1990
1055,2144
1055,2323
1055,2328
1055,2398
1055,2411
1055,2416
1055,2535
1055,2565
1055,2576
1055,2625
1055,2654
1055,2747
1055,2775
1055,2790
1055,2877
1055,2900
1055,2902
1055,2923
1055,2963
1055,3005
1055,3084
1055,3089
1055,3103
1055,3117
1055,3140
1055,3192
1055,3276
1055,3291
1055,3483
1055,3516
1055,3520
1055,3541
1055,3580
1055,3976
1055,4037
1055,4058
1055,4191
1055,4290
1055,4530
1055,4536
1055,4735
1055,4811
1055,4820
1055,4875
1055,5002
1055,5022
1055,5148
1055,5288
1055,5412
1055,5683
1055,5714
1055,5902
1055,6004
1055,6347
1055,6523
1055,6665
1055,6720
1055,6979
1055,7047
1055,7478
1055,7497
1055,7544
1055,7553
1055,7683
1055,7699
1055,7707
1055,7726
1098,56
1098,285
1098,722
1098,967
1098,1026
1098,1166
1098,1291
1098,1315
1098,1357
1098,1419
1098,1549
1098,1583
1098,1608
1098,1633
1098,1646
1098,1653
1098,1700
1098,1734
1098,1754
1098,1781
1098,1808
1098,1814
1098,1919
1098,1956
1098,1982
1098,2016
1098,2066
1098,2102
1098,2109
1098,2114
1098,2120
1098,2174
1098,2225
1098,2240
1098,2251
1098,2256
1098,2264
1098,2297
1098,2322
1098,2338
1098,2375
1098,2410
1098,2474
1098,2542
1098,2560
1098,2565
1098,2576
1098,2585
1098,2593
1098,2594
1098,2625
1098,2651
1098,2654
1098,2658
1098,2697
1098,2707
1098,2721
1098,2785
1098,2794
1098,2805
1098,2814
1098,2828
1098,2851
1098,2940
1098,2963
1098,2968
1098,2973
1098,3005
1098,3018
1098,3029
1098,3030
1098,3033
1098,3034
1098,3084
1098,3117
1098,3150
1098,3238
1098,3253
1098,3265
1098,3297
1098,3310
1098,3346
1098,3351
1098,3408
1098,3435
1098,3459
1098,3473
1098,3489
1098,3529
1098,3537
1098,3580
1098,3726
1098,4037
1098,4401
1098,4632
1098,4666
1098,4764
1098,4940
1098,4981
1098,5002
1098,5020
1098,5079
1098,5246
1098,5289
1098,5321
1098,5432
1098,5466
1098,5582
1098,5614
1098,5697
1098,5760
1098,5772
1098,5773
1098,5776
1098,5800
1098,5806
1098,5807
1098,5811
1098,5812
1098,5814
1098,5822
1098,5829
1098,5897
1098,5932
1098,5998
1098,6004
1098,6032
1098,6043
1098,6097
1098,6123
1098,6151
1098,6241
1098,6270
1098,6299
1098,6305
1098,6327
1098,6330
1098,6424
1098,6555
1098,6560
1098,6624
1098,6665
1098,6712
1098,6714
1098,6736
1098,6765
1098,6783
1098,6789
1098,6790
1098,6855
1098,6860
1098,6913
1098,6914
1098,6934
1098,6946
1098,6953
1098,6955
1098,6976
1098,6979
1098,6980
1098,6982
1098,7012
1098,7021
1098,7047
1098,7050
1098,7052
1098,7059
1098,7063
1098,7092
1098,7094
1098,7108
1098,7110
1098,7120
1098,7131
1098,7186
1098,7201
1098,7233
1098,7277
1098,7351
1098,7378
1098,7381
1098,7386
1098,7391
1098,7414
1098,7478
1098,7553
1098,7574
1098,7587
1098,7618
1098,7620
1098,7634
1098,7646
1098,7651
1098,7662
1098,7666
1098,7701
1098,7707
1098,7726
1098,7763
1100,2657
1154,2770
1166,56
1166,72
1166,204
1166,214
1166,285
1166,290
1166,346
1166,403
1166,417
1166,633
1166,737
1166,762
1166,765
1166,825
1166,840
1166,856
1166,1157
1166,1185
1166,1211
1166,1291
1166,1297
1166,1305
1166,1307
1166,1315
1166,1357
1166,1374
1166,1384
1166,1385
1166,1393
1166,1416
1166,1419
1166,1437
1166,1548
1166,1549
1166,1571
1166,1622
1166,1633
1166,1637
1166,1653
1166,1679
1166,1680
1166,1688
1166,1705
1166,1734
1166,1744
1166,1754
1166,1781
1166,1799
1166,1814
1166,1823
1166,1919
1166,1956
1166,1982
1166,1990
1166,2014
1166,2053
1166,2066
1166,2102
1166,2109
1166,2114
1166,2120
1166,2129
1166,2134
1166,2135
1166,2145
1166,2174
1166,2209
1166,2210
1166,2223
1166,2225
1166,2231
1166,2237
1166,2240
1166,2251
1166,2256
1166,2257
1166,2258
1166,2264
1166,2289
1166,2290
1166,2297
1166,2322
1166,2323
1166,2324
1166,2328
1166,2338
1166,2354
1166,2364
1166,2371
1166,2375
1166,2381
1166,2384
1166,2398
1166,2411
1166,2416
1166,2433
1166,2470
1166,2474
1166,2485
1166,2501
1166,2508
1166,2510
1166,2516
1166,2517
1166,2535
1166,2542
1166,2550
1166,2565
1166,2576
1166,2593
1166,2594
1166,2597
1166,2623
1166,2625
1166,2646
1166,2651
1166,2653
1166,2654
1166,2658
1166,2660
1166,2662
1166,2674
1166,2686
1166,2693
1166,2700
1166,2708
1166,2721
1166,2724
1166,2747
1166,2754
1166,2763
1166,2775
1166,2785
1166,2787
1166,2790
1166,2794
1166,2811
1166,2819
1166,2828
1166,2830
1166,2834
1166,2838
1166,2856
1166,2871
1166,2877
1166,2880
1166,2900
1166,2902
1166,2912
1166,2918
1166,2940
1166,2951
1166,2958
1166,2968
1166,2972
1166,2973
1166,2977
1166,2991
1166,3002
1166,3007
1166,3018
1166,3021
1166,3026
1166,3030
1166,3033
1166,3034
1166,3056
1166,3084
1166,3089
1166,3092
1166,3099
1166,3106
1166,3117
1166,3126
1166,3140
1166,3145
1166,3150
1166,3164
1166,3173
1166,3192
1166,3238
1166,3251
1166,3253
1166,3258
1166,3260
1166,3265
1166,3291
1166,3307
1166,3309
1166,3320
1166,3334
1166,3338
1166,3348
1166,3352
1166,3371
1166,3393
1166,3394
1166,3408
1166,3435
1166,3439
1166,3452
1166,3454
1166,3456
1166,3460
1166,3473
1166,3480
1166,3483
1166,3486
1166,3489
1166,3506
1166,3516
1166,3537
1166,3538
1166,3541
1166,3557
1166,3562
1166,3580
1166,3587
1166,3607
1166,3615
1166,3631
1166,3635
1166,3643
1166,3650
1166,3724
1166,3796
1166,3803
1166,3807
1166,3812
1166,3813
1166,3830
1166,3843
1166,3885
1166,3887
1166,3892
1166,3893
1166,3897
1166,3910
1166,3926
1166,3937
1166,3958
1166,3967
1166,3976
1166,4011
1166,4037
1166,4040
1166,4058
1166,4065
1166,4098
1166,4103
1166,4110
1166,4124
1166,4127
1166,4134
1166,4189
1166,4191
1166,4201
1166,4247
1166,4256
1166,4266
1166,4290
1166,4297
1166,4298
1166,4299
1166,4315
1166,4335
1166,4355
1166,4361
1166,4384
1166,4412
1166,4417
1166,4463
1166,4510
1166,4530
1166,4536
1166,4547
1166,4666
1166,4712
1166,4717
1166,4719
1166,4735
1166,4808
1166,4811
1166,4820
1166,4828
1166,4846
1166,4875
1166,4953
1166,4981
1166,5002
1166,5012
1166,5020
1166,5022
1166,5079
1166,5100
1166,5132
1166,5148
1166,5162
1166,5179
1166,5210
1166,5233
1166,5288
1166,5321
1166,5384
1166,5392
1166,5404
1166,5412
1166,5423
1166,5430
1166,5449
1166,5452
1166,5454
1166,5484
1166,5509
1166,5524
1166,5529
1166,5582
1166,5697
1166,5714
1166,5772
1166,5773
1166,5800
1166,5806
1166,5811
1166,5814
1166,5824
1166,5872
1166,5922
1166,5932
1166,5998
1166,6000
1166,6004
1166,6151
1166,6198
1166,6270
1166,6299
1166,6305
1166,6327
1166,6330
1166,6388
1166,6414
1166,6496
1166,6503
1166,6523
1166,6560
1166,6634
1166,6665
1166,6714
1166,6720
1166,6789
1166,6832
1166,6855
1166,6914
1166,6918
1166,6934
1166,6946
1166,6948
1166,6953
1166,6979
1166,6982
1166,6994
1166,7047
1166,7052
1166,7059
1166,7092
1166,7094
1166,7108
1166,7279
1166,7280
1166,7373
1166,7442
1166,7553
1166,7620
1166,7662
1166,7699
1166,7707
1166,7726
1167,56
1167,290
1167,762
1167,1211
1167,1357
1167,1487
1167,1498
1167,1608
1167,1612
1167,1633
1167,1661
1167,1754
1167,1956
1167,2114
1167,2210
1167,2225
1167,2256
1167,2322
1167,2323
1167,2411
1167,2470
1167,2565
1167,2585
1167,2625
1167,2647
1167,2651
1167,2662
1167,2686
1167,2754
1167,2770
1167,2834
1167,2838
1167,2877
1167,2880
1167,2900
1167,2966
1167,3028
1167,3033
1167,3164
1167,3200
1167,3253
1167,3334
1167,3352
1167,3408
1167,3541
1167,3650
1167,3720
1167,3976
1167,4110
1167,4365
1167,4735
1167,4875
1167,5545
1185,56
1185,762
1185,1167
1185,1633
1185,2237
1185,3309
1185,3443
1185,3958
1185,4875
1185,6790
1198,285
1198,2565
1198,2593
1210,56
1210,72
1210,204
1210,403
1210,633
1210,722
1210,737
1210,762
1210,765
1210,840
1210,1166
1210,1185
1210,1297
1210,1319
1210,1357
1210,1374
1210,1384
1210,1393
1210,1416
1210,1549
1210,1608
1210,1744
1210,1754
1210,1777
1210,1792
1210,1814
1210,1919
1210,2066
1210,2109
1210,2120
1210,2135
1210,2210
1210,2240
1210,2297
1210,2322
1210,2324
1210,2364
1210,2398
1210,2411
1210,2470
1210,2508
1210,2510
1210,2516
1210,2535
1210,2565
1210,2593
1210,2625
1210,2654
1210,2657
1210,2660
1210,2697
1210,2713
1210,2785
1210,2805
1210,2834
1210,2851
1210,3020
1210,3027
1210,3089
1210,3148
1210,3251
1210,3253
1210,3284
1210,3351
1210,3456
1210,3537
1210,3557
1210,3580
1210,3587
1210,3670
1210,3807
1210,3926
1210,3958
1210,3976
1210,4037
1210,4289
1210,4290
1210,4400
1210,4424
1210,4846
1210,5073
1210,5100
1210,5288
1210,5423
1210,5430
1210,5524
1210,5563
1210,5818
1210,5822
1210,6004
1210,6305
1210,6330
1210,6560
1210,6790
1210,6860
1210,6901
1210,6930
1210,6934
1211,285
1211,290
1211,762
1211,1267
1211,1661
1211,1680
1211,1705
1211,1808
1211,1814
1211,1956
1211,2066
1211,2174
1211,2225
1211,2328
1211,2474
1211,2508
1211,2535
1211,2653
1211,2763
1211,2877
1211,2922
1211,2923
1211,3117
1211,3265
1211,3720
1211,4051
1211,4138
1211,4256
1247,204
1247,425
1247,633
1247,762
1247,765
1247,1166
1247,1167
1247,1297
1247,1319
1247,1357
1247,1374
1247,1385
1247,1633
1247,1754
1247,2145
1247,2251
1247,2257
1247,2324
1247,2328
1247,2398
1247,2625
1247,2657
1247,2775
1247,2871
1247,3002
1247,3106
1247,3352
1247,3393
1247,3454
1247,3473
1247,3537
1247,3843
1247,4189
1247,4299
1247,4384
1247,4780
1247,4953
1247,5189
1247,5239
1247,5321
1247,5449
1247,5545
1247,5817
1247,6417
1259,1166
1259,1297
1259,1571
1259,1633
1259,2209
1259,2338
1259,2411
1259,2542
1259,2565
1259,2623
1259,2657
1259,2660
1259,2693
1259,2727
1259,2790
1259,2828
1259,2900
1259,3005
1259,3408
1259,3435
1259,3473
1259,3489
1259,3506
1259,3529
1259,3680
1267,722
1267,1211
1267,1259
1267,1319
1267,1357
1267,1608
1267,1700
1267,2014
1267,2016
1267,2135
1267,2251
1267,2371
1267,2560
1267,2660
1267,2707
1267,2746
1267,2819
1267,2831
1267,2856
1267,2955
1267,2963
1267,2968
1267,2999
1267,3033
1267,3456
1267,4600
1267,4938
1267,6496
1291,1357
1291,1549
1291,1814
1291,2102
1291,2251
1291,2256
1291,2297
1291,2474
1291,2485
1291,2594
1291,2815
1291,2972
1291,2999
1291,3021
1291,3473
1291,3885
1291,3887
1291,4719
1297,204
1297,290
1297,417
1297,465
1297,762
1297,974
1297,1166
1297,1211
1297,1633
1297,1679
1297,1705
1297,1918
1297,2053
1297,2145
1297,2210
1297,2256
1297,2297
1297,2322
1297,2323
1297,2398
1297,2411
1297,2474
1297,2508
1297,2517
1297,2535
1297,2576
1297,2585
1297,2647
1297,2653
1297,2697
1297,2727
1297,2877
1297,2900
1297,2918
1297,2923
1297,2966
1297,3005
1297,3024
1297,3029
1297,3034
1297,3084
1297,3140
1297,3276
1297,3516
1297,3580
1297,3946
1305,56
1305,204
1305,214
1305,290
1305,403
1305,425
1305,633
1305,762
1305,765
1305,813
1305,825
1305,856
1305,1100
1305,1154
1305,1157
1305,1166
1305,1167
1305,1211
1305,1239
1305,1291
1305,1297
1305,1315
1305,1357
1305,1393
1305,1403
1305,1416
1305,1419
1305,1498
1305,1571
1305,1596
1305,1608
1305,1633
1305,1637
1305,1646
1305,1653
1305,1679
1305,1723
1305,1734
1305,1754
1305,1769
1305,1777
1305,1781
1305,1792
1305,1808
1305,1814
1305,1915
1305,1918
1305,1919
1305,1935
1305,1956
1305,2016
1305,2102
1305,2114
1305,2116
1305,2120
1305,2135
1305,2144
1305,2174
1305,2209
1305,2225
1305,2231
1305,2251
1305,2252
1305,2256
1305,2257
1305,2264
1305,2290
1305,2297
1305,2322
1305,2323
1305,2324
1305,2325
1305,2338
1305,2371
1305,2410
1305,2411
1305,2416
1305,2470
1305,2474
1305,2485
1305,2501
1305,2510
1305,2542
1305,2544
1305,2547
1305,2550
1305,2560
1305,2565
1305,2576
1305,2593
1305,2594
1305,2597
1305,2599
1305,2617
1305,2623
1305,2625
1305,2646
1305,2654
1305,2657
1305,2662
1305,2667
1305,2674
1305,2686
1305,2693
1305,2696
1305,2697
1305,2700
1305,2707
1305,2708
1305,2713
1305,2721
1305,2724
1305,2727
1305,2746
1305,2747
1305,2754
1305,2763
1305,2768
1305,2770
1305,2777
1305,2794
1305,2799
1305,2805
1305,2809
1305,2814
1305,2815
1305,2819
1305,2828
1305,2830
1305,2834
1305,2877
1305,2880
1305,2900
1305,2902
1305,2912
1305,2946
1305,2951
1305,2955
1305,2958
1305,2963
1305,2966
1305,2968
1305,2972
1305,2973
1305,2977
1305,2981
1305,2993
1305,2999
1305,3005
1305,3007
1305,3009
1305,3010
1305,3018
1305,3021
1305,3024
1305,3028
1305,3029
1305,3030
1305,3033
1305,3050
1305,3056
1305,3059
1305,3073
1305,3084
1305,3089
1305,3099
1305,3114
1305,3117
1305,3126
1305,3140
1305,3148
1305,3150
1305,3164
1305,3173
1305,3200
1305,3243
1305,3251
1305,3253
1305,3258
1305,3260
1305,3265
1305,3276
1305,3307
1305,3324
1305,3338
1305,3351
1305,3352
1305,3371
1305,3404
1305,3408
1305,3435
1305,3461
1305,3473
1305,3480
1305,3483
1305,3489
1305,3506
1305,3516
1305,3529
1305,3538
1305,3541
1305,3548
1305,3557
1305,3567
1305,3580
1305,3587
1305,3631
1305,3646
1305,3670
1305,3680
1305,3681
1305,3717
1305,3769
1305,3803
1305,3804
1305,3807
1305,3812
1305,3847
1305,3887
1305,3903
1305,3946
1305,4043
1305,4051
1305,4055
1305,4088
1305,4162
1305,4199
1305,4233
1305,4263
1305,4266
1305,4373
1305,4578
1305,4588
1305,4938
1305,4953
1305,5239
1305,5404
1305,5739
1305,7108
1310,4827
1319,204
1319,290
1319,417
1319,762
1319,813
1319,974
1319,1154
1319,1166
1319,1211
1319,1267
1319,1357
1319,1374
1319,1487
1319,1549
1319,1596
1319,1608
1319,1622
1319,1633
1319,1680
1319,1700
1319,1706
1319,1729
1319,1734
1319,1754
1319,1808
1319,1814
1319,1918
1319,1919
1319,1956
1319,2066
1319,2145
1319,2160
1319,2231
1319,2240
1319,2307
1319,2322
1319,2328
1319,2398
1319,2474
1319,2506
1319,2542
1319,2565
1319,2593
1319,2625
1319,2653
1319,2662
1319,2693
1319,2727
1319,2746
1319,2754
1319,2859
1319,2900
1319,2923
1319,2958
1319,3005
1319,3021
1319,3024
1319,3033
1319,3117
1319,3253
1319,3265
1319,3276
1319,3307
1319,3338
1319,3473
1319,3650
1319,3726
1319,3787
1319,3871
1319,3967
1319,4162
1319,4528
1319,5288
1319,6496
1319,6789
1357,285
1357,403
1357,417
1357,425
1357,762
1357,813
1357,1166
1357,1167
1357,1291
1357,1319
1357,1571
1357,1622
1357,1661
1357,1679
1357,1734
1357,1792
1357,1808
1357,1814
1357,1956
1357,2102
1357,2264
1357,2328
1357,2371
1357,2560
1357,2593
1357,2674
1357,2727
1357,2763
1357,2794
1357,2968
1357,3033
1357,3117
1357,3192
1357,3265
1357,3276
1357,4256
1360,285
1360,290
1360,762
1360,856
1360,2550
1360,2625
1360,2654
1360,2877
1360,2951
1360,3020
1360,3089
1360,3117
1360,3140
1360,3150
1360,4044
1360,4189
1360,4953
1360,5412
1367,204
1367,285
1367,417
1367,856
1367,974
1367,1100
1367,1157
1367,1297
1367,1571
1367,1679
1367,2144
1367,2290
1367,2324
1367,2398
1367,2542
1367,2565
1367,2576
1367,2623
1367,2653
1367,2660
1367,2667
1367,2674
1367,2819
1367,2973
1367,3173
1367,3348
1367,3371
1367,3506
1367,3520
1367,3537
1367,3548
1367,3587
1367,3609
1368,1622
1368,2210
1368,2325
1368,2474
1368,2565
1368,2654
1368,2662
1368,3243
1368,3265
1368,3307
1368,3557
1368,3646
1368,3717
1368,3785
1368,3843
1368,4043
1368,4051
1374,56
1374,72
1374,204
1374,285
1374,290
1374,425
1374,633
1374,737
1374,762
1374,765
1374,840
1374,856
1374,967
1374,974
1374,1166
1374,1167
1374,1191
1374,1247
1374,1267
1374,1297
1374,1384
1374,1393
1374,1403
1374,1419
1374,1549
1374,1633
1374,1637
1374,1646
1374,1653
1374,1679
1374,1680
1374,1705
1374,1792
1374,1799
1374,1808
1374,1814
1374,1865
1374,1918
1374,1919
1374,1956
1374,1982
1374,1990
1374,2066
1374,2102
1374,2109
1374,2116
1374,2120
1374,2135
1374,2145
1374,2174
1374,2223
1374,2225
1374,2257
1374,2258
1374,2264
1374,2307
1374,2322
1374,2323
1374,2325
1374,2338
1374,2354
1374,2369
1374,2375
1374,2398
1374,2410
1374,2470
1374,2485
1374,2508
1374,2516
1374,2535
1374,2547
1374,2560
1374,2565
1374,2576
1374,2585
1374,2593
1374,2623
1374,2625
1374,2654
1374,2658
1374,2687
1374,2713
1374,2747
1374,2754
1374,2763
1374,2764
1374,2768
1374,2775
1374,2785
1374,2787
1374,2794
1374,2805
1374,2809
1374,2814
1374,2822
1374,2825
1374,2828
1374,2830
1374,2831
1374,2834
1374,2838
1374,2859
1374,2877
1374,2909
1374,2912
1374,2922
1374,2955
1374,2963
1374,2966
1374,2977
1374,3005
1374,3018
1374,3020
1374,3030
1374,3084
1374,3089
1374,3114
1374,3117
1374,3164
1374,3238
1374,3243
1374,3251
1374,3258
1374,3260
1374,3265
1374,3276
1374,3293
1374,3297
1374,3307
1374,3310
1374,3334
1374,3338
1374,3348
1374,3351
1374,3352
1374,3371
1374,3381
1374,3393
1374,3408
1374,3417
1374,3435
1374,3456
1374,3459
1374,3506
1374,3529
1374,3562
1374,3631
1374,3720
1374,3726
1374,3752
1374,3830
1374,3843
1374,3871
1374,3887
1374,3897
1374,3910
1374,3958
1374,3962
1374,3976
1374,4037
1374,4055
1374,4071
1374,4098
1374,4110
1374,4124
1374,4179
1374,4191
1374,4233
1374,4247
1374,4269
1374,4335
1374,4341
1374,4361
1374,4435
1374,4448
1374,4530
1374,4536
1374,4600
1374,4632
1374,4653
1374,4666
1374,4712
1374,4777
1374,4846
1374,4875
1374,4964
1374,4981
1374,5002
1374,5012
1374,5020
1374,5022
1374,5028
1374,5079
1374,5092
1374,5148
1374,5162
1374,5189
1374,5199
1374,5210
1374,5233
1374,5246
1374,5288
1374,5321
1374,5335
1374,5341
1374,5384
1374,5392
1374,5404
1374,5412
1374,5423
1374,5449
1374,5452
1374,5454
1374,5465
1374,5484
1374,5500
1374,5509
1374,5511
1374,5529
1374,5539
1374,5568
1374,5605
1374,5637
1374,5671
1374,5683
1374,5693
1374,5697
1374,5714
1374,5760
1374,5773
1374,5807
1374,5814
1374,5817
1374,5839
1374,5871
1374,5897
1374,5902
1374,5922
1374,5933
1374,6004
1374,6032
1374,6043
1374,6044
1374,6151
1374,6174
1374,6241
1374,6299
1374,6320
1374,6330
1374,6347
1374,6414
1374,6496
1374,6523
1374,6555
1374,6560
1374,6624
1374,6634
1374,6774
1374,6783
1374,6789
1374,6790
1374,6850
1374,6855
1374,6875
1374,6914
1374,6918
1374,6934
1374,6946
1374,6980
1374,7005
1374,7021
1374,7047
1374,7052
1374,7054
1374,7059
1374,7088
1374,7092
1374,7094
1374,7108
1374,7120
1374,7131
1374,7214
1374,7225
1374,7233
1374,7237
1374,7277
1374,7280
1374,7295
1374,7301
1374,7351
1374,7373
1374,7378
1374,7386
1374,7391
1374,7400
1374,7443
1374,7510
1374,7512
1374,7529
1374,7544
1374,7553
1374,7561
1374,7587
1374,7620
1374,7632
1374,7646
1374,7649
1374,7651
1374,7683
1374,7699
1374,7707
1374,7726
1374,7757
1374,7763
1384,56
1384,762
1384,1154
1384,1374
1384,1416
1384,1549
1384,1956
1384,2542
1384,2565
1384,2653
1384,2655
1384,2660
1384,2686
1384,2727
1384,2809
1384,2814
1384,2828
1384,3258
1384,3489
1384,3506
1384,3537
1384,3587
1384,3717
1384,4021
1384,4110
1384,4179
1385,2323
1385,2612
1385,2999
1385,3164
1385,3238
1385,3319
1385,3346
1385,3439
1385,4037
1385,4071
1385,4179
1385,4884
1385,4999
1385,5012
1385,5022
1385,5233
1385,5614
1385,6004
1385,6299
1385,6833
1385,7092
1385,7279
1385,7351
1385,7478
1385,7694
1385,7699
1393,5484
1416,1384
1416,1633
1416,2109
1416,2307
1416,2426
1416,2576
1416,2700
1416,3020
1416,3030
1416,3140
1416,3309
1416,5384
1419,1291
1419,1384
1419,2114
1419,2256
1419,2297
1419,2323
1419,2338
1419,2576
1419,2617
1419,2623
1419,2657
1419,2815
1419,3029
1419,3056
1419,3253
1419,3408
1419,3473
1419,3489
1419,3516
1419,3548
1419,3807
1463,403
1463,762
1463,765
1463,1596
1463,1653
1463,1808
1463,2264
1463,2542
1463,2565
1463,2585
1463,2794
1463,2963
1463,3144
1463,3892
1463,4453
1463,4944
1463,5822
1487,1211
1487,1297
1487,1319
1487,1549
1487,1622
1487,1633
1487,1661
1487,1679
1487,2325
1487,2338
1487,2356
1487,2474
1487,2565
1487,2576
1487,2593
1487,2594
1487,2623
1487,2625
1487,2651
1487,2700
1487,2912
1487,3020
1487,3021
1487,3030
1487,3265
1487,3307
1487,3338
1487,3348
1487,3351
1487,3371
1487,3408
1487,3435
1487,3473
1487,3489
1493,1167
1498,762
1498,1167
1498,3238
1498,3456
1498,4191
1498,7651
1522,290
1522,465
1522,762
1522,1211
1522,1297
1522,1374
1522,1385
1522,1637
1522,1688
1522,1700
1522,1754
1522,1777
1522,1814
1522,1956
1522,1990
1522,2066
1522,2145
1522,2210
1522,2297
1522,2328
1522,2398
1522,2426
1522,2433
1522,2470
1522,2508
1522,2510
1522,2517
1522,2550
1522,2565
1522,2585
1522,2593
1522,2595
1522,2599
1522,2625
1522,2651
1522,2653
1522,2654
1522,2667
1522,2746
1522,2754
1522,2834
1522,2973
1522,2981
1522,2999
1522,3059
1522,3084
1522,3089
1522,3125
1522,3260
1522,3291
1522,3297
1522,3346
1522,3404
1522,3455
1522,3473
1522,3480
1522,3520
1522,3631
1522,3670
1522,3724
1522,3804
1522,3806
1522,3807
1522,3812
1522,3847
1522,3856
1522,3887
1522,3903
1522,3937
1522,3956
1522,3976
1522,4011
1522,4072
1522,4110
1522,4138
1522,4179
1522,4234
1522,4247
1522,4256
1522,4263
1522,4400
1522,4424
1522,4453
1522,4463
1522,4510
1522,4588
1522,4735
1522,5288
1522,5321
1522,6327
1548,4875
1548,6555
1549,56
1549,204
1549,214
1549,290
1549,417
1549,465
1549,633
1549,722
1549,737
1549,762
1549,765
1549,825
1549,840
1549,856
1549,974
1549,1100
1549,1154
1549,1157
1549,1166
1549,1211
1549,1247
1549,1267
1549,1291
1549,1297
1549,1307
1549,1315
1549,1319
1549,1357
1549,1360
1549,1374
1549,1385
1549,1416
1549,1419
1549,1487
1549,1571
1549,1583
1549,1608
1549,1621
1549,1622
1549,1633
1549,1646
1549,1653
1549,1661
1549,1679
1549,1680
1549,1688
1549,1700
1549,1705
1549,1706
1549,1723
1549,1729
1549,1734
1549,1744
1549,1754
1549,1777
1549,1781
1549,1792
1549,1799
1549,1808
1549,1814
1549,1918
1549,1919
1549,1956
1549,1982
1549,1990
1549,2016
1549,2066
1549,2102
1549,2114
1549,2116
1549,2120
1549,2134
1549,2135
1549,2144
1549,2145
1549,2174
1549,2209
1549,2225
1549,2231
1549,2237
1549,2240
1549,2251
1549,2252
1549,2256
1549,2257
1549,2258
1549,2264
1549,2290
1549,2297
1549,2307
1549,2322
1549,2323
1549,2324
1549,2326
1549,2328
1549,2338
1549,2354
1549,2356
1549,2371
1549,2375
1549,2384
1549,2398
1549,2410
1549,2411
1549,2456
1549,2470
1549,2474
1549,2485
1549,2506
1549,2508
1549,2510
1549,2516
1549,2542
1549,2544
1549,2547
1549,2550
1549,2560
1549,2565
1549,2576
1549,2585
1549,2593
1549,2594
1549,2597
1549,2599
1549,2605
1549,2623
1549,2625
1549,2651
1549,2653
1549,2654
1549,2655
1549,2657
1549,2660
1549,2662
1549,2667
1549,2686
1549,2687
1549,2693
1549,2697
1549,2700
1549,2707
1549,2713
1549,2721
1549,2727
1549,2746
1549,2747
1549,2754
1549,2763
1549,2785
1549,2787
1549,2790
1549,2794
1549,2809
1549,2814
1549,2815
1549,2819
1549,2828
1549,2830
1549,2859
1549,2871
1549,2880
1549,2900
1549,2918
1549,2922
1549,2932
1549,2946
1549,2951
1549,2955
1549,2958
1549,2963
1549,2966
1549,2968
1549,2972
1549,2973
1549,2977
1549,2981
1549,2999
1549,3005
1549,3007
1549,3009
1549,3010
1549,3024
1549,3026
1549,3027
1549,3028
1549,3029
1549,3030
1549,3033
1549,3034
1549,3059
1549,3084
1549,3089
1549,3103
1549,3117
1549,3140
1549,3144
1549,3148
1549,3150
1549,3164
1549,3192
1549,3251
1549,3253
1549,3258
1549,3260
1549,3265
1549,3307
1549,3334
1549,3338
1549,3351
1549,3352
1549,3393
1549,3394
1549,3404
1549,3408
1549,3439
1549,3443
1549,3453
1549,3454
1549,3456
1549,3459
1549,3473
1549,3480
1549,3489
1549,3529
1549,3537
1549,3541
1549,3562
1549,3568
1549,3580
1549,3587
1549,3615
1549,3631
1549,3643
1549,3650
1549,3661
1549,3680
1549,3691
1549,3720
1549,3787
1549,3796
1549,3803
1549,3804
1549,3807
1549,3812
1549,3813
1549,3847
1549,3892
1549,3897
1549,3903
1549,3926
1549,4011
1549,4013
1549,4021
1549,4037
1549,4055
1549,4103
1549,4117
1549,4162
1549,4179
1549,4189
1549,4191
1549,4211
1549,4247
1549,4256
1549,4261
1549,4263
1549,4266
1549,4289
1549,4290
1549,4299
1549,4335
1549,4349
1549,4400
1549,4448
1549,4463
1549,4468
1549,4528
1549,4530
1549,4536
1549,4578
1549,4587
1549,4600
1549,4632
1549,4646
1549,4653
1549,4661
1549,4666
1549,4712
1549,4719
1549,4811
1549,4875
1549,5020
1549,5073
1549,5100
1549,5215
1549,5288
1549,5341
1549,5384
1549,5412
1549,5430
1549,5449
1549,5452
1549,5454
1549,5459
1549,5484
1549,5524
1549,5563
1549,5637
1549,5683
1549,5693
1549,5697
1549,5714
1549,5776
1549,5817
1549,5822
1549,5872
1549,5897
1549,6097
1549,6123
1549,6299
1549,6442
1549,6624
1549,6634
1549,6774
1549,6790
1549,6832
1549,6897
1549,6979
1549,7115
1549,7237
1549,7478
1549,7510
1571,56
1571,1297
1571,1357
1571,1621
1571,1661
1571,1956
1571,2066
1571,3473
1583,290
1583,465
1583,762
1583,1154
1583,1166
1583,1211
1583,1374
1583,1437
1583,1549
1583,1608
1583,1621
1583,1633
1583,1637
1583,1706
1583,1754
1583,1919
1583,1956
1583,2053
1583,2174
1583,2225
1583,2231
1583,2256
1583,2297
1583,2323
1583,2470
1583,2474
1583,2550
1583,2560
1583,2565
1583,2594
1583,2599
1583,2625
1583,2654
1583,2660
1583,2697
1583,2700
1583,2707
1583,2721
1583,2754
1583,2763
1583,2785
1583,2794
1583,2828
1583,2830
1583,2880
1583,2900
1583,2955
1583,2968
1583,2991
1583,3034
1583,3145
1583,3251
1583,3253
1583,3265
1583,3351
1583,3489
1583,3650
1596,633
1596,1319
1596,1633
1596,2120
1596,2325
1596,2328
1596,2474
1596,2485
1596,2565
1596,2625
1596,2693
1596,2958
1596,3117
1596,3265
1596,3276
1596,3284
1596,3352
1596,3562
1596,4043
1596,4055
1596,4256
1608,214
1608,285
1608,290
1608,403
1608,633
1608,737
1608,762
1608,765
1608,1211
1608,1267
1608,1291
1608,1297
1608,1307
1608,1319
1608,1357
1608,1374
1608,1384
1608,1393
1608,1416
1608,1419
1608,1549
1608,1583
1608,1612
1608,1621
1608,1622
1608,1633
1608,1700
1608,1723
1608,1734
1608,1754
1608,1781
1608,1792
1608,1808
1608,1814
1608,1918
1608,1919
1608,1956
1608,2066
1608,2109
1608,2116
1608,2120
1608,2135
1608,2145
1608,2160
1608,2174
1608,2210
1608,2225
1608,2231
1608,2240
1608,2251
1608,2256
1608,2264
1608,2290
1608,2297
1608,2322
1608,2323
1608,2325
1608,2328
1608,2354
1608,2356
1608,2371
1608,2398
1608,2411
1608,2508
1608,2517
1608,2550
1608,2560
1608,2565
1608,2576
1608,2585
1608,2593
1608,2594
1608,2617
1608,2625
1608,2653
1608,2654
1608,2662
1608,2697
1608,2707
1608,2721
1608,2747
1608,2754
1608,2763
1608,2794
1608,2805
1608,2814
1608,2815
1608,2828
1608,2830
1608,2834
1608,2856
1608,2871
1608,2951
1608,2972
1608,2981
1608,2999
1608,3021
1608,3029
1608,3030
1608,3034
1608,3089
1608,3099
1608,3117
1608,3150
1608,3192
1608,3251
1608,3253
1608,3260
1608,3265
1608,3307
1608,3338
1608,3351
1608,3352
1608,3371
1608,3394
1608,3435
1608,3459
1608,3520
1608,3547
1608,3562
1608,3646
1608,3796
1608,3804
1608,3812
1608,3813
1608,3843
1608,3871
1608,3887
1608,3926
1608,3946
1608,4011
1608,4021
1608,4037
1608,4065
1608,4162
1608,4234
1608,4247
1608,4256
1608,4290
1608,4361
1608,4365
1608,4384
1608,4530
1608,4531
1608,4712
1608,5100
1608,5288
1608,5335
1608,5545
1608,5714
1608,5822
1608,5897
1608,6770
1608,6774
1612,1211
1612,1982
1612,2565
1612,3346
1612,4134
1612,4507
1612,4666
1612,4713
1612,5012
1612,5210
1612,5246
1612,5378
1612,5384
1612,5582
1612,5772
1612,5811
1612,5814
1612,5932
1612,5998
1612,6097
1612,6270
1612,6347
1612,6414
1612,6555
1612,6560
1612,6624
1612,6634
1612,6780
1612,6783
1612,6832
1612,6833
1612,6901
1612,6918
1612,6934
1612,6946
1612,6993
1612,7052
1612,7094
1612,7277
1612,7280
1612,7517
1612,7544
1612,7726
1612,7763
1621,1211
1621,1583
1621,1622
1621,1700
1621,1729
1621,1734
1621,1754
1621,1808
1621,1919
1621,2120
1621,2174
1621,2210
1621,2240
1621,2322
1621,2328
1621,2474
1621,2565
1621,2593
1621,2625
1621,2646
1621,2651
1621,2763
1621,3084
1621,3117
1621,3238
1621,3265
1621,3456
1621,3568
1621,3645
1621,4072
1621,4191
1621,4290
1621,4578
1621,4811
1621,5466
1621,5739
1621,5839
1621,7021
1621,7052
1621,7386
1621,7620
1622,1297
1622,1357
1622,1487
1622,1549
1622,1700
1622,1935
1622,2328
1622,2474
1622,2506
1622,2508
1622,2565
1622,2594
1622,2727
1622,2746
1622,2830
1622,2859
1622,2923
1622,2958
1622,3005
1622,3068
1622,3117
1622,3265
1622,3580
1622,3680
1622,3792
1622,4578
1622,6327
1644,56
1644,737
1644,762
1644,1297
1644,1384
1644,1661
1644,1956
1644,2237
1644,2398
1644,2535
1644,2565
1644,2651
1644,3238
1644,3334
1644,3976
1644,4600
1644,5210
1644,5412
1644,5902
1644,6414
1644,6765
1644,6914
1644,7699
1646,2768
1653,2814
1661,974
1661,1026
1661,1211
1661,1297
1661,1305
1661,1754
1661,1808
1661,2066
1661,2102
1661,2210
1661,2328
1661,2398
1661,2433
1661,2535
1661,2565
1661,2658
1661,2912
1661,2923
1661,2940
1661,3144
1661,3145
1661,3253
1661,3276
1661,3408
1661,3443
1661,3447
1661,3456
1661,3548
1661,3635
1661,3645
1661,3962
1661,4037
1661,4191
1661,4269
1661,4453
1661,4482
1661,5022
1661,5092
1661,5148
1661,5215
1661,5605
1661,5651
1661,5811
1661,5817
1661,6855
1661,7092
1661,7497
1680,3813
1680,4315
1680,4373
1680,5222
1688,825
1688,1723
1688,2485
1688,2653
1688,2871
1688,2955
1688,3144
1688,3192
1688,3537
1688,4162
1688,4179
1688,4827
1688,5106
1688,6227
1688,6496
1700,290
1700,425
1700,762
1700,1297
1700,1385
1700,1622
1700,1918
1700,2066
1700,2120
1700,2256
1700,2322
1700,2411
1700,2416
1700,2565
1700,2585
1700,2646
1700,2777
1700,2785
1700,2794
1700,2809
1700,2814
1700,2880
1700,2946
1700,3050
1700,3276
1700,3976
1700,4191
1700,4231
1700,4453
1700,4735
1700,5092
1705,214
1705,403
1705,765
1705,1297
1705,1419
1705,1596
1705,1723
1705,1808
1705,1919
1705,2102
1705,2120
1705,2251
1705,2256
1705,2264
1705,2322
1705,2323
1705,2375
1705,2547
1705,2560
1705,2599
1705,2707
1705,2721
1705,2805
1705,2814
1705,2815
1705,2828
1705,2834
1705,2902
1705,2922
1705,2946
1705,2955
1705,2963
1705,2968
1705,2972
1705,2993
1705,2999
1705,3029
1705,3033
1706,1705
1706,2114
1706,2955
1729,214
1729,1754
1729,2014
1729,2264
1729,2470
1729,2535
1729,2856
1729,3084
1729,3265
1729,4037
1734,290
1734,465
1734,1211
1734,1357
1734,1633
1734,1754
1734,1808
1734,1918
1734,2066
1734,2328
1734,2354
1734,2398
1734,2474
1734,2485
1734,2508
1734,2535
1734,2593
1734,2595
1734,2625
1734,2696
1734,2727
1734,2912
1734,3258
1734,3265
1734,3473
1734,3537
1734,4037
1734,4043
1734,4335
1734,4875
1734,4929
1734,5002
1734,5233
1734,5697
1734,7632
1734,7651
1744,1297
1744,2508
1744,2657
1744,2900
1744,3024
1744,3435
1748,1026
1748,1307
1748,1549
1748,1637
1748,1646
1748,2237
1748,2264
1748,2398
1748,2456
1748,2506
1748,2517
1748,2565
1748,2923
1748,3009
1748,3026
1748,3030
1748,3117
1748,3310
1748,3334
1748,3394
1748,3443
1748,3452
1748,3480
1748,3548
1748,3562
1748,3635
1748,3661
1748,3976
1748,4013
1748,4037
1748,4103
1748,4110
1748,4179
1748,4189
1748,4191
1748,4199
1748,4424
1748,4463
1748,4500
1748,4588
1748,4605
1748,5100
1748,5817
1748,5887
1748,6123
1748,6320
1748,6442
1748,6634
1748,6993
1748,7386
1754,762
1754,1185
1754,1211
1754,1729
1754,1918
1754,1956
1754,2066
1754,2240
1754,2251
1754,2456
1754,2625
1754,3371
1754,3787
1754,3958
1769,214
1769,403
1769,765
1769,1211
1769,1416
1769,1549
1769,1680
1769,1754
1769,1781
1769,2102
1769,2120
1769,2371
1769,2516
1769,2517
1769,2535
1769,2547
1769,2560
1769,2593
1769,2617
1769,2625
1769,2654
1769,2655
1769,2697
1769,2785
1769,2794
1769,2828
1769,2922
1769,2968
1769,3027
1769,3117
1769,3125
1769,3253
1769,3352
1769,3537
1769,3615
1769,3803
1769,3898
1769,4040
1769,4043
1769,4361
1769,4712
1769,7478
1769,7683
1777,2625
1781,2114
1781,2410
1781,2625
1781,2657
1792,56
1792,1374
1792,2625
1792,2754
1792,2777
1794,1166
1794,1393
1794,1633
1794,1706
1794,1814
1794,1919
1794,2135
1794,2225
1794,2251
1794,2297
1794,2324
1794,2375
1794,2565
1794,2625
1794,2794
1794,2828
1794,3034
1794,3892
1799,1357
1799,2223
1799,2516
1799,2535
1799,2565
1799,2576
1799,2655
1799,2697
1799,2790
1799,2912
1799,3452
1799,3456
1799,3796
1799,3803
1799,3830
1799,3969
1799,4043
1799,4058
1799,4662
1799,4735
1799,4792
1799,4981
1799,5412
1799,5459
1799,5545
1799,5563
1799,5693
1799,5814
1799,6044
1799,6555
1799,6665
1799,7012
1808,72
1808,465
1808,722
1808,762
1808,765
1808,1384
1808,1385
1808,1419
1808,1549
1808,1608
1808,1621
1808,1622
1808,1680
1808,1700
1808,1705
1808,1723
1808,1734
1808,1919
1808,2066
1808,2120
1808,2145
1808,2174
1808,2256
1808,2297
1808,2328
1808,2375
1808,2410
1808,2485
1808,2510
1808,2517
1808,2535
1808,2542
1808,2547
1808,2560
1808,2576
1808,2595
1808,2599
1808,2605
1808,2646
1808,2651
1808,2652
1808,2708
1808,2794
1808,2834
1808,2900
1808,2922
1808,2955
1808,2963
1808,3028
1808,3320
1808,3352
1808,3404
1808,3408
1808,3516
1808,3976
1808,4103
1808,4124
1808,4191
1808,4256
1808,4453
1808,4735
1808,5215
1808,5459
1808,5683
1808,5714
1814,290
1814,737
1814,762
1814,856
1814,1291
1814,1315
1814,1357
1814,1393
1814,1416
1814,1596
1814,1734
1814,1754
1814,1781
1814,1919
1814,2134
1814,2225
1814,2251
1814,2256
1814,2323
1814,2547
1814,2550
1814,2560
1814,2593
1814,2594
1814,2625
1814,2651
1814,2653
1814,2654
1814,2657
1814,2660
1814,2697
1814,2707
1814,2721
1814,2724
1814,2775
1814,2815
1814,2830
1814,2856
1814,2900
1814,2955
1814,2963
1814,2966
1814,2968
1814,2972
1814,2977
1814,2979
1814,2981
1814,2991
1814,2993
1814,2999
1814,3029
1814,3033
1814,3034
1814,3050
1814,3056
1814,3099
1814,3117
1814,3140
1814,3150
1814,3253
1814,3291
1814,3334
1814,3456
1814,3459
1814,3516
1814,3645
1814,3720
1814,4117
1814,4299
1814,4422
1814,4777
1814,4944
1814,5210
1814,5412
1814,5454
1814,5902
1814,6004
1814,7553
1814,7699
1823,737
1823,765
1823,1498
1823,1956
1823,2381
1823,2511
1823,2565
1823,2822
1823,3456
1823,3460
1823,3830
1823,4065
1823,4247
1823,4315
1823,4587
1823,4600
1823,4706
1823,4824
1823,5130
1823,5423
1823,5651
1823,6272
1823,6860
1823,6979
1823,7116
1823,7707
1865,4666
1865,5814
1865,6560
1865,7052
1865,7386
1875,56
1875,204
1875,1166
1875,1393
1875,1705
1875,2102
1875,2174
1875,2225
1875,2256
1875,2264
1875,2565
1875,2625
1875,2686
1875,2693
1875,2794
1875,2809
1875,2825
1875,2828
1875,3029
1875,3717
1875,3903
1875,4269
1875,4289
1875,4735
1915,2237
1915,2354
1915,2398
1915,2516
1915,2535
1915,3089
1915,3456
1915,4587
1915,4875
1915,5100
1915,5106
1915,5148
1915,5233
1915,5412
1915,5459
1915,5543
1918,1211
1918,1297
1918,1700
1918,2066
1918,2322
1918,2411
1918,2958
1918,3005
1918,3200
1918,4072
1919,56
1919,214
1919,290
1919,403
1919,765
1919,1211
1919,1374
1919,1419
1919,1583
1919,1608
1919,1622
1919,1734
1919,2066
1919,2120
1919,2145
1919,2210
1919,2251
1919,2264
1919,2290
1919,2411
1919,2470
1919,2593
1919,2617
1919,2625
1919,2763
1919,2768
1919,2805
1919,2828
1919,2830
1919,2834
1919,2946
1919,2977
1919,3033
1919,3034
1919,3099
1919,3117
1935,1548
1935,2565
1935,3192
1935,3352
1935,3830
1947,2210
1947,2328
1947,2565
1947,2727
1947,2900
1947,2923
1947,3117
1947,3276
1947,3541
1947,3562
1947,3887
1947,3892
1947,4031
1951,2257
1951,2297
1951,2324
1951,2485
1951,2565
1951,2625
1951,2653
1951,2657
1951,2686
1951,2819
1951,2973
1951,3010
1951,3114
1951,3352
1951,3408
1951,3480
1951,3615
1951,3769
1951,5423
1980,1622
1980,1700
1980,1777
1980,1956
1980,2145
1980,2174
1980,2240
1980,2338
1980,2375
1980,2547
1980,2560
1980,2565
1980,2623
1980,2625
1980,2794
1980,2825
1980,2922
1980,2993
1980,3005
1980,3029
1980,3117
1980,3321
1980,3352
1980,3557
1980,3660
1980,4335
1980,4662
1982,214
1982,1211
1982,1267
1982,3459
1982,3792
1982,4536
1982,5002
1982,5037
1982,5288
1982,5839
1982,6270
1982,6305
1982,6327
1982,6388
1982,6712
1982,6869
1982,6948
1982,6994
1982,7553
1982,7620
1982,7658
1990,1239
1990,1385
1990,1549
1990,1622
1990,2066
1990,2324
1990,2398
1990,2565
1990,2693
1990,3007
1990,3562
1990,3646
1990,3785
1990,3830
1990,4065
1990,4233
1990,4384
1990,4709
1990,4712
1990,4735
1990,5037
1990,5210
1990,6613
2003,762
2003,938
2003,1267
2003,1297
2003,1633
2003,1679
2003,1814
2003,2231
2003,2307
2003,2325
2003,2338
2003,2411
2003,2508
2003,2516
2003,2565
2003,2623
2003,2625
2003,2651
2003,2657
2003,2727
2003,2775
2003,2923
2003,2973
2003,3007
2003,3018
2003,3026
2003,3084
2003,3092
2003,3117
2003,3243
2003,3253
2003,3265
2003,3276
2003,3324
2003,3352
2003,3371
2003,3408
2003,3480
2003,3607
2003,3681
2003,3849
2003,3892
2003,3926
2003,4037
2003,4531
2003,4828
2003,5022
2003,5144
2003,5605
2003,6044
2003,6097
2003,6634
2003,6918
2003,7233
2003,7279
2003,7301
2003,7620
2014,1267
2014,2135
2014,2237
2014,2470
2014,2909
2014,3452
2014,3607
2016,417
2016,1315
2016,2237
2016,2371
2016,2653
2016,2697
2016,3026
2016,3059
2016,3748
2016,3892
2102,285
2102,762
2102,825
2102,1166
2102,1211
2102,1291
2102,1416
2102,1549
2102,1596
2102,1633
2102,1769
2102,1777
2102,1808
2102,2323
2102,2328
2102,2474
2102,2535
2102,2542
2102,2565
2102,2576
2102,2594
2102,2707
2102,2790
2102,2815
2102,2968
2102,3843
2102,3976
2102,4335
2102,5459
2102,5683
2109,762
2109,1211
2109,1744
2109,2066
2109,2210
2109,2354
2109,2398
2109,2411
2109,2508
2109,2516
2109,2535
2109,2565
2109,2775
2109,2859
2109,3007
2109,3117
2109,3192
2109,3393
2109,3394
2109,3443
2109,3480
2109,3489
2109,3562
2109,3843
2109,3926
2109,3946
2109,4021
2109,4044
2109,4201
2109,4234
2109,4247
2109,4266
2109,4424
2109,4463
2109,4510
2109,4536
2109,4661
2109,4666
2109,4735
2109,5100
2109,5392
2114,290
2114,1291
2114,1706
2114,1734
2114,1754
2114,1777
2114,1781
2114,1919
2114,2016
2114,2251
2114,2323
2114,2585
2114,2593
2114,2617
2114,2625
2114,2727
2114,2815
2114,2830
2114,2968
2114,2993
2114,2999
2114,3007
2114,3026
2114,3028
2114,3029
2114,3034
2114,3050
2114,3056
2114,3059
2114,3068
2114,3084
2114,3099
2114,3117
2114,3140
2114,3404
2114,3576
2114,3680
2116,1166
2116,1723
2116,2114
2116,2256
2116,2721
2116,2794
2116,3005
2116,3034
2116,3529
2116,3804
2120,417
2120,737
2120,765
2120,1024
2120,1166
2120,1549
2120,1596
2120,1608
2120,1621
2120,1700
2120,1781
2120,2145
2120,2225
2120,2290
2120,2307
2120,2323
2120,2325
2120,2328
2120,2426
2120,2501
2120,2517
2120,2594
2120,2625
2120,2657
2120,2667
2120,2724
2120,2799
2120,2811
2120,2834
2120,2900
2120,2902
2120,2926
2120,2974
2120,2979
2120,3056
2120,3068
2120,3089
2120,3126
2120,3243
2120,3258
2120,3320
2120,3324
2120,3459
2120,3480
2120,3538
2120,3548
2120,4179
2120,4261
2120,4536
2120,4735
2120,4780
2120,5079
2120,5412
2120,6388
2120,6980
2120,7277
2120,7632
2129,1990
2129,2144
2129,2210
2129,2328
2129,2398
2129,2565
2129,2625
2129,2657
2129,3024
2129,3026
2129,3034
2129,3144
2129,3404
2129,3439
2129,3454
2129,3529
2129,3557
2129,3568
2129,3645
2129,3724
2129,3812
2129,3903
2129,3958
2129,4138
2129,4234
2129,4290
2129,4299
2129,4335
2129,4424
2129,4463
2129,4510
2129,4528
2129,4531
2129,4547
2129,4578
2129,4735
2129,4808
2133,56
2133,214
2133,403
2133,722
2133,765
2133,1211
2133,1291
2133,1297
2133,1374
2133,1384
2133,1419
2133,1596
2133,1608
2133,1621
2133,1637
2133,1646
2133,1653
2133,1700
2133,1705
2133,1723
2133,1808
2133,1918
2133,1956
2133,2102
2133,2120
2133,2174
2133,2240
2133,2322
2133,2323
2133,2375
2133,2410
2133,2470
2133,2547
2133,2560
2133,2593
2133,2599
2133,2625
2133,2646
2133,2707
2133,2721
2133,2754
2133,2768
2133,2777
2133,2794
2133,2805
2133,2809
2133,2814
2133,2815
2133,2828
2133,2834
2133,2838
2133,2877
2133,2880
2133,2922
2133,2926
2133,2955
2133,2963
2133,2968
2133,2972
2133,2979
2133,2993
2133,2999
2133,3029
2134,1990
2134,2144
2134,2328
2134,3125
2134,3192
2134,4191
2134,4256
2134,4289
2134,4290
2134,4299
2134,4365
2134,4386
2135,737
2135,762
2135,825
2135,1247
2135,1267
2135,1297
2135,1419
2135,1633
2135,1729
2135,1792
2135,1982
2135,2014
2135,2120
2135,2145
2135,2174
2135,2225
2135,2251
2135,2256
2135,2289
2135,2322
2135,2323
2135,2324
2135,2328
2135,2375
2135,2381
2135,2398
2135,2433
2135,2456
2135,2470
2135,2485
2135,2508
2135,2516
2135,2517
2135,2535
2135,2560
2135,2565
2135,2594
2135,2625
2135,2651
2135,2654
2135,2657
2135,2658
2135,2693
2135,2707
2135,2747
2135,2763
2135,2775
2135,2790
2135,2794
2135,2830
2135,2844
2135,2851
2135,2900
2135,2909
2135,2912
2135,2963
2135,3010
2135,3020
2135,3033
2135,3034
2135,3089
2135,3117
2135,3126
2135,3238
2135,3253
2135,3276
2135,3321
2135,3338
2135,3352
2135,3371
2135,3393
2135,3452
2135,3456
2135,3480
2135,3537
2135,3568
2135,3691
2135,3724
2135,3748
2135,3787
2135,3792
2135,3807
2135,3887
2135,4037
2135,4124
2135,4179
2135,4191
2135,4234
2135,4266
2135,4335
2135,4448
2135,4463
2135,4530
2135,4536
2135,4661
2135,4712
2135,4735
2135,4777
2135,4811
2135,4820
2135,4827
2135,4846
2135,4953
2135,5002
2135,5100
2135,5222
2135,5404
2135,5412
2135,5449
2135,5454
2135,5459
2135,5484
2135,5539
2135,5568
2135,5651
2135,5683
2135,6496
2135,7587
2135,7632
2144,417
2144,737
2144,2210
2144,2328
2144,2398
2144,2653
2144,3454
2144,3456
2144,3459
2144,3660
2144,3720
2144,4037
2144,4051
2144,4266
2144,4349
2144,4735
2144,7632
2145,204
2145,737
2145,974
2145,1166
2145,1549
2145,1608
2145,1637
2145,1653
2145,1679
2145,1705
2145,1734
2145,1814
2145,1982
2145,2066
2145,2120
2145,2144
2145,2210
2145,2258
2145,2289
2145,2297
2145,2323
2145,2328
2145,2356
2145,2364
2145,2375
2145,2398
2145,2411
2145,2456
2145,2516
2145,2535
2145,2565
2145,2594
2145,2651
2145,2747
2145,2775
2145,2790
2145,2794
2145,2811
2145,2822
2145,2831
2145,2871
2145,2912
2145,2922
2145,2981
2145,3002
2145,3005
2145,3024
2145,3084
2145,3125
2145,3140
2145,3260
2145,3265
2145,3291
2145,3320
2145,3334
2145,3338
2145,3393
2145,3439
2145,3473
2145,3537
2145,3587
2145,3631
2145,3645
2145,3664
2145,3787
2145,3807
2145,3843
2145,3903
2145,4037
2145,4191
2145,4234
2145,4266
2145,4289
2145,4335
2145,4384
2145,4400
2145,4424
2145,4485
2145,4587
2145,4735
2145,4792
2145,4827
2145,4875
2145,4953
2145,5020
2145,5058
2145,5079
2145,5092
2145,5130
2145,5210
2145,5288
2145,5404
2145,5412
2145,5543
2145,5563
2145,5800
2145,5811
2145,5902
2145,6097
2145,6299
2145,6330
2145,6414
2145,6634
2145,6855
2145,6901
2145,7279
2145,7632
2145,7651
2145,7699
2145,7757
2160,762
2160,1297
2160,1416
2160,1549
2160,2066
2160,2328
2160,2371
2160,2398
2160,2470
2160,2508
2160,2535
2160,2900
2160,3089
2160,3140
2160,3145
2160,3150
2160,3164
2160,3253
2160,3562
2160,3812
2160,5829
2174,214
2174,1154
2174,1374
2174,1583
2174,1621
2174,1808
2174,2066
2174,2102
2174,2120
2174,2160
2174,2210
2174,2256
2174,2328
2174,2410
2174,2411
2174,2470
2174,2576
2174,2585
2174,2594
2174,2625
2174,2651
2174,2754
2174,2770
2174,2775
2174,2777
2174,2809
2174,2825
2174,2828
2174,2838
2174,2877
2174,2946
2174,2955
2174,3007
2174,3030
2174,3253
2174,3351
2174,3439
2174,3486
2174,3516
2174,3903
2174,4231
2174,4269
2174,7620
2209,204
2209,974
2209,1166
2209,1357
2209,1416
2209,1633
2209,1646
2209,1653
2209,2120
2209,2252
2209,2338
2209,2410
2209,2542
2209,2594
2209,2657
2209,2805
2209,2819
2209,2900
2209,3018
2209,3020
2209,3148
2209,3473
2209,3489
2209,3580
2209,3587
2210,2066
2210,2544
2210,2790
2210,3084
2210,3394
2210,3562
2210,4013
2210,4233
2210,4735
2210,5412
2223,2398
2223,2547
2223,3084
2223,3125
2223,3720
2223,3892
2223,4071
2223,4401
2223,5022
2223,7553
2225,856
2225,1700
2225,2135
2225,2145
2225,2323
2225,2328
2225,2474
2225,2625
2225,2651
2225,2775
2225,2856
2225,2951
2225,3007
2225,3020
2225,3034
2225,3089
2225,3238
2225,3253
2225,3265
2225,3452
2225,5022
2225,5335
2225,5412
2229,285
2229,633
2229,762
2229,856
2229,974
2229,1157
2229,1166
2229,1267
2229,1357
2229,1385
2229,1393
2229,1416
2229,1437
2229,1549
2229,1679
2229,1729
2229,1734
2229,1754
2229,1792
2229,1814
2229,1990
2229,2116
2229,2129
2229,2135
2229,2209
2229,2225
2229,2231
2229,2237
2229,2252
2229,2289
2229,2325
2229,2328
2229,2356
2229,2371
2229,2416
2229,2474
2229,2517
2229,2550
2229,2565
2229,2593
2229,2594
2229,2597
2229,2612
2229,2625
2229,2646
2229,2651
2229,2654
2229,2662
2229,2674
2229,2697
2229,2700
2229,2708
2229,2713
2229,2724
2229,2754
2229,2830
2229,2856
2229,2900
2229,2912
2229,2951
2229,3018
2229,3020
2229,3021
2229,3030
2229,3089
2229,3126
2229,3140
2229,3144
2229,3145
2229,3148
2229,3150
2229,3164
2229,3173
2229,3192
2229,3235
2229,3243
2229,3251
2229,3253
2229,3265
2229,3276
2229,3307
2229,3319
2229,3320
2229,3324
2229,3338
2229,3346
2229,3348
2229,3351
2229,3371
2229,3394
2229,3408
2229,3520
2229,3537
2229,3568
2229,3580
2229,3587
2229,3645
2229,3660
2229,3661
2229,3813
2229,4191
2229,4234
2229,4256
2229,4289
2229,4290
2229,4297
2229,4349
2229,4365
2229,4373
2229,4384
2229,4385
2229,4417
2229,4422
2229,4424
2231,1596
2231,1608
2231,1637
2231,1706
2231,2426
2231,2517
2231,2594
2231,2657
2231,2825
2231,2918
2231,2977
2231,2979
2231,3030
2231,3050
2231,3056
2231,3068
2231,3976
2231,5412
2237,204
2237,465
2237,737
2237,762
2237,974
2237,1166
2237,1185
2237,1291
2237,1297
2237,1305
2237,1315
2237,1357
2237,1416
2237,1549
2237,1633
2237,1637
2237,1688
2237,1706
2237,1729
2237,1734
2237,1744
2237,1754
2237,1769
2237,1781
2237,1919
2237,1990
2237,2014
2237,2016
2237,2114
2237,2134
2237,2144
2237,2145
2237,2209
2237,2251
2237,2252
2237,2256
2237,2257
2237,2289
2237,2290
2237,2297
2237,2324
2237,2328
2237,2381
2237,2398
2237,2456
2237,2470
2237,2485
2237,2510
2237,2517
2237,2535
2237,2544
2237,2550
2237,2565
2237,2576
2237,2585
2237,2592
2237,2593
2237,2594
2237,2595
2237,2612
2237,2646
2237,2651
2237,2654
2237,2657
2237,2660
2237,2667
2237,2674
2237,2686
2237,2693
2237,2696
2237,2697
2237,2700
2237,2707
2237,2746
2237,2747
2237,2790
2237,2811
2237,2815
2237,2819
2237,2830
2237,2831
2237,2871
2237,2909
2237,2932
2237,2955
2237,2968
2237,2973
2237,2999
2237,3005
2237,3010
2237,3021
2237,3024
2237,3026
2237,3028
2237,3029
2237,3033
2237,3034
2237,3059
2237,3084
2237,3089
2237,3114
2237,3117
2237,3125
2237,3140
2237,3144
2237,3148
2237,3150
2237,3164
2237,3192
2237,3260
2237,3284
2237,3291
2237,3307
2237,3309
2237,3321
2237,3334
2237,3338
2237,3352
2237,3394
2237,3404
2237,3408
2237,3417
2237,3439
2237,3443
2237,3447
2237,3453
2237,3454
2237,3456
2237,3464
2237,3480
2237,3529
2237,3537
2237,3541
2237,3557
2237,3568
2237,3580
2237,3615
2237,3635
2237,3643
2237,3645
2237,3650
2237,3660
2237,3661
2237,3680
2237,3748
2237,3807
2237,3812
2237,3847
2237,3871
2237,3887
2237,3892
2237,3903
2237,3956
2237,3958
2237,4011
2237,4040
2237,4044
2237,4072
2237,4103
2237,4124
2237,4191
2237,4212
2237,4234
2237,4256
2237,4261
2237,4263
2237,4266
2237,4269
2237,4289
2237,4290
2237,4299
2237,4335
2237,4365
2237,4384
2237,4417
2237,4422
2237,4424
2237,4448
2237,4453
2237,4463
2237,4485
2237,4510
2237,4528
2237,4551
2237,4578
2237,4600
2237,4613
2237,4653
2237,4661
2237,4662
2237,4666
2237,4719
2237,4735
2237,4796
2237,4808
2237,4811
2237,4814
2237,4824
2237,4827
2237,4828
2237,4938
2237,5092
2237,5100
2237,5130
2237,5162
2237,5412
2237,5430
2237,5449
2237,5459
2237,5509
2237,5511
2237,5640
2237,6624
2240,204
2240,285
2240,737
2240,856
2240,974
2240,1026
2240,1297
2240,1307
2240,1393
2240,1549
2240,1608
2240,1633
2240,2066
2240,2102
2240,2120
2240,2160
2240,2174
2240,2209
2240,2237
2240,2256
2240,2322
2240,2325
2240,2328
2240,2356
2240,2398
2240,2535
2240,2594
2240,2625
2240,2651
2240,2657
2240,2746
2240,2951
2240,3005
2240,3020
2240,3024
2240,3030
2240,3238
2240,3260
2240,3408
2240,3580
2240,3615
2240,3796
2240,3962
2240,3976
2240,4037
2240,4065
2240,4256
2240,4528
2240,4536
2240,4981
2240,5079
2240,5321
2240,5524
2240,5605
2240,5814
2240,5871
2240,6327
2240,6634
2240,6774
2240,6832
2240,6913
2240,7517
2240,7620
2240,7651
2240,7662
2251,856
2251,1679
2251,2231
2251,2625
2251,2651
2251,2654
2251,2707
2251,2721
2251,2814
2251,2815
2251,2968
2251,2972
2251,2977
2251,2999
2251,3020
2251,3056
2251,3265
2252,825
2252,1549
2252,1744
2252,2251
2252,2585
2252,2652
2252,2654
2252,2674
2252,2693
2252,2747
2252,3005
2252,3026
2252,3461
2252,3520
2252,3576
2252,3946
2256,56
2256,214
2256,403
2256,425
2256,765
2256,827
2256,1100
2256,1291
2256,1297
2256,1374
2256,1384
2256,1419
2256,1549
2256,1596
2256,1608
2256,1637
2256,1646
2256,1653
2256,1705
2256,1723
2256,1744
2256,1777
2256,1808
2256,1814
2256,1918
2256,1935
2256,1990
2256,2053
2256,2066
2256,2102
2256,2120
2256,2134
2256,2145
2256,2174
2256,2225
2256,2240
2256,2264
2256,2307
2256,2322
2256,2375
2256,2410
2256,2411
2256,2416
2256,2501
2256,2516
2256,2517
2256,2535
2256,2544
2256,2547
2256,2560
2256,2593
2256,2594
2256,2599
2256,2625
2256,2647
2256,2651
2256,2652
2256,2654
2256,2657
2256,2667
2256,2687
2256,2707
2256,2747
2256,2754
2256,2763
2256,2770
2256,2777
2256,2785
2256,2787
2256,2790
2256,2794
2256,2799
2256,2805
2256,2809
2256,2814
2256,2815
2256,2825
2256,2828
2256,2844
2256,2859
2256,2877
2256,2900
2256,2902
2256,2918
2256,2922
2256,2926
2256,2955
2256,2958
2256,2963
2256,2974
2256,2979
2256,2993
2256,2999
2256,3005
2256,3028
2256,3030
2256,3089
2256,3117
2256,3200
2256,3243
2256,3253
2256,3258
2256,3276
2256,3291
2256,3324
2256,3338
2256,3352
2256,3371
2256,3404
2256,3435
2256,3443
2256,3456
2256,3461
2256,3473
2256,3483
2256,3486
2256,3489
2256,3520
2256,3547
2256,3562
2256,3576
2256,3587
2256,3609
2256,3635
2256,3643
2256,3646
2256,3670
2256,3720
2256,3769
2256,3785
2256,3787
2256,3803
2256,3849
2256,3871
2256,3893
2256,3897
2256,4037
2256,4051
2256,4055
2256,4110
2256,4179
2256,4201
2256,4231
2256,4247
2256,4335
2256,4400
2256,4735
2256,4780
2256,4811
2256,5233
2256,5412
2256,5423
2256,6388
2256,6422
2257,737
2257,765
2257,1166
2257,1734
2257,1823
2257,1919
2257,2120
2257,2135
2257,2144
2257,2145
2257,2225
2257,2381
2257,2544
2257,2576
2257,2593
2257,2667
2257,2686
2257,2708
2257,2764
2257,3117
2257,3253
2257,3291
2257,3321
2257,3352
2257,3408
2257,3435
2257,3439
2257,3464
2257,3473
2257,3680
2257,3796
2257,3885
2257,3892
2257,4191
2257,4719
2257,4827
2257,4938
2257,5239
2257,5459
2257,5506
2257,5651
2257,5806
2258,762
2258,1026
2258,1166
2258,1297
2258,1549
2258,2066
2258,2145
2258,2328
2258,2411
2258,2456
2258,2508
2258,2511
2258,2565
2258,2576
2258,2605
2258,2625
2258,2727
2258,2775
2258,2859
2258,2871
2258,2981
2258,3089
2258,3200
2258,3253
2258,3321
2258,3334
2258,3480
2258,3568
2258,3631
2258,4011
2258,4037
2258,4043
2258,4349
2258,4510
2258,4666
2258,4712
2258,5199
2258,5233
2258,5466
2258,5693
2258,5760
2258,5773
2258,6330
2258,6414
2258,6790
2258,7119
2258,7143
2258,7373
2258,7422
2258,7478
2264,1024
2264,1357
2264,1403
2264,1549
2264,1653
2264,1729
2264,2328
2264,2381
2264,2433
2264,2654
2264,2697
2264,2775
2264,2794
2264,2834
2264,2856
2264,3293
2264,3352
2264,3456
2264,3660
2264,3691
2264,3843
2264,3926
2264,3937
2264,3958
2264,4124
2264,4234
2264,4247
2264,4261
2264,4417
2264,4510
2264,4530
2264,4706
2264,4712
2264,5100
2264,5289
2264,5454
2264,5714
2264,6243
2264,6714
2264,6833
2264,7115
2264,7620
2289,1385
2289,2237
2289,2290
2289,2364
2289,2811
2289,3117
2289,3352
2289,3568
2289,4124
2290,204
2290,825
2290,827
2290,974
2290,1100
2290,1157
2290,1166
2290,1297
2290,1307
2290,1385
2290,1549
2290,1744
2290,1777
2290,1990
2290,2114
2290,2144
2290,2209
2290,2210
2290,2252
2290,2257
2290,2289
2290,2297
2290,2324
2290,2411
2290,2485
2290,2510
2290,2535
2290,2565
2290,2595
2290,2597
2290,2651
2290,2652
2290,2653
2290,2654
2290,2655
2290,2657
2290,2660
2290,2667
2290,2674
2290,2686
2290,2687
2290,2693
2290,2727
2290,2746
2290,2747
2290,2819
2290,2900
2290,2923
2290,2973
2290,2974
2290,3005
2290,3007
2290,3009
2290,3010
2290,3024
2290,3059
2290,3114
2290,3117
2290,3148
2290,3173
2290,3200
2290,3258
2290,3260
2290,3404
2290,3480
2290,3516
2290,3520
2290,3529
2290,3537
2290,3541
2290,3547
2290,3548
2290,3557
2290,3567
2290,3568
2290,3580
2290,3587
2290,3609
2290,3646
2290,3670
2290,3680
2290,3681
2290,3717
2290,3720
2290,3769
2290,3803
2290,3807
2290,3812
2290,3843
2290,3847
2290,3849
2290,3867
2290,3887
2290,3892
2290,3903
2290,3946
2290,4011
2290,4021
2290,4088
2290,4110
2290,4191
2290,4384
2297,204
2297,214
2297,417
2297,425
2297,465
2297,737
2297,825
2297,1166
2297,1267
2297,1297
2297,1307
2297,1315
2297,1357
2297,1374
2297,1384
2297,1416
2297,1571
2297,1633
2297,1700
2297,1723
2297,1734
2297,1754
2297,1792
2297,1814
2297,1956
2297,1990
2297,2066
2297,2134
2297,2144
2297,2145
2297,2174
2297,2209
2297,2210
2297,2225
2297,2240
2297,2290
2297,2328
2297,2338
2297,2398
2297,2456
2297,2474
2297,2485
2297,2506
2297,2508
2297,2510
2297,2535
2297,2542
2297,2547
2297,2594
2297,2625
2297,2651
2297,2654
2297,2657
2297,2660
2297,2667
2297,2693
2297,2727
2297,2746
2297,2775
2297,2794
2297,2856
2297,2859
2297,2871
2297,2958
2297,3005
2297,3009
2297,3020
2297,3024
2297,3026
2297,3033
2297,3034
2297,3059
2297,3089
2297,3150
2297,3192
2297,3253
2297,3258
2297,3260
2297,3265
2297,3307
2297,3338
2297,3352
2297,3435
2297,3454
2297,3456
2297,3473
2297,3489
2297,3516
2297,3529
2297,3537
2297,3562
2297,3568
2297,3576
2297,3587
2297,3607
2297,3615
2297,3650
2297,3661
2297,3770
2297,3807
2297,3926
2297,3946
2297,3976
2297,4013
2297,4021
2297,4055
2297,4103
2297,4124
2297,4162
2297,4179
2297,4191
2297,4233
2297,4263
2297,4269
2297,4299
2297,4400
2297,4453
2297,4510
2297,4528
2297,4578
2297,4706
2297,4811
2297,4981
2297,4983
2297,5055
2297,5412
2297,5714
2297,6442
2297,6914
2297,6979
2297,7341
2297,7587
2297,7632
2299,56
2299,856
2299,1549
2299,2120
2299,2251
2299,2256
2299,2322
2299,2328
2299,2398
2299,2410
2299,2485
2299,2547
2299,2560
2299,2565
2299,2585
2299,2625
2299,2651
2299,2687
2299,2700
2299,2746
2299,2754
2299,2794
2299,2809
2299,2851
2299,2909
2299,2972
2299,2999
2299,3026
2299,3030
2299,3117
2299,3251
2299,3265
2299,3351
2299,3459
2299,3541
2299,3580
2299,3615
2299,3892
2299,3903
2299,4024
2299,4044
2299,4138
2299,4448
2299,4587
2299,4824
2299,5148
2299,5215
2299,5246
2299,5714
2299,5814
2299,5829
2299,6032
2299,6832
2299,7021
2299,7092
2307,2585
2307,2746
2307,3024
2307,3117
2307,3650
2307,4024
2322,1297
2322,1621
2322,1700
2322,2289
2322,2625
2322,2814
2322,3645
2322,4349
2322,6227
2323,72
2323,204
2323,290
2323,346
2323,417
2323,737
2323,827
2323,1157
2323,1297
2323,1307
2323,1385
2323,1549
2323,1571
2323,1633
2323,1729
2323,1744
2323,1777
2323,1935
2323,1990
2323,2066
2323,2114
2323,2174
2323,2210
2323,2225
2323,2240
2323,2252
2323,2297
2323,2369
2323,2398
2323,2411
2323,2416
2323,2485
2323,2516
2323,2535
2323,2565
2323,2576
2323,2585
2323,2594
2323,2625
2323,2651
2323,2653
2323,2654
2323,2657
2323,2660
2323,2746
2323,2747
2323,2794
2323,2815
2323,2838
2323,2859
2323,2900
2323,2923
2323,2958
2323,3005
2323,3007
2323,3018
2323,3020
2323,3028
2323,3103
2323,3243
2323,3260
2323,3352
2323,3371
2323,3443
2323,3456
2323,3480
2323,3516
2323,3541
2323,3562
2323,3580
2323,3724
2323,3803
2323,3847
2323,3871
2323,3897
2323,3926
2323,3937
2323,3946
2323,4011
2323,4103
2323,4179
2323,4191
2323,4385
2323,4400
2323,4510
2323,4531
2323,4820
2323,5079
2323,5412
2323,5449
2323,5817
2323,7277
2324,2485
2324,2535
2325,3320
2325,3321
2326,204
2326,285
2326,417
2326,762
2326,825
2326,827
2326,974
2326,1100
2326,1157
2326,1166
2326,1239
2326,1297
2326,1307
2326,1310
2326,1385
2326,1549
2326,1571
2326,1621
2326,1633
2326,1688
2326,1706
2326,1729
2326,1744
2326,1769
2326,1777
2326,1935
2326,1990
2326,2016
2326,2066
2326,2114
2326,2129
2326,2134
2326,2144
2326,2145
2326,2209
2326,2210
2326,2252
2326,2257
2326,2289
2326,2290
2326,2297
2326,2307
2326,2324
2326,2325
2326,2328
2326,2338
2326,2356
2326,2384
2326,2398
2326,2411
2326,2416
2326,2433
2326,2485
2326,2506
2326,2508
2326,2510
2326,2516
2326,2535
2326,2542
2326,2544
2326,2565
2326,2576
2326,2585
2326,2592
2326,2594
2326,2595
2326,2597
2326,2612
2326,2623
2326,2646
2326,2653
2326,2654
2326,2655
2326,2657
2326,2660
2326,2667
2326,2674
2326,2686
2326,2687
2326,2693
2326,2727
2326,2746
2326,2747
2326,2790
2326,2799
2326,2819
2326,2859
2326,2871
2326,2900
2326,2918
2326,2923
2326,2932
2326,2958
2326,2973
2326,2981
2326,3005
2326,3007
2326,3009
2326,3010
2326,3020
2326,3021
2326,3024
2326,3026
2326,3028
2326,3030
2326,3059
2326,3084
2326,3114
2326,3117
2326,3148
2326,3173
2326,3192
2326,3200
2326,3258
2326,3260
2326,3276
2326,3291
2326,3307
2326,3313
2326,3338
2326,3346
2326,3348
2326,3351
2326,3352
2326,3371
2326,3404
2326,3408
2326,3435
2326,3439
2326,3443
2326,3455
2326,3460
2326,3473
2326,3480
2326,3483
2326,3486
2326,3489
2326,3506
2326,3516
2326,3520
2326,3529
2326,3537
2326,3538
2326,3541
2326,3548
2326,3557
2326,3562
2326,3567
2326,3568
2326,3580
2326,3587
2326,3615
2326,3631
2326,3645
2326,3646
2326,3650
2326,3660
2326,3661
2326,3670
2326,3680
2326,3681
2326,3717
2326,3720
2326,3769
2326,3787
2326,3804
2326,3807
2326,3812
2326,3813
2326,3843
2326,3847
2326,3871
2326,3887
2326,3892
2326,3898
2326,3903
2326,3926
2326,3937
2326,3967
2326,3976
2326,4011
2326,4013
2326,4021
2326,4024
2326,4031
2326,4043
2326,4055
2326,4058
2326,4110
2326,4117
2326,4124
2326,4138
2326,4162
2326,4179
2326,4189
2326,4191
2326,4201
2326,4233
2326,4247
2326,4256
2326,4263
2326,4269
2326,4290
2326,4297
2326,4298
2326,4349
2326,4373
2326,4384
2326,4417
2326,4424
2326,4468
2326,4500
2326,4578
2326,4735
2326,4811
2326,4938
2326,5092
2326,5100
2326,5106
2328,403
2328,465
2328,722
2328,765
2328,825
2328,974
2328,1166
2328,1211
2328,1239
2328,1297
2328,1384
2328,1549
2328,1608
2328,1621
2328,1637
2328,1646
2328,1653
2328,1700
2328,1723
2328,1808
2328,1956
2328,1990
2328,2053
2328,2066
2328,2120
2328,2134
2328,2160
2328,2174
2328,2209
2328,2210
2328,2240
2328,2252
2328,2257
2328,2264
2328,2297
2328,2322
2328,2324
2328,2410
2328,2411
2328,2470
2328,2485
2328,2506
2328,2508
2328,2510
2328,2517
2328,2535
2328,2544
2328,2547
2328,2565
2328,2585
2328,2593
2328,2595
2328,2597
2328,2599
2328,2652
2328,2653
2328,2654
2328,2657
2328,2660
2328,2667
2328,2693
2328,2707
2328,2727
2328,2746
2328,2747
2328,2754
2328,2763
2328,2768
2328,2794
2328,2805
2328,2809
2328,2814
2328,2825
2328,2834
2328,2877
2328,2932
2328,2958
2328,2973
2328,2981
2328,3005
2328,3010
2328,3024
2328,3026
2328,3028
2328,3034
2328,3114
2328,3148
2328,3192
2328,3258
2328,3260
2328,3291
2328,3352
2328,3394
2328,3459
2328,3480
2328,3529
2328,3537
2328,3562
2328,3568
2328,3587
2328,3607
2328,3615
2328,3650
2328,3661
2328,3670
2328,3769
2328,3892
2328,3903
2328,3926
2328,4021
2328,4037
2328,4043
2328,4065
2328,4134
2328,4162
2328,4247
2328,4256
2328,4269
2328,4709
2328,4712
2328,4717
2328,5524
2328,5697
2328,5714
2328,5800
2328,5806
2328,5814
2328,5822
2328,5829
2328,5902
2328,6123
2328,6327
2328,6347
2328,6665
2328,6770
2328,6774
2328,6783
2328,6832
2328,7131
2328,7400
2328,7414
2328,7553
2338,2323
2338,2508
2338,2654
2338,3348
2356,465
2356,825
2356,974
2356,1166
2356,1706
2356,1734
2356,2114
2356,2134
2356,2210
2356,2289
2356,2324
2356,2328
2356,2510
2356,2544
2356,2565
2356,2585
2356,2594
2356,2595
2356,2654
2356,2655
2356,2657
2356,2662
2356,2693
2356,2727
2356,2746
2356,2923
2356,2932
2356,2958
2356,2973
2356,3005
2356,3007
2356,3024
2356,3026
2356,3028
2356,3033
2356,3084
2356,3117
2356,3140
2356,3258
2356,3352
2356,3454
2356,3615
2356,3650
2356,3843
2356,3887
2356,3892
2356,3903
2356,3926
2356,3937
2356,4011
2356,4021
2356,4043
2356,4179
2356,4269
2356,4290
2356,4528
2364,762
2364,1679
2364,2290
2364,2660
2364,2667
2364,2819
2364,2923
2364,3538
2364,3885
2364,4037
2364,4424
2368,290
2368,2508
2368,2560
2368,2565
2368,2594
2368,2599
2368,3018
2368,3021
2368,3117
2368,3307
2368,3351
2368,3352
2368,3371
2368,3443
2369,737
2369,840
2369,1026
2369,1493
2369,1799
2369,1982
2369,2014
2369,2160
2369,2354
2369,2364
2369,2398
2369,2411
2369,2785
2369,2787
2369,2822
2369,2909
2369,3002
2369,3106
2369,3238
2369,3334
2369,3393
2369,3417
2369,3447
2369,3456
2369,3459
2369,3541
2369,3643
2369,3796
2369,3813
2369,3830
2369,3897
2369,3898
2369,3910
2369,3976
2369,4037
2369,4124
2369,4191
2369,4297
2369,4315
2369,4401
2369,4432
2369,4448
2369,4507
2369,4530
2369,4536
2369,4547
2369,4587
2369,4712
2369,4824
2369,4828
2369,4875
2369,4929
2369,4964
2369,4983
2369,5020
2369,5022
2369,5037
2369,5055
2369,5079
2369,5148
2369,5179
2369,5189
2369,5210
2369,5215
2369,5233
2369,5321
2369,5404
2369,5412
2369,5452
2369,5454
2369,5484
2369,5545
2369,5563
2369,5605
2369,5714
2369,5739
2369,5811
2369,5902
2369,6044
2369,6227
2369,6327
2369,6414
2369,6523
2369,6596
2369,6634
2369,6665
2369,6720
2369,6736
2369,6765
2369,6789
2369,6875
2369,6955
2369,7047
2369,7050
2369,7052
2369,7088
2369,7092
2369,7116
2369,7131
2369,7214
2369,7238
2369,7279
2369,7386
2369,7389
2369,7512
2369,7553
2369,7620
2369,7632
2369,7649
2369,7666
2371,214
2371,722
2371,762
2371,856
2371,1166
2371,1211
2371,1267
2371,1291
2371,1297
2371,1315
2371,1357
2371,1416
2371,1437
2371,1596
2371,1705
2371,1734
2371,1754
2371,1781
2371,1792
2371,1808
2371,1814
2371,1918
2371,1919
2371,2053
2371,2174
2371,2225
2371,2251
2371,2256
2371,2264
2371,2323
2371,2324
2371,2354
2371,2375
2371,2411
2371,2416
2371,2426
2371,2470
2371,2485
2371,2517
2371,2547
2371,2550
2371,2560
2371,2565
2371,2593
2371,2625
2371,2646
2371,2653
2371,2654
2371,2657
2371,2662
2371,2696
2371,2697
2371,2707
2371,2724
2371,2815
2371,2830
2371,2856
2371,2877
2371,2880
2371,2900
2371,2902
2371,2918
2371,2922
2371,2926
2371,2955
2371,2963
2371,2968
2371,2972
2371,2973
2371,2977
2371,2979
2371,2993
2371,2999
2371,3007
2371,3026
2371,3029
2371,3033
2371,3034
2371,3056
2371,3059
2371,3068
2371,3117
2371,3126
2371,3140
2371,3144
2371,3150
2371,3164
2371,3173
2371,3192
2371,3235
2371,3516
2371,3537
2371,3748
2371,3796
2371,3887
2371,4124
2371,4256
2371,4361
2371,4653
2371,4964
2371,5412
2371,5459
2371,7561
2371,7632
2375,762
2375,765
2375,1157
2375,1185
2375,1384
2375,1419
2375,1608
2375,1637
2375,1653
2375,1688
2375,1918
2375,2066
2375,2120
2375,2240
2375,2256
2375,2470
2375,2565
2375,2599
2375,2612
2375,2828
2375,2880
2375,3192
2375,3394
2375,3724
2375,4289
2375,4331
2375,4365
2375,4384
2375,4500
2375,4528
2375,4712
2375,4875
2375,5233
2375,5568
2375,6004
2379,762
2379,1307
2379,1688
2379,1744
2379,1777
2379,2114
2379,2134
2379,2257
2379,2328
2379,2411
2379,2485
2379,2516
2379,2565
2379,2859
2379,2900
2379,2923
2379,2932
2379,2958
2379,2981
2379,3005
2379,3099
2379,3192
2379,3200
2379,3291
2379,3480
2379,3483
2379,3541
2379,3615
2379,3631
2379,3787
2379,4013
2379,4110
2379,4162
2379,4179
2379,4201
2379,4233
2379,4247
2379,4269
2379,4557
2381,762
2381,1297
2381,1385
2381,1549
2381,1680
2381,1956
2381,2066
2381,2252
2381,2297
2381,2323
2381,2398
2381,2508
2381,2516
2381,2535
2381,2625
2381,2651
2381,2790
2381,3007
2381,3034
2381,3089
2381,3192
2381,3334
2381,3352
2381,3394
2381,3443
2381,3456
2381,3459
2381,3607
2381,3631
2381,3720
2381,3892
2381,3976
2381,4013
2381,4037
2381,4110
2381,4191
2381,4201
2381,4247
2381,4269
2381,4315
2381,4335
2381,4453
2381,4547
2381,4735
2381,4875
2381,5020
2381,5079
2381,5449
2381,5452
2381,5697
2381,6330
2381,6613
2381,6665
2381,6720
2381,6833
2384,72
2384,1166
2384,1315
2384,1385
2384,1416
2384,2237
2384,2256
2384,2328
2384,2354
2384,2371
2384,2398
2384,2416
2384,2511
2384,2516
2384,2565
2384,2625
2384,2822
2384,2871
2384,2909
2384,3007
2384,3028
2384,3192
2384,3238
2384,3291
2384,3321
2384,3417
2384,3435
2384,3443
2384,3516
2384,3631
2384,3787
2384,3796
2384,3871
2384,3976
2384,4037
2384,4201
2384,4233
2384,4247
2384,4289
2384,4536
2384,4600
2384,4828
2384,4999
2384,5022
2384,5079
2384,5106
2384,5162
2384,5341
2384,5459
2384,5511
2384,5637
2384,5651
2384,5693
2384,6624
2384,7694
2398,72
2398,465
2398,974
2398,1549
2398,1571
2398,1706
2398,1734
2398,2144
2398,2209
2398,2210
2398,2297
2398,2326
2398,2506
2398,2516
2398,2585
2398,2597
2398,2625
2398,2651
2398,2655
2398,2660
2398,2686
2398,2746
2398,2790
2398,2871
2398,3024
2398,3026
2398,3084
2398,3117
2398,3260
2398,3352
2398,3443
2398,3454
2398,3516
2398,3580
2398,3609
2398,3650
2398,3720
2398,3892
2398,3903
2398,3926
2398,3937
2398,3976
2398,4191
2398,4528
2398,4578
2398,4735
2398,4811
2398,5412
2410,737
2410,1700
2410,1799
2410,2576
2410,2794
2410,2825
2410,3027
2410,3456
2410,3962
2410,4071
2410,4098
2410,4400
2410,4929
2410,5079
2410,5392
2410,5412
2410,5459
2410,5524
2410,5539
2410,6151
2410,6414
2410,7632
2411,417
2411,465
2411,825
2411,974
2411,1166
2411,1297
2411,1385
2411,1419
2411,1571
2411,1596
2411,1633
2411,1680
2411,1700
2411,1754
2411,1777
2411,1915
2411,1918
2411,1919
2411,1935
2411,1990
2411,2016
2411,2066
2411,2114
2411,2120
2411,2129
2411,2144
2411,2209
2411,2210
2411,2251
2411,2252
2411,2256
2411,2290
2411,2307
2411,2325
2411,2375
2411,2433
2411,2474
2411,2510
2411,2535
2411,2544
2411,2560
2411,2576
2411,2585
2411,2595
2411,2653
2411,2654
2411,2657
2411,2660
2411,2667
2411,2674
2411,2686
2411,2687
2411,2708
2411,2713
2411,2724
2411,2727
2411,2746
2411,2777
2411,2790
2411,2794
2411,2799
2411,2809
2411,2859
2411,2900
2411,2955
2411,2958
2411,2974
2411,3005
2411,3024
2411,3028
2411,3029
2411,3030
2411,3034
2411,3050
2411,3084
2411,3089
2411,3117
2411,3126
2411,3140
2411,3148
2411,3253
2411,3291
2411,3307
2411,3319
2411,3324
2411,3338
2411,3408
2411,3439
2411,3473
2411,3483
2411,3486
2411,3489
2411,3506
2411,3529
2411,3537
2411,3538
2411,3548
2411,3580
2411,3587
2411,3609
2411,3615
2411,3635
2411,3645
2411,3650
2411,3680
2411,3681
2411,3893
2411,3898
2411,3967
2411,4011
2411,4021
2411,4024
2411,4051
2411,4110
2411,4124
2411,4231
2411,4233
2411,4247
2411,4299
2411,4386
2411,4412
2411,4500
2411,4531
2411,4547
2411,5484
2416,762
2416,1211
2416,1291
2416,1633
2416,1723
2416,2120
2416,2323
2416,2375
2416,2426
2416,2647
2416,2708
2416,2721
2416,2763
2416,2902
2416,2926
2416,2946
2416,2966
2416,2968
2416,2993
2416,3029
2416,3068
2416,3099
2416,3150
2416,3251
2416,3276
2416,3338
2416,3348
2416,3371
2416,3587
2433,3439
2456,72
2456,2470
2456,3238
2456,3607
2456,4037
2456,4531
2456,4735
2456,4981
2456,4983
2456,5028
2456,5671
2456,5760
2456,6414
2456,6770
2456,7115
2456,7624
2474,56
2474,204
2474,290
2474,403
2474,417
2474,425
2474,633
2474,737
2474,762
2474,765
2474,1267
2474,1291
2474,1307
2474,1357
2474,1374
2474,1384
2474,1393
2474,1416
2474,1419
2474,1549
2474,1646
2474,1705
2474,1723
2474,1734
2474,1754
2474,1781
2474,1792
2474,1808
2474,1814
2474,1919
2474,2066
2474,2116
2474,2120
2474,2135
2474,2145
2474,2174
2474,2210
2474,2225
2474,2229
2474,2231
2474,2240
2474,2251
2474,2256
2474,2264
2474,2297
2474,2322
2474,2328
2474,2371
2474,2375
2474,2398
2474,2410
2474,2501
2474,2506
2474,2547
2474,2550
2474,2576
2474,2593
2474,2594
2474,2599
2474,2617
2474,2625
2474,2646
2474,2651
2474,2654
2474,2662
2474,2697
2474,2707
2474,2721
2474,2763
2474,2794
2474,2805
2474,2809
2474,2811
2474,2814
2474,2815
2474,2825
2474,2828
2474,2830
2474,2834
2474,2856
2474,2877
2474,2902
2474,2912
2474,2922
2474,2951
2474,2955
2474,2963
2474,2968
2474,2993
2474,3007
2474,3024
2474,3029
2474,3033
2474,3034
2474,3068
2474,3117
2474,3251
2474,3253
2474,3258
2474,3265
2474,3443
2474,3562
2474,3631
2474,3898
2474,4013
2474,4021
2474,4051
2474,4055
2474,4058
2474,4124
2474,4191
2474,4261
2474,4266
2474,4510
2474,4735
2474,5055
2474,5539
2474,6347
2485,204
2485,290
2485,417
2485,465
2485,737
2485,762
2485,765
2485,825
2485,856
2485,974
2485,1166
2485,1185
2485,1239
2485,1267
2485,1291
2485,1307
2485,1315
2485,1357
2485,1360
2485,1393
2485,1403
2485,1549
2485,1571
2485,1596
2485,1637
2485,1688
2485,1705
2485,1723
2485,1729
2485,1754
2485,1769
2485,1792
2485,1808
2485,1982
2485,1990
2485,2014
2485,2016
2485,2066
2485,2114
2485,2116
2485,2120
2485,2135
2485,2145
2485,2174
2485,2225
2485,2237
2485,2256
2485,2257
2485,2289
2485,2297
2485,2323
2485,2325
2485,2328
2485,2364
2485,2371
2485,2375
2485,2384
2485,2398
2485,2411
2485,2433
2485,2456
2485,2506
2485,2508
2485,2510
2485,2511
2485,2542
2485,2547
2485,2550
2485,2560
2485,2565
2485,2576
2485,2585
2485,2593
2485,2594
2485,2595
2485,2597
2485,2605
2485,2625
2485,2646
2485,2647
2485,2653
2485,2654
2485,2655
2485,2657
2485,2660
2485,2667
2485,2674
2485,2686
2485,2696
2485,2700
2485,2713
2485,2727
2485,2746
2485,2747
2485,2819
2485,2830
2485,2831
2485,2856
2485,2871
2485,2877
2485,2900
2485,2902
2485,2909
2485,2918
2485,2923
2485,2940
2485,2955
2485,2958
2485,2966
2485,2972
2485,2993
2485,3005
2485,3007
2485,3009
2485,3010
2485,3018
2485,3020
2485,3024
2485,3026
2485,3027
2485,3028
2485,3029
2485,3034
2485,3056
2485,3059
2485,3073
2485,3089
2485,3103
2485,3114
2485,3117
2485,3125
2485,3144
2485,3145
2485,3148
2485,3164
2485,3173
2485,3192
2485,3238
2485,3243
2485,3258
2485,3260
2485,3309
2485,3319
2485,3321
2485,3324
2485,3351
2485,3352
2485,3371
2485,3393
2485,3404
2485,3417
2485,3443
2485,3452
2485,3458
2485,3459
2485,3473
2485,3480
2485,3489
2485,3516
2485,3529
2485,3537
2485,3557
2485,3562
2485,3568
2485,3580
2485,3587
2485,3615
2485,3645
2485,3650
2485,3660
2485,3680
2485,3748
2485,3752
2485,3796
2485,3854
2485,3892
2485,3897
2485,3903
2485,4011
2485,4013
2485,4037
2485,4040
2485,4055
2485,4071
2485,4124
2485,4162
2485,4179
2485,4191
2485,4212
2485,4247
2485,4256
2485,4266
2485,4290
2485,4361
2485,4384
2485,4432
2485,4485
2485,4510
2485,4536
2485,4578
2485,4600
2485,4613
2485,4653
2485,4666
2485,4712
2485,4814
2485,4827
2485,4828
2485,4938
2485,4964
2485,5002
2485,5020
2485,5022
2485,5026
2485,5028
2485,5096
2485,5100
2485,5106
2485,5144
2485,5189
2485,5233
2485,5289
2485,5404
2485,5412
2485,5430
2485,5452
2485,5454
2485,5459
2485,5484
2485,5506
2485,5509
2485,5529
2485,5543
2485,5637
2485,5640
2485,5651
2485,5683
2485,5693
2485,5806
2485,5818
2485,5872
2485,5902
2485,5922
2485,5932
2485,6032
2485,6043
2485,6123
2485,6151
2485,6227
2485,6327
2485,6347
2485,6417
2485,6523
2485,6560
2485,6780
2485,6832
2485,6875
2485,6897
2485,6914
2485,6934
2485,6976
2485,7092
2485,7351
2485,7400
2485,7422
2485,7478
2485,7510
2485,7561
2485,7620
2485,7624
2485,7649
2506,1706
2506,2016
2506,2066
2506,2145
2506,2251
2506,2323
2506,2474
2506,2535
2506,2657
2506,2658
2506,2727
2506,2859
2506,2871
2506,2932
2506,3443
2506,3480
2506,3541
2506,3631
2506,3892
2506,4011
2506,4013
2506,4055
2506,4124
2506,4289
2506,4412
2506,4510
2506,4983
2506,5055
2506,6347
2506,6422
2506,6634
2506,6759
2506,6979
2506,7778
2508,214
2508,290
2508,1374
2508,2323
2508,2470
2508,2542
2508,2625
2508,3562
2508,3892
2508,6004
2510,403
2510,765
2510,1166
2510,1267
2510,1297
2510,1416
2510,1437
2510,1633
2510,1653
2510,1792
2510,1808
2510,1814
2510,2102
2510,2120
2510,2134
2510,2174
2510,2231
2510,2328
2510,2371
2510,2410
2510,2474
2510,2485
2510,2542
2510,2565
2510,2593
2510,2594
2510,2617
2510,2625
2510,2651
2510,2654
2510,2660
2510,2674
2510,2693
2510,2700
2510,2707
2510,2727
2510,2754
2510,2794
2510,2805
2510,2828
2510,2834
2510,2999
2510,3005
2510,3030
2510,3034
2510,3253
2510,3265
2510,3276
2510,3394
2510,3404
2510,3489
2510,3516
2510,3529
2510,3557
2510,4124
2510,4256
2510,5412
2511,1026
2511,3084
2511,3238
2511,6241
2511,7649
2516,2517
2516,2576
2516,2605
2516,2657
2516,2912
2516,3026
2516,3265
2516,3456
2516,3664
2516,3680
2516,3792
2516,3892
2516,3976
2516,4706
2516,4808
2516,4875
2516,5037
2516,5130
2516,5245
2516,5459
2516,5605
2516,5683
2516,5697
2516,5814
2516,6634
2517,1310
2517,1918
2517,2120
2535,204
2535,1549
2535,2066
2535,2145
2535,2160
2535,2240
2535,2326
2535,2354
2535,2381
2535,2775
2535,2790
2535,2805
2535,2981
2535,3103
2535,3309
2535,3352
2535,3443
2535,3454
2535,3456
2535,3458
2535,3607
2535,3643
2535,3897
2535,3976
2535,4040
2535,4044
2535,4098
2535,4233
2535,4335
2535,4808
2535,5020
2535,5100
2535,5335
2535,5412
2535,5683
2535,5817
2535,6832
2542,72
2542,204
2542,403
2542,417
2542,765
2542,1100
2542,1267
2542,1297
2542,1307
2542,1549
2542,1637
2542,1723
2542,1956
2542,1990
2542,2016
2542,2066
2542,2102
2542,2120
2542,2145
2542,2174
2542,2225
2542,2231
2542,2252
2542,2264
2542,2290
2542,2297
2542,2323
2542,2328
2542,2356
2542,2398
2542,2456
2542,2508
2542,2576
2542,2597
2542,2599
2542,2623
2542,2660
2542,2693
2542,2707
2542,2746
2542,2768
2542,2787
2542,2805
2542,2819
2542,2828
2542,2834
2542,2859
2542,2871
2542,2968
2542,3018
2542,3021
2542,3028
2542,3260
2542,3291
2542,3371
2542,3408
2542,3435
2542,3443
2542,3473
2542,3580
2542,3587
2542,3804
2542,3812
2542,3847
2542,3871
2542,3903
2542,3926
2542,3946
2542,3976
2542,4013
2542,4138
2542,4191
2542,4233
2542,4247
2542,4261
2542,4361
2542,4463
2542,4510
2542,4735
2542,4981
2542,5714
2542,5902
2544,2328
2544,2790
2544,2814
2544,3352
2544,3568
2544,3615
2544,5321
2544,7553
2547,204
2547,762
2547,1357
2547,1437
2547,1549
2547,1596
2547,1679
2547,1777
2547,1792
2547,1808
2547,2209
2547,2290
2547,2297
2547,2325
2547,2328
2547,2371
2547,2398
2547,2411
2547,2474
2547,2485
2547,2542
2547,2560
2547,2576
2547,2625
2547,2646
2547,2653
2547,2654
2547,2660
2547,2662
2547,2667
2547,2674
2547,2687
2547,2724
2547,2768
2547,2777
2547,2790
2547,2794
2547,2799
2547,2819
2547,2900
2547,2912
2547,2946
2547,2972
2547,2991
2547,2993
2547,3034
2547,3050
2547,3056
2547,3068
2547,3089
2547,3099
2547,3126
2547,3150
2547,3235
2547,3253
2547,3276
2547,3352
2547,3439
2547,3443
2547,3516
2547,3557
2547,3580
2547,3587
2547,3650
2547,3976
2547,4021
2547,4124
2547,4199
2547,4266
2547,4297
2547,4349
2547,4453
2547,4662
2547,4706
2547,4719
2547,4735
2547,4811
2547,4875
2547,5073
2547,5524
2547,5543
2547,7115
2549,290
2549,762
2549,1211
2549,1357
2549,1734
2549,1754
2549,1808
2549,1918
2549,1919
2549,1956
2549,2251
2549,2256
2549,2323
2549,2371
2549,2474
2549,2510
2549,2565
2549,2576
2549,2585
2549,2593
2549,2727
2549,2746
2549,2877
2549,2923
2549,2932
2549,2955
2549,2958
2549,2963
2549,3002
2549,3005
2549,3007
2549,3024
2549,3029
2549,3033
2549,3117
2549,3238
2549,3615
2549,3650
2549,3752
2549,3812
2549,3937
2549,4037
2549,4482
2549,4531
2549,4536
2549,4587
2549,4777
2549,4814
2549,4929
2549,5022
2549,5079
2549,5412
2549,5459
2549,5651
2549,5773
2549,6914
2549,7092
2549,7131
2550,765
2550,1357
2550,1416
2550,1437
2550,1549
2550,1956
2550,2116
2550,2174
2550,2264
2550,2371
2550,2501
2550,2697
2550,2794
2550,2834
2550,2902
2550,2918
2550,3164
2559,214
2559,290
2559,403
2559,417
2559,633
2559,762
2559,765
2559,974
2559,1166
2559,1211
2559,1291
2559,1297
2559,1385
2559,1729
2559,1734
2559,1744
2559,1754
2559,1792
2559,1814
2559,1956
2559,2053
2559,2066
2559,2120
2559,2225
2559,2252
2559,2256
2559,2289
2559,2290
2559,2324
2559,2356
2559,2398
2559,2411
2559,2470
2559,2508
2559,2510
2559,2542
2559,2565
2559,2617
2559,2625
2559,2651
2559,2654
2559,2662
2559,2674
2559,2721
2559,2785
2559,2794
2559,2805
2559,2809
2559,2828
2559,2856
2559,2859
2559,2951
2559,2958
2559,2968
2559,3029
2559,3034
2559,3117
2559,3140
2559,3148
2559,3173
2559,3253
2559,3307
2559,3371
2559,3394
2559,3516
2559,3562
2559,3568
2559,3580
2559,3680
2559,4051
2559,4110
2559,4201
2559,4290
2559,4365
2559,4384
2559,4453
2559,4463
2560,204
2560,290
2560,346
2560,417
2560,825
2560,827
2560,856
2560,1024
2560,1026
2560,1157
2560,1211
2560,1239
2560,1291
2560,1297
2560,1305
2560,1307
2560,1360
2560,1549
2560,1571
2560,1596
2560,1744
2560,1754
2560,1777
2560,1915
2560,1956
2560,2016
2560,2066
2560,2114
2560,2129
2560,2144
2560,2210
2560,2231
2560,2252
2560,2256
2560,2323
2560,2324
2560,2398
2560,2411
2560,2485
2560,2508
2560,2565
2560,2593
2560,2595
2560,2597
2560,2617
2560,2646
2560,2653
2560,2654
2560,2655
2560,2686
2560,2708
2560,2727
2560,2794
2560,2799
2560,2809
2560,2859
2560,2912
2560,2917
2560,2918
2560,2923
2560,2926
2560,2951
2560,2963
2560,2968
2560,2972
2560,2979
2560,2993
2560,2999
2560,3009
2560,3024
2560,3034
2560,3050
2560,3056
2560,3073
2560,3084
2560,3089
2560,3099
2560,3114
2560,3140
2560,3145
2560,3164
2560,3173
2560,3238
2560,3253
2560,3276
2560,3291
2560,3310
2560,3346
2560,3394
2560,3417
2560,3439
2560,3473
2560,3480
2560,3506
2560,3516
2560,3520
2560,3537
2560,3557
2560,3567
2560,3580
2560,3615
2560,3646
2560,3650
2560,3661
2560,3670
2560,3681
2560,3717
2560,3770
2560,3803
2560,3812
2560,3843
2560,3847
2560,3926
2560,3937
2560,3967
2560,4021
2560,4044
2560,4138
2560,4189
2560,4191
2560,4201
2560,4233
2560,4256
2560,4289
2560,4290
2560,4298
2560,4341
2560,4365
2560,4384
2560,4507
2560,4706
2560,4811
2560,4999
2560,5096
2560,5148
2560,5341
2560,5406
2560,5671
2560,6043
2560,6320
2560,6330
2560,6422
2560,6523
2560,6560
2560,6665
2560,6918
2560,6980
2560,7052
2560,7059
2560,7277
2560,7400
2560,7443
2560,7544
2560,7587
2560,7649
2560,7651
2560,7694
2560,7695
2560,7699
2560,7707
2560,7726
2560,7778
2565,56
2565,155
2565,204
2565,214
2565,285
2565,290
2565,346
2565,403
2565,417
2565,425
2565,465
2565,633
2565,737
2565,762
2565,765
2565,825
2565,827
2565,840
2565,856
2565,938
2565,967
2565,974
2565,1024
2565,1026
2565,1100
2565,1154
2565,1157
2565,1166
2565,1185
2565,1191
2565,1211
2565,1239
2565,1247
2565,1267
2565,1291
2565,1297
2565,1305
2565,1307
2565,1310
2565,1315
2565,1357
2565,1360
2565,1374
2565,1384
2565,1385
2565,1393
2565,1403
2565,1416
2565,1419
2565,1437
2565,1493
2565,1498
2565,1548
2565,1549
2565,1571
2565,1596
2565,1633
2565,1637
2565,1646
2565,1653
2565,1679
2565,1680
2565,1688
2565,1705
2565,1706
2565,1723
2565,1729
2565,1734
2565,1744
2565,1754
2565,1769
2565,1777
2565,1781
2565,1792
2565,1799
2565,1808
2565,1814
2565,1865
2565,1915
2565,1918
2565,1919
2565,1935
2565,1956
2565,1982
2565,1990
2565,2014
2565,2016
2565,2053
2565,2066
2565,2102
2565,2114
2565,2116
2565,2120
2565,2133
2565,2134
2565,2135
2565,2144
2565,2145
2565,2160
2565,2174
2565,2209
2565,2210
2565,2223
2565,2225
2565,2231
2565,2237
2565,2240
2565,2251
2565,2252
2565,2256
2565,2257
2565,2258
2565,2264
2565,2289
2565,2290
2565,2297
2565,2307
2565,2322
2565,2323
2565,2324
2565,2325
2565,2328
2565,2338
2565,2354
2565,2356
2565,2364
2565,2369
2565,2371
2565,2375
2565,2381
2565,2384
2565,2386
2565,2398
2565,2410
2565,2411
2565,2416
2565,2426
2565,2433
2565,2456
2565,2470
2565,2474
2565,2485
2565,2501
2565,2506
2565,2508
2565,2510
2565,2511
2565,2516
2565,2517
2565,2535
2565,2542
2565,2544
2565,2547
2565,2550
2565,2560
2565,2576
2565,2585
2565,2592
2565,2593
2565,2594
2565,2595
2565,2597
2565,2599
2565,2605
2565,2612
2565,2617
2565,2623
2565,2625
2565,2646
2565,2647
2565,2651
2565,2652
2565,2653
2565,2654
2565,2655
2565,2657
2565,2658
2565,2660
2565,2662
2565,2667
2565,2674
2565,2686
2565,2687
2565,2689
2565,2693
2565,2696
2565,2697
2565,2700
2565,2707
2565,2708
2565,2713
2565,2721
2565,2724
2565,2727
2565,2746
2565,2747
2565,2754
2565,2763
2565,2764
2565,2768
2565,2770
2565,2775
2565,2777
2565,2785
2565,2787
2565,2790
2565,2794
2565,2799
2565,2805
2565,2809
2565,2811
2565,2814
2565,2815
2565,2819
2565,2822
2565,2825
2565,2828
2565,2830
2565,2831
2565,2834
2565,2838
2565,2844
2565,2851
2565,2856
2565,2859
2565,2871
2565,2877
2565,2880
2565,2900
2565,2902
2565,2909
2565,2912
2565,2917
2565,2918
2565,2922
2565,2923
2565,2926
2565,2932
2565,2940
2565,2946
2565,2951
2565,2955
2565,2958
2565,2963
2565,2966
2565,2968
2565,2972
2565,2973
2565,2974
2565,2977
2565,2979
2565,2981
2565,2991
2565,2993
2565,2999
2565,3000
2565,3002
2565,3005
2565,3007
2565,3009
2565,3010
2565,3018
2565,3020
2565,3021
2565,3024
2565,3026
2565,3027
2565,3028
2565,3029
2565,3030
2565,3033
2565,3034
2565,3050
2565,3056
2565,3059
2565,3068
2565,3073
2565,3084
2565,3089
2565,3092
2565,3099
2565,3103
2565,3106
2565,3114
2565,3117
2565,3125
2565,3126
2565,3140
2565,3144
2565,3145
2565,3148
2565,3150
2565,3164
2565,3173
2565,3192
2565,3200
2565,3235
2565,3238
2565,3243
2565,3251
2565,3253
2565,3258
2565,3260
2565,3265
2565,3276
2565,3284
2565,3293
2565,3297
2565,3307
2565,3309
2565,3310
2565,3313
2565,3319
2565,3320
2565,3321
2565,3324
2565,3334
2565,3338
2565,3346
2565,3348
2565,3351
2565,3352
2565,3371
2565,3381
2565,3393
2565,3394
2565,3404
2565,3408
2565,3417
2565,3435
2565,3439
2565,3443
2565,3447
2565,3452
2565,3453
2565,3454
2565,3455
2565,3456
2565,3458
2565,3459
2565,3460
2565,3461
2565,3464
2565,3473
2565,3480
2565,3483
2565,3486
2565,3489
2565,3506
2565,3516
2565,3520
2565,3529
2565,3537
2565,3538
2565,3541
2565,3547
2565,3548
2565,3557
2565,3562
2565,3567
2565,3568
2565,3576
2565,3580
2565,3587
2565,3607
2565,3609
2565,3615
2565,3631
2565,3635
2565,3643
2565,3645
2565,3646
2565,3650
2565,3660
2565,3661
2565,3664
2565,3670
2565,3680
2565,3681
2565,3691
2565,3717
2565,3720
2565,3726
2565,3748
2565,3752
2565,3769
2565,3770
2565,3787
2565,3792
2565,3796
2565,3803
2565,3804
2565,3806
2565,3807
2565,3812
2565,3813
2565,3816
2565,3843
2565,3847
2565,3849
2565,3854
2565,3856
2565,3867
2565,3871
2565,3885
2565,3887
2565,3892
2565,3893
2565,3898
2565,3903
2565,3910
2565,3926
2565,3937
2565,3946
2565,3956
2565,3958
2565,3962
2565,3967
2565,3969
2565,3976
2565,4011
2565,4013
2565,4021
2565,4024
2565,4031
2565,4037
2565,4040
2565,4043
2565,4044
2565,4051
2565,4055
2565,4058
2565,4065
2565,4071
2565,4072
2565,4088
2565,4098
2565,4103
2565,4110
2565,4117
2565,4124
2565,4127
2565,4134
2565,4138
2565,4162
2565,4179
2565,4189
2565,4191
2565,4199
2565,4201
2565,4212
2565,4231
2565,4233
2565,4234
2565,4247
2565,4256
2565,4261
2565,4263
2565,4266
2565,4269
2565,4289
2565,4290
2565,4297
2565,4298
2565,4299
2565,4315
2565,4331
2565,4335
2565,4341
2565,4349
2565,4355
2565,4361
2565,4365
2565,4373
2565,4384
2565,4385
2565,4386
2565,4400
2565,4401
2565,4412
2565,4417
2565,4422
2565,4424
2565,4432
2565,4435
2565,4448
2565,4453
2565,4463
2565,4468
2565,4482
2565,4485
2565,4488
2565,4500
2565,4507
2565,4510
2565,4528
2565,4530
2565,4531
2565,4536
2565,4547
2565,4551
2565,4557
2565,4558
2565,4562
2565,4578
2565,4583
2565,4587
2565,4588
2565,4600
2565,4605
2565,4613
2565,4620
2565,4631
2565,4632
2565,4646
2565,4648
2565,4653
2565,4661
2565,4662
2565,4666
2565,4706
2565,4709
2565,4713
2565,4719
2565,4735
2565,4764
2565,4777
2565,4778
2565,4780
2565,4792
2565,4796
2565,4808
2565,4811
2565,4814
2565,4820
2565,4824
2565,4827
2565,4846
2565,4875
2565,4884
2565,4929
2565,4938
2565,4940
2565,4944
2565,4953
2565,4964
2565,4981
2565,4983
2565,4986
2565,4999
2565,5002
2565,5012
2565,5020
2565,5022
2565,5026
2565,5028
2565,5037
2565,5055
2565,5058
2565,5073
2565,5079
2565,5092
2565,5096
2565,5100
2565,5106
2565,5130
2565,5132
2565,5144
2565,5148
2565,5162
2565,5179
2565,5189
2565,5199
2565,5204
2565,5210
2565,5215
2565,5222
2565,5233
2565,5239
2565,5245
2565,5246
2565,5288
2565,5289
2565,5295
2565,5321
2565,5335
2565,5341
2565,5364
2565,5378
2565,5384
2565,5392
2565,5404
2565,5406
2565,5412
2565,5421
2565,5423
2565,5430
2565,5432
2565,5449
2565,5452
2565,5454
2565,5459
2565,5465
2565,5466
2565,5484
2565,5500
2565,5506
2565,5509
2565,5511
2565,5524
2565,5529
2565,5539
2565,5543
2565,5545
2565,5559
2565,5563
2565,5568
2565,5582
2565,5592
2565,5596
2565,5605
2565,5614
2565,5637
2565,5640
2565,5650
2565,5651
2565,5671
2565,5683
2565,5693
2565,5697
2565,5714
2565,5739
2565,5760
2565,5772
2565,5773
2565,5776
2565,5800
2565,5802
2565,5806
2565,5807
2565,5811
2565,5812
2565,5814
2565,5817
2565,5818
2565,5822
2565,5829
2565,5835
2565,5839
2565,5871
2565,5872
2565,5887
2565,5897
2565,5902
2565,5922
2565,5932
2565,5933
2565,5998
2565,6000
2565,6004
2565,6032
2565,6043
2565,6044
2565,6097
2565,6123
2565,6151
2565,6174
2565,6198
2565,6227
2565,6241
2565,6243
2565,6270
2565,6272
2565,6299
2565,6305
2565,6320
2565,6327
2565,6330
2565,6347
2565,6388
2565,6414
2565,6417
2565,6422
2565,6424
2565,6442
2565,6496
2565,6503
2565,6523
2565,6555
2565,6560
2565,6596
2565,6613
2565,6618
2565,6624
2565,6634
2565,6665
2565,6712
2565,6714
2565,6720
2565,6736
2565,6737
2565,6759
2565,6765
2565,6770
2565,6774
2565,6780
2565,6783
2565,6789
2565,6790
2565,6832
2565,6833
2565,6850
2565,6855
2565,6860
2565,6869
2565,6873
2565,6875
2565,6897
2565,6901
2565,6907
2565,6913
2565,6914
2565,6918
2565,6923
2565,6930
2565,6933
2565,6934
2565,6942
2565,6945
2565,6946
2565,6948
2565,6953
2565,6955
2565,6976
2565,6979
2565,6980
2565,6982
2565,6993
2565,6994
2565,7005
2565,7012
2565,7021
2565,7047
2565,7050
2565,7052
2565,7054
2565,7059
2565,7063
2565,7073
2565,7088
2565,7092
2565,7094
2565,7101
2565,7108
2565,7110
2565,7115
2565,7116
2565,7119
2565,7120
2565,7131
2565,7143
2565,7144
2565,7186
2565,7201
2565,7214
2565,7225
2565,7233
2565,7237
2565,7238
2565,7277
2565,7279
2565,7280
2565,7295
2565,7301
2565,7319
2565,7341
2565,7351
2565,7362
2565,7373
2565,7378
2565,7381
2565,7386
2565,7389
2565,7391
2565,7400
2565,7414
2565,7422
2565,7442
2565,7443
2565,7450
2565,7478
2565,7497
2565,7510
2565,7512
2565,7517
2565,7529
2565,7544
2565,7553
2565,7561
2565,7567
2565,7574
2565,7587
2565,7588
2565,7593
2565,7618
2565,7620
2565,7624
2565,7632
2565,7634
2565,7646
2565,7649
2565,7651
2565,7658
2565,7662
2565,7666
2565,7668
2565,7673
2565,7683
2565,7694
2565,7695
2565,7699
2565,7701
2565,7707
2565,7726
2565,7757
2565,7763
2565,7778
2576,56
2576,765
2576,974
2576,1166
2576,1211
2576,1297
2576,1315
2576,1357
2576,1416
2576,1633
2576,1679
2576,1680
2576,1688
2576,1705
2576,1781
2576,1865
2576,1919
2576,2053
2576,2102
2576,2144
2576,2160
2576,2174
2576,2231
2576,2251
2576,2324
2576,2338
2576,2354
2576,2375
2576,2381
2576,2398
2576,2411
2576,2416
2576,2470
2576,2474
2576,2542
2576,2592
2576,2594
2576,2625
2576,2646
2576,2651
2576,2654
2576,2660
2576,2662
2576,2674
2576,2687
2576,2689
2576,2693
2576,2697
2576,2700
2576,2713
2576,2724
2576,2768
2576,2805
2576,2809
2576,2814
2576,2822
2576,2825
2576,2828
2576,2871
2576,2877
2576,2880
2576,2912
2576,2918
2576,2926
2576,2973
2576,3005
2576,3021
2576,3033
2576,3084
2576,3089
2576,3092
2576,3099
2576,3106
2576,3117
2576,3125
2576,3148
2576,3265
2576,3307
2576,3408
2576,3443
2576,3473
2576,3489
2576,3516
2576,3643
2576,3670
2576,3769
2576,3813
2576,3956
2576,3958
2576,3962
2576,4037
2576,4065
2576,4071
2576,4072
2576,4298
2576,4536
2576,4613
2576,4981
2576,5148
2576,5210
2576,5245
2576,5459
2576,5605
2576,5739
2576,5802
2576,5814
2576,6044
2576,6174
2576,6320
2576,6523
2576,6918
2576,6980
2576,7052
2576,7120
2576,7443
2576,7620
2576,7699
2576,7757
2576,7763
2585,762
2585,1549
2585,2066
2585,2120
2585,2160
2585,2210
2585,2252
2585,2328
2585,2338
2585,2398
2585,2535
2585,2544
2585,2594
2585,2625
2585,2651
2585,2653
2585,2746
2585,2790
2585,2958
2585,3005
2585,3024
2585,3028
2585,3030
2585,3089
2585,3117
2585,3192
2585,3260
2585,3276
2585,3351
2585,3394
2585,3439
2585,3454
2585,3537
2585,3562
2585,3580
2585,3615
2585,3645
2585,3892
2585,3976
2585,4013
2585,4021
2585,4037
2585,4191
2585,4448
2585,4528
2585,4735
2585,5288
2585,5412
2592,1799
2592,2237
2592,2375
2592,2416
2592,4098
2592,4191
2592,4587
2592,4846
2592,5484
2593,56
2593,765
2593,1374
2593,1734
2593,1754
2593,2102
2593,2322
2593,2328
2593,2411
2593,2625
2593,2654
2593,2693
2593,2727
2593,2805
2593,2809
2593,2844
2593,2902
2593,2958
2593,3026
2593,3117
2593,3650
2594,417
2594,465
2594,737
2594,856
2594,974
2594,1166
2594,1297
2594,2066
2594,2120
2594,2174
2594,2256
2594,2264
2594,2322
2594,2398
2594,2410
2594,2501
2594,2544
2594,2576
2594,2585
2594,2625
2594,2700
2594,2746
2594,2831
2594,2958
2594,3005
2594,3030
2594,3089
2594,3321
2594,3439
2594,3562
2594,3580
2594,4021
2594,4124
2594,5412
2595,1297
2595,1357
2595,1548
2595,1808
2595,2134
2595,2174
2595,2237
2595,2264
2595,2328
2595,2354
2595,2398
2595,2516
2595,2560
2595,2585
2595,2625
2595,2657
2595,2746
2595,2794
2595,3034
2595,3089
2595,3117
2595,3258
2595,3352
2595,3443
2595,3456
2595,3537
2595,3615
2595,3650
2595,4162
2595,4179
2595,4875
2595,5484
2595,5760
2595,7362
2595,7478
2597,3145
2599,417
2599,762
2599,3009
2599,4400
2599,5412
2599,7632
2605,403
2605,1166
2605,1297
2605,1688
2605,1808
2605,2120
2605,2144
2605,2174
2605,2251
2605,2323
2605,2381
2605,2516
2605,2542
2605,2547
2605,2576
2605,2594
2605,2625
2605,2707
2605,2871
2605,2922
2605,2963
2605,3029
2605,3033
2605,3251
2605,3417
2605,3489
2605,3568
2605,3643
2605,3660
2605,3807
2605,3812
2605,3856
2605,4191
2605,4335
2605,4653
2605,4986
2605,5106
2605,5189
2605,5321
2605,5404
2605,5449
2605,5459
2605,5637
2605,5650
2605,5651
2605,5693
2612,737
2612,765
2612,1291
2612,1297
2612,1548
2612,2323
2612,2375
2612,2398
2612,2516
2612,2565
2612,2593
2612,2594
2612,2625
2612,2877
2612,2900
2612,2912
2612,2922
2612,3408
2612,3439
2612,3454
2612,3458
2612,3587
2612,3813
2612,3897
2612,3958
2612,4290
2617,765
2617,1646
2617,1653
2617,1918
2617,2102
2617,2231
2617,2323
2617,2410
2617,2535
2617,2625
2617,2667
2617,2697
2617,2775
2617,2794
2617,2814
2617,3029
2617,3117
2617,3580
2617,4037
2623,204
2623,403
2623,737
2623,1297
2623,1571
2623,1633
2623,1919
2623,2209
2623,2257
2623,2324
2623,2375
2623,2398
2623,2416
2623,2501
2623,2535
2623,2565
2623,2585
2623,2597
2623,2625
2623,2652
2623,2653
2623,2667
2623,2746
2623,2799
2623,2838
2623,2900
2623,2918
2623,2926
2623,3024
2623,3253
2623,3258
2623,3284
2623,3320
2623,3324
2623,3516
2623,3547
2623,3615
2623,3856
2623,3867
2623,3892
2623,4011
2623,4037
2623,4098
2623,4124
2623,4138
2623,4298
2623,4315
2623,4385
2623,4666
2623,4777
2623,4875
2623,5002
2623,5210
2623,5233
2623,5412
2623,5484
2623,5524
2623,5559
2623,5568
2623,5605
2623,5772
2623,5817
2623,6523
2623,6555
2623,6994
2646,425
2646,765
2646,1291
2646,1437
2646,1596
2646,1734
2646,1808
2646,1823
2646,2120
2646,2256
2646,2547
2646,2560
2646,2593
2646,2617
2646,2625
2646,2721
2646,2830
2646,2877
2646,2963
2646,2968
2646,2972
2646,2979
2646,2993
2646,3029
2646,3056
2646,3099
2646,3144
2646,3307
2646,3473
2646,3645
2646,4422
2647,56
2647,214
2647,1291
2647,1646
2647,2053
2647,2174
2647,2264
2647,2416
2647,2470
2647,2501
2647,2814
2647,2902
2651,204
2651,285
2651,290
2651,403
2651,417
2651,465
2651,737
2651,762
2651,825
2651,856
2651,974
2651,1166
2651,1185
2651,1297
2651,1305
2651,1360
2651,1385
2651,1416
2651,1437
2651,1549
2651,1571
2651,1688
2651,1706
2651,1729
2651,1744
2651,1754
2651,1769
2651,1777
2651,1918
2651,1935
2651,1990
2651,2016
2651,2066
2651,2144
2651,2145
2651,2174
2651,2209
2651,2225
2651,2231
2651,2240
2651,2252
2651,2256
2651,2257
2651,2289
2651,2290
2651,2322
2651,2324
2651,2328
2651,2338
2651,2375
2651,2384
2651,2398
2651,2411
2651,2416
2651,2506
2651,2510
2651,2517
2651,2535
2651,2542
2651,2544
2651,2565
2651,2576
2651,2585
2651,2594
2651,2597
2651,2612
2651,2623
2651,2625
2651,2652
2651,2653
2651,2657
2651,2660
2651,2662
2651,2667
2651,2686
2651,2693
2651,2707
2651,2713
2651,2727
2651,2746
2651,2747
2651,2811
2651,2814
2651,2819
2651,2838
2651,2871
2651,2900
2651,2918
2651,2958
2651,2973
2651,2981
2651,3005
2651,3007
2651,3009
2651,3010
2651,3020
2651,3021
2651,3024
2651,3026
2651,3028
2651,3029
2651,3030
2651,3059
2651,3084
2651,3114
2651,3117
2651,3125
2651,3140
2651,3144
2651,3148
2651,3200
2651,3235
2651,3251
2651,3253
2651,3258
2651,3260
2651,3276
2651,3284
2651,3309
2651,3321
2651,3334
2651,3346
2651,3351
2651,3352
2651,3394
2651,3404
2651,3408
2651,3435
2651,3439
2651,3453
2651,3454
2651,3473
2651,3483
2651,3486
2651,3489
2651,3506
2651,3516
2651,3541
2651,3547
2651,3548
2651,3562
2651,3567
2651,3576
2651,3580
2651,3607
2651,3609
2651,3615
2651,3631
2651,3635
2651,3645
2651,3650
2651,3661
2651,3680
2651,3681
2651,3691
2651,3769
2651,3785
2651,3787
2651,3803
2651,3807
2651,3847
2651,3849
2651,3854
2651,3856
2651,3867
2651,3871
2651,3887
2651,3898
2651,3903
2651,3910
2651,3926
2651,3956
2651,3958
2651,3967
2651,4013
2651,4037
2651,4043
2651,4051
2651,4055
2651,4072
2651,4103
2651,4110
2651,4162
2651,4179
2651,4191
2651,4201
2651,4211
2651,4231
2651,4247
2651,4256
2651,4261
2651,4263
2651,4266
2651,4269
2651,4290
2651,4299
2651,4365
2651,4400
2651,4422
2651,4424
2651,4448
2651,4453
2651,4463
2651,4485
2651,4530
2651,4536
2651,4547
2651,4551
2651,4578
2651,4620
2651,4646
2651,4648
2651,4662
2651,4735
2651,4778
2651,4780
2651,4792
2651,4827
2651,4938
2651,4999
2651,5079
2651,5092
2651,5100
2651,5130
2651,5412
2651,7632
2653,204
2653,417
2653,737
2653,825
2653,1166
2653,1267
2653,1297
2653,1307
2653,1549
2653,1688
2653,1734
2653,1915
2653,2016
2653,2066
2653,2144
2653,2209
2653,2237
2653,2252
2653,2257
2653,2328
2653,2354
2653,2371
2653,2398
2653,2411
2653,2485
2653,2535
2653,2544
2653,2565
2653,2576
2653,2585
2653,2594
2653,2625
2653,2652
2653,2654
2653,2657
2653,2660
2653,2674
2653,2686
2653,2693
2653,2696
2653,2727
2653,2747
2653,2871
2653,2909
2653,2918
2653,2958
2653,3005
2653,3007
2653,3009
2653,3024
2653,3026
2653,3028
2653,3059
2653,3084
2653,3114
2653,3117
2653,3125
2653,3173
2653,3192
2653,3260
2653,3276
2653,3404
2653,3435
2653,3439
2653,3443
2653,3454
2653,3456
2653,3461
2653,3480
2653,3483
2653,3516
2653,3529
2653,3537
2653,3548
2653,3568
2653,3580
2653,3587
2653,3609
2653,3615
2653,3645
2653,3650
2653,3680
2653,3748
2653,3807
2653,3813
2653,3854
2653,3903
2653,4043
2653,4124
2653,4162
2653,4179
2653,4191
2653,4256
2653,4299
2653,4510
2653,4578
2653,4827
2653,5026
2653,5817
2654,285
2654,417
2654,762
2654,825
2654,827
2654,1267
2654,1291
2654,1297
2654,1357
2654,1416
2654,1549
2654,1679
2654,1744
2654,1781
2654,1792
2654,1915
2654,1935
2654,1990
2654,2053
2654,2116
2654,2144
2654,2210
2654,2252
2654,2297
2654,2307
2654,2324
2654,2371
2654,2411
2654,2416
2654,2470
2654,2485
2654,2508
2654,2510
2654,2535
2654,2550
2654,2576
2654,2585
2654,2625
2654,2653
2654,2657
2654,2662
2654,2667
2654,2674
2654,2686
2654,2693
2654,2697
2654,2713
2654,2724
2654,2746
2654,2819
2654,2825
2654,2856
2654,2859
2654,2900
2654,2902
2654,2958
2654,3005
2654,3007
2654,3010
2654,3026
2654,3056
2654,3089
2654,3126
2654,3140
2654,3148
2654,3253
2654,3258
2654,3313
2654,3352
2654,3404
2654,3486
2654,3529
2654,3537
2654,3541
2654,3562
2654,3567
2654,3650
2654,3670
2654,3681
2654,3717
2654,3769
2654,3867
2654,3898
2654,3926
2654,4013
2654,4021
2654,4110
2654,4117
2654,4233
2655,72
2655,762
2655,1211
2655,1307
2655,1315
2655,1792
2655,2210
2655,2326
2655,2371
2655,2560
2655,2652
2655,2660
2655,2775
2655,2981
2655,3089
2655,3321
2655,3334
2655,3352
2655,3443
2655,3452
2655,4037
2655,4040
2655,4201
2655,4712
2655,4735
2655,4827
2655,5079
2655,5233
2655,5412
2655,5423
2655,5449
2655,6422
2655,7063
2657,204
2657,974
2657,1297
2657,1935
2657,2252
2657,2257
2657,2297
2657,2324
2657,2411
2657,2485
2657,2576
2657,2625
2657,2652
2657,2654
2657,2693
2657,2727
2657,2747
2657,2790
2657,3005
2657,3018
2657,3084
2657,3173
2657,3260
2657,3276
2657,3404
2657,3516
2657,3562
2657,3567
2657,3568
2657,3580
2657,3645
2657,4298
2657,4299
2657,4500
2657,4717
2657,4953
2658,72
2658,155
2658,204
2658,346
2658,417
2658,762
2658,967
2658,1024
2658,1100
2658,1157
2658,1166
2658,1185
2658,1305
2658,1385
2658,1498
2658,1680
2658,1688
2658,1729
2658,1744
2658,1769
2658,1777
2658,1915
2658,1982
2658,1990
2658,2014
2658,2114
2658,2129
2658,2144
2658,2209
2658,2240
2658,2252
2658,2257
2658,2290
2658,2297
2658,2324
2658,2326
2658,2364
2658,2411
2658,2433
2658,2485
2658,2516
2658,2517
2658,2565
2658,2592
2658,2652
2658,2653
2658,2654
2658,2657
2658,2674
2658,2686
2658,2687
2658,2689
2658,2693
2658,2696
2658,2727
2658,2747
2658,2799
2658,2900
2658,2923
2658,2940
2658,2973
2658,3000
2658,3002
2658,3005
2658,3010
2658,3092
2658,3106
2658,3114
2658,3173
2658,3200
2658,3276
2658,3297
2658,3309
2658,3334
2658,3346
2658,3352
2658,3394
2658,3443
2658,3452
2658,3453
2658,3454
2658,3459
2658,3464
2658,3537
2658,3541
2658,3557
2658,3580
2658,3587
2658,3609
2658,3643
2658,3646
2658,3660
2658,3661
2658,3664
2658,3681
2658,3691
2658,3724
2658,3752
2658,3769
2658,3806
2658,3807
2658,3812
2658,3847
2658,3849
2658,3885
2658,3956
2658,3958
2658,3962
2658,3969
2658,3976
2658,4011
2658,4021
2658,4037
2658,4044
2658,4071
2658,4072
2658,4124
2658,4127
2658,4138
2658,4191
2658,4289
2658,4297
2658,4315
2658,4331
2658,4335
2658,4373
2658,4386
2658,4401
2658,4417
2658,4424
2658,4435
2658,4453
2658,4463
2658,4482
2658,4510
2658,4531
2658,4588
2658,4620
2658,4632
2658,4713
2658,4717
2658,4735
2658,4811
2658,4820
2658,4824
2658,4828
2658,4875
2658,4879
2658,4964
2658,4981
2658,4983
2658,5020
2658,5022
2658,5026
2658,5028
2658,5058
2658,5092
2658,5096
2658,5106
2658,5130
2658,5132
2658,5144
2658,5162
2658,5179
2658,5204
2658,5210
2658,5215
2658,5222
2658,5233
2658,5239
2658,5245
2658,5246
2658,5288
2658,5289
2658,5378
2658,5406
2658,5466
2658,5500
2658,5529
2658,5800
2658,5806
2658,5811
2658,5812
2658,5817
2658,5835
2658,5872
2658,5887
2658,5897
2658,5933
2658,6000
2658,6032
2658,6043
2658,6044
2658,6151
2658,6174
2658,6243
2658,6414
2658,6417
2658,6422
2658,6442
2658,6523
2658,6555
2658,6596
2658,6634
2658,6665
2658,6737
2658,6907
2658,6946
2658,6976
2658,6979
2658,7005
2658,7012
2658,7021
2658,7054
2658,7063
2658,7088
2658,7092
2658,7116
2658,7131
2658,7233
2658,7237
2658,7279
2658,7341
2658,7351
2658,7373
2658,7378
2658,7381
2658,7391
2658,7400
2658,7414
2658,7422
2658,7442
2658,7450
2658,7478
2658,7497
2658,7510
2658,7512
2658,7529
2658,7553
2658,7561
2658,7587
2658,7620
2658,7624
2658,7651
2658,7683
2658,7694
2658,7695
2658,7699
2658,7707
2658,7726
2658,7778
2660,72
2660,204
2660,285
2660,417
2660,633
2660,737
2660,762
2660,825
2660,856
2660,1157
2660,1166
2660,1267
2660,1360
2660,1393
2660,1633
2660,1734
2660,1744
2660,1754
2660,1781
2660,1814
2660,1990
2660,2066
2660,2114
2660,2116
2660,2135
2660,2144
2660,2145
2660,2210
2660,2231
2660,2252
2660,2323
2660,2324
2660,2325
2660,2328
2660,2356
2660,2381
2660,2398
2660,2411
2660,2474
2660,2485
2660,2506
2660,2510
2660,2516
2660,2542
2660,2550
2660,2576
2660,2592
2660,2593
2660,2594
2660,2597
2660,2605
2660,2625
2660,2651
2660,2653
2660,2654
2660,2657
2660,2686
2660,2693
2660,2697
2660,2708
2660,2713
2660,2747
2660,2754
2660,2787
2660,2819
2660,2830
2660,2831
2660,2856
2660,2871
2660,2900
2660,2912
2660,2918
2660,2951
2660,3005
2660,3010
2660,3018
2660,3020
2660,3027
2660,3030
2660,3089
2660,3114
2660,3125
2660,3150
2660,3192
2660,3235
2660,3251
2660,3265
2660,3291
2660,3320
2660,3324
2660,3352
2660,3394
2660,3408
2660,3435
2660,3439
2660,3443
2660,3459
2660,3464
2660,3473
2660,3480
2660,3506
2660,3516
2660,3529
2660,3537
2660,3541
2660,3580
2660,3587
2660,3607
2660,3670
2660,3752
2660,3807
2660,3843
2660,3871
2660,3887
2660,4044
2660,4110
2660,4261
2660,4365
2660,4373
2660,4424
2660,4463
2660,4485
2660,4510
2660,4528
2660,4613
2660,4712
2660,4717
2660,4792
2660,5020
2660,5210
2660,5423
2660,5459
2660,5683
2660,5773
2660,6417
2660,6833
2660,6869
2660,6873
2660,7063
2660,7115
2662,2256
2667,633
2667,737
2667,1548
2667,1799
2667,2325
2667,2398
2667,2474
2667,2651
2667,2708
2667,2764
2667,2831
2667,3089
2667,3092
2667,3106
2667,3265
2667,3393
2667,3456
2667,3643
2667,3691
2667,3897
2667,4191
2667,4247
2667,4600
2667,4666
2667,4712
2667,4828
2667,4846
2667,4929
2667,4964
2667,5179
2667,5189
2667,5233
2667,5239
2667,5245
2667,5449
2667,5452
2667,5484
2667,5506
2667,5509
2667,5511
2667,5524
2667,5543
2667,5545
2667,5563
2667,5568
2667,6151
2667,6327
2667,6388
2667,6414
2667,6422
2674,633
2674,825
2674,856
2674,1166
2674,1267
2674,1291
2674,1297
2674,1305
2674,1357
2674,1393
2674,1416
2674,1549
2674,1571
2674,1734
2674,1754
2674,1814
2674,2016
2674,2114
2674,2116
2674,2209
2674,2225
2674,2231
2674,2251
2674,2252
2674,2290
2674,2297
2674,2324
2674,2356
2674,2371
2674,2474
2674,2485
2674,2535
2674,2542
2674,2550
2674,2560
2674,2565
2674,2576
2674,2597
2674,2623
2674,2625
2674,2651
2674,2654
2674,2660
2674,2686
2674,2693
2674,2697
2674,2700
2674,2708
2674,2713
2674,2775
2674,2785
2674,2819
2674,2830
2674,2851
2674,2912
2674,2918
2674,2973
2674,3007
2674,3024
2674,3026
2674,3029
2674,3034
2674,3056
2674,3068
2674,3099
2674,3114
2674,3148
2674,3164
2674,3251
2674,3253
2674,3265
2674,3320
2674,3371
2674,3404
2674,3456
2674,3480
2674,3562
2674,3650
2674,3717
2674,3812
2674,3903
2674,3946
2674,4021
2674,4335
2674,5002
2674,5288
2674,5430
2674,7073
2674,7381
2677,840
2677,1549
2677,1982
2677,2565
2677,4536
2677,4666
2677,4944
2677,5563
2677,5697
2677,5739
2677,5773
2677,5800
2677,5807
2677,5822
2677,5922
2677,5932
2677,5998
2677,6097
2677,6123
2677,6272
2677,6327
2677,6330
2677,6555
2677,6624
2677,6736
2677,6790
2677,6832
2677,6913
2677,6930
2677,6946
2677,6953
2677,6979
2677,7052
2677,7073
2677,7301
2686,204
2686,417
2686,465
2686,633
2686,762
2686,825
2686,856
2686,1166
2686,1267
2686,1297
2686,1357
2686,1393
2686,1416
2686,1437
2686,1571
2686,1679
2686,1688
2686,1777
2686,1792
2686,1814
2686,2016
2686,2116
2686,2135
2686,2225
2686,2231
2686,2237
2686,2290
2686,2297
2686,2325
2686,2328
2686,2338
2686,2356
2686,2416
2686,2426
2686,2485
2686,2510
2686,2542
2686,2550
2686,2565
2686,2576
2686,2585
2686,2594
2686,2623
2686,2625
2686,2651
2686,2653
2686,2654
2686,2657
2686,2660
2686,2662
2686,2667
2686,2697
2686,2700
2686,2708
2686,2713
2686,2724
2686,2754
2686,2790
2686,2799
2686,2819
2686,2851
2686,2856
2686,2900
2686,2912
2686,2918
2686,2951
2686,3007
2686,3009
2686,3018
2686,3020
2686,3021
2686,3028
2686,3030
2686,3089
2686,3117
2686,3126
2686,3140
2686,3145
2686,3150
2686,3164
2686,3235
2686,3243
2686,3251
2686,3265
2686,3307
2686,3319
2686,3334
2686,3338
2686,3348
2686,3351
2686,3371
2686,3408
2686,3435
2686,3439
2686,3459
2686,3473
2686,3489
2686,3506
2686,3516
2686,3520
2686,3538
2686,3547
2686,3643
2686,3646
2686,3670
2686,3681
2686,3769
2686,3785
2686,3804
2686,3843
2686,3903
2686,3926
2686,4335
2686,4717
2686,4735
2686,4828
2686,4999
2686,5524
2686,5543
2686,6414
2686,6417
2686,6422
2687,1633
2687,2338
2687,2651
2687,2657
2687,2662
2687,2708
2687,2754
2687,3307
2687,3319
2687,3324
2687,3348
2687,3371
2687,3548
2688,72
2688,204
2688,285
2688,290
2688,346
2688,417
2688,465
2688,633
2688,737
2688,762
2688,825
2688,856
2688,974
2688,1024
2688,1026
2688,1100
2688,1166
2688,1185
2688,1239
2688,1247
2688,1267
2688,1297
2688,1305
2688,1310
2688,1357
2688,1360
2688,1385
2688,1393
2688,1416
2688,1437
2688,1549
2688,1571
2688,1633
2688,1679
2688,1680
2688,1688
2688,1706
2688,1734
2688,1744
2688,1754
2688,1769
2688,1777
2688,1781
2688,1792
2688,1799
2688,1814
2688,1823
2688,1919
2688,1935
2688,1982
2688,2014
2688,2016
2688,2066
2688,2114
2688,2116
2688,2134
2688,2135
2688,2144
2688,2145
2688,2209
2688,2210
2688,2225
2688,2231
2688,2237
2688,2240
2688,2251
2688,2252
2688,2256
2688,2257
2688,2258
2688,2289
2688,2290
2688,2297
2688,2307
2688,2324
2688,2325
2688,2326
2688,2328
2688,2338
2688,2354
2688,2356
2688,2364
2688,2369
2688,2371
2688,2381
2688,2384
2688,2386
2688,2398
2688,2411
2688,2433
2688,2456
2688,2474
2688,2485
2688,2508
2688,2510
2688,2516
2688,2535
2688,2542
2688,2544
2688,2550
2688,2565
2688,2576
2688,2585
2688,2592
2688,2593
2688,2594
2688,2595
2688,2597
2688,2605
2688,2612
2688,2617
2688,2623
2688,2625
2688,2646
2688,2651
2688,2653
2688,2654
2688,2655
2688,2657
2688,2660
2688,2662
2688,2667
2688,2674
2688,2686
2688,2687
2688,2693
2688,2696
2688,2697
2688,2700
2688,2708
2688,2713
2688,2724
2688,2727
2688,2746
2688,2747
2688,2754
2688,2764
2688,2775
2688,2785
2688,2787
2688,2790
2688,2799
2688,2819
2688,2822
2688,2830
2688,2831
2688,2856
2688,2859
2688,2871
2688,2900
2688,2909
2688,2912
2688,2918
2688,2923
2688,2932
2688,2951
2688,2958
2688,2973
2688,2974
2688,2981
2688,3002
2688,3005
2688,3007
2688,3009
2688,3010
2688,3020
2688,3021
2688,3024
2688,3026
2688,3027
2688,3028
2688,3030
2688,3033
2688,3034
2688,3050
2688,3059
2688,3084
2688,3089
2688,3092
2688,3099
2688,3103
2688,3114
2688,3125
2688,3140
2688,3144
2688,3145
2688,3148
2688,3150
2688,3164
2688,3173
2688,3192
2688,3200
2688,3243
2688,3251
2688,3253
2688,3258
2688,3260
2688,3265
2688,3276
2688,3284
2688,3291
2688,3307
2688,3309
2688,3319
2688,3320
2688,3321
2688,3324
2688,3334
2688,3338
2688,3351
2688,3352
2688,3393
2688,3394
2688,3404
2688,3408
2688,3417
2688,3439
2688,3443
2688,3447
2688,3452
2688,3453
2688,3454
2688,3456
2688,3458
2688,3459
2688,3460
2688,3473
2688,3480
2688,3483
2688,3489
2688,3506
2688,3516
2688,3520
2688,3529
2688,3537
2688,3538
2688,3541
2688,3547
2688,3548
2688,3557
2688,3562
2688,3568
2688,3576
2688,3580
2688,3587
2688,3607
2688,3609
2688,3615
2688,3631
2688,3635
2688,3643
2688,3645
2688,3646
2688,3661
2688,3664
2688,3670
2688,3680
2688,3681
2688,3691
2688,3720
2688,3724
2688,3748
2688,3769
2688,3792
2688,3796
2688,3803
2688,3804
2688,3806
2688,3807
2688,3812
2688,3813
2688,3843
2688,3847
2688,3849
2688,3854
2688,3892
2688,3897
2688,3898
2688,3903
2688,3910
2688,3926
2688,3937
2688,3956
2688,3958
2688,3976
2688,4011
2688,4013
2688,4021
2688,4037
2688,4044
2688,4055
2688,4098
2688,4103
2688,4110
2688,4124
2688,4162
2688,4179
2688,4191
2688,4212
2688,4233
2688,4247
2688,4256
2688,4261
2688,4263
2688,4266
2688,4269
2688,4297
2688,4298
2688,4299
2688,4315
2688,4335
2688,4355
2688,4373
2688,4384
2688,4400
2688,4417
2688,4424
2688,4448
2688,4453
2688,4463
2688,4468
2688,4482
2688,4485
2688,4488
2688,4500
2688,4510
2688,4528
2688,4530
2688,4531
2688,4536
2688,4547
2688,4551
2688,4557
2688,4558
2688,4578
2688,4583
2688,4587
2688,4588
2688,4600
2688,4620
2688,4646
2688,4653
2688,4661
2688,4662
2688,4706
2688,4709
2688,4712
2688,4713
2688,4717
2688,4719
2688,4764
2688,4792
2688,4796
2688,4808
2688,4811
2688,4814
2688,4820
2688,4824
2688,4827
2688,4828
2688,4846
2688,4875
2688,4929
2688,4953
2688,4964
2688,4983
2688,4986
2688,4999
2688,5026
2688,5055
2688,5073
2688,5092
2688,5100
2688,5106
2688,5130
2688,5132
2688,5144
2688,5162
2688,5179
2688,5189
2688,5204
2688,5215
2688,5222
2688,5239
2688,5288
2688,5295
2688,5321
2688,5335
2688,5341
2688,5392
2688,5404
2688,5412
2688,5423
2688,5430
2688,5449
2688,5452
2688,5454
2688,5459
2688,5484
2688,5506
2688,5509
2688,5524
2688,5539
2688,5543
2688,5545
2688,5559
2688,5563
2688,5596
2688,5637
2688,5640
2688,5651
2688,5683
2688,5693
2688,5697
2688,5739
2688,5800
2688,5814
2688,5817
2688,5824
2688,5829
2688,5871
2688,5872
2688,6227
2688,6272
2688,6417
2688,6560
2688,6624
2688,6665
2688,6783
2688,6833
2688,6850
2688,6855
2688,6869
2688,6873
2688,6897
2688,6901
2689,737
2689,1297
2689,1799
2689,2257
2689,2325
2689,2398
2689,2485
2689,2657
2689,2700
2689,2708
2689,2958
2689,3010
2689,3024
2689,3089
2689,3265
2689,3284
2689,3456
2689,3529
2689,3812
2689,3946
2689,4138
2689,4247
2689,4435
2689,5055
2689,5092
2689,5100
2689,5412
2689,5452
2689,5454
2689,5650
2689,6833
2691,1297
2691,1357
2691,1799
2691,2134
2691,2324
2691,2328
2691,2398
2691,2485
2691,2508
2691,2535
2691,2565
2691,2576
2691,2625
2691,2658
2691,2660
2691,2700
2691,2708
2691,2727
2691,2859
2691,2871
2691,2912
2691,2958
2691,3092
2691,3103
2691,3106
2691,3117
2691,3125
2691,3291
2691,3352
2691,3568
2691,3892
2691,3976
2691,4098
2691,4510
2691,5404
2691,5459
2691,5817
2693,204
2693,285
2693,417
2693,737
2693,856
2693,1024
2693,1026
2693,1166
2693,1239
2693,1310
2693,1416
2693,1549
2693,1571
2693,1633
2693,1744
2693,1792
2693,1990
2693,2066
2693,2134
2693,2209
2693,2252
2693,2289
2693,2290
2693,2297
2693,2324
2693,2328
2693,2354
2693,2371
2693,2381
2693,2411
2693,2416
2693,2426
2693,2433
2693,2485
2693,2510
2693,2516
2693,2542
2693,2550
2693,2576
2693,2585
2693,2594
2693,2597
2693,2625
2693,2651
2693,2653
2693,2654
2693,2657
2693,2667
2693,2708
2693,2747
2693,2787
2693,2819
2693,2822
2693,2831
2693,2932
2693,2958
2693,2973
2693,3002
2693,3005
2693,3007
2693,3009
2693,3010
2693,3018
2693,3021
2693,3030
2693,3092
2693,3106
2693,3114
2693,3117
2693,3148
2693,3351
2693,3352
2693,3371
2693,3408
2693,3435
2693,3439
2693,3443
2693,3447
2693,3456
2693,3459
2693,3473
2693,3516
2693,3529
2693,3537
2693,3562
2693,3568
2693,3580
2693,3587
2693,3607
2693,3615
2693,3643
2693,3660
2693,3664
2693,3792
2693,3813
2693,3843
2693,3910
2693,4037
2693,4134
2693,4179
2693,4191
2693,4201
2693,4247
2693,4263
2693,4290
2693,4448
2693,4547
2693,4709
2693,4735
2693,4811
2693,4953
2693,5026
2693,5130
2693,5144
2693,5204
2693,5449
2693,5543
2693,5714
2693,5739
2693,5818
2693,6004
2693,6330
2693,6347
2693,6496
2693,6613
2693,6790
2693,6855
2693,6869
2693,6901
2693,6955
2696,633
2696,737
2696,762
2696,856
2696,1185
2696,1267
2696,1393
2696,1688
2696,1799
2696,2135
2696,2144
2696,2225
2696,2237
2696,2325
2696,2328
2696,2354
2696,2356
2696,2485
2696,2576
2696,2625
2696,2651
2696,2653
2696,2708
2696,2713
2696,2790
2696,2909
2696,2912
2696,3020
2696,3021
2696,3026
2696,3059
2696,3125
2696,3144
2696,3173
2696,3192
2696,3251
2696,3320
2696,3324
2696,3338
2696,3352
2696,3435
2696,3456
2696,3537
2696,3568
2696,3661
2696,3748
2696,3796
2696,3854
2696,4124
2696,4191
2696,4256
2696,4261
2696,4335
2696,4578
2696,4653
2696,4662
2696,5026
2696,5452
2696,5459
2697,974
2697,1297
2697,1549
2697,1633
2697,1769
2697,2066
2697,2134
2697,2144
2697,2231
2697,2323
2697,2326
2697,2328
2697,2411
2697,2535
2697,2544
2697,2565
2697,2585
2697,2625
2697,2654
2697,2657
2697,2708
2697,2775
2697,2790
2697,2900
2697,3005
2697,3024
2697,3026
2697,3030
2697,3084
2697,3192
2697,3253
2697,3260
2697,3537
2697,3562
2697,3615
2697,3635
2697,3650
2697,4055
2697,4124
2697,4247
2697,4256
2697,4290
2697,6976
2699,633
2699,1416
2699,1706
2699,1744
2699,1935
2699,2116
2699,2210
2699,2252
2699,2325
2699,2326
2699,2565
2699,2653
2699,2655
2699,2657
2699,2660
2699,2662
2699,2667
2699,2708
2699,2713
2699,2727
2699,2871
2699,2900
2699,2973
2699,3009
2699,3018
2699,3024
2699,3026
2699,3059
2699,3084
2699,3106
2699,3117
2699,3148
2699,3251
2699,3253
2699,3260
2699,3265
2699,3284
2699,3320
2699,3348
2699,3352
2699,3404
2699,3417
2699,3460
2699,3473
2699,3480
2699,3483
2699,3489
2699,3580
2699,3587
2699,3650
2699,3681
2699,3804
2699,3812
2699,3871
2699,3887
2699,3910
2699,3946
2699,4040
2699,4043
2699,4212
2699,4266
2699,4365
2699,4709
2699,4735
2699,4796
2699,5092
2699,5100
2699,5335
2700,204
2700,285
2700,465
2700,825
2700,974
2700,1100
2700,1157
2700,1166
2700,1239
2700,1297
2700,1571
2700,1633
2700,1679
2700,1706
2700,1744
2700,1777
2700,1935
2700,1990
2700,2016
2700,2114
2700,2134
2700,2209
2700,2210
2700,2252
2700,2257
2700,2290
2700,2297
2700,2324
2700,2325
2700,2328
2700,2338
2700,2384
2700,2411
2700,2416
2700,2485
2700,2506
2700,2510
2700,2535
2700,2542
2700,2544
2700,2585
2700,2594
2700,2595
2700,2597
2700,2612
2700,2623
2700,2625
2700,2653
2700,2654
2700,2655
2700,2657
2700,2660
2700,2667
2700,2674
2700,2686
2700,2693
2700,2708
2700,2713
2700,2727
2700,2746
2700,2747
2700,2799
2700,2819
2700,2859
2700,2912
2700,2923
2700,2932
2700,2958
2700,2973
2700,2974
2700,2981
2700,3005
2700,3007
2700,3009
2700,3010
2700,3018
2700,3020
2700,3021
2700,3024
2700,3026
2700,3028
2700,3030
2700,3059
2700,3084
2700,3114
2700,3117
2700,3148
2700,3173
2700,3251
2700,3258
2700,3260
2700,3276
2700,3291
2700,3307
2700,3313
2700,3319
2700,3320
2700,3324
2700,3338
2700,3352
2700,3394
2700,3404
2700,3408
2700,3473
2700,3480
2700,3483
2700,3489
2700,3506
2700,3516
2700,3520
2700,3529
2700,3538
2700,3548
2700,3557
2700,3580
2700,3587
2700,3609
2700,3615
2700,3631
2700,3646
2700,3661
2700,3680
2700,3681
2700,3717
2700,3787
2700,3804
2700,3807
2700,3812
2700,3816
2700,3843
2700,3887
2700,3892
2700,3898
2700,3903
2700,3926
2700,4011
2700,4024
2700,4031
2700,4043
2700,4055
2700,4088
2700,4103
2700,4110
2700,4138
2700,4162
2700,4179
2700,4191
2700,4201
2700,4233
2700,4256
2700,4263
2700,4269
2700,4290
2700,4331
2702,72
2702,204
2702,290
2702,425
2702,1385
2702,1437
2702,1633
2702,1680
2702,1734
2702,2135
2702,2225
2702,2251
2702,2323
2702,2338
2702,2381
2702,2398
2702,2516
2702,2565
2702,2576
2702,2592
2702,2651
2702,2708
2702,2775
2702,2830
2702,2856
2702,2880
2702,2900
2702,2977
2702,2979
2702,2991
2702,3018
2702,3089
2702,3099
2702,3117
2702,3140
2702,3150
2702,3164
2702,3265
2702,3276
2702,3307
2702,3319
2702,3338
2702,3351
2702,3371
2702,3408
2702,3456
2702,3459
2702,3516
2702,3537
2702,3538
2702,3796
2702,3813
2702,3843
2702,3976
2702,4127
2702,4247
2702,4547
2702,4953
2702,4983
2702,5055
2702,5092
2702,5204
2702,5222
2702,5484
2702,5683
2703,204
2703,285
2703,633
2703,856
2703,1393
2703,1571
2703,1633
2703,1679
2703,1814
2703,2016
2703,2116
2703,2135
2703,2225
2703,2231
2703,2290
2703,2297
2703,2325
2703,2338
2703,2356
2703,2398
2703,2411
2703,2416
2703,2474
2703,2542
2703,2565
2703,2576
2703,2594
2703,2623
2703,2625
2703,2651
2703,2660
2703,2700
2703,2708
2703,2713
2703,2754
2703,2819
2703,2912
2703,2951
2703,3020
2703,3021
2703,3030
2703,3251
2703,3253
2703,3265
2703,3307
2703,3319
2703,3320
2703,3324
2703,3338
2703,3351
2703,3371
2703,3408
2703,3473
2703,3489
2703,3516
2703,3538
2706,856
2706,1814
2706,2325
2706,2565
2706,2597
2706,2700
2706,2708
2706,2973
2706,3007
2706,3243
2706,3307
2706,3324
2706,3352
2706,3408
2706,3489
2706,3537
2706,3587
2707,290
2707,825
2707,856
2707,1239
2707,1357
2707,1385
2707,1437
2707,1549
2707,1633
2707,1679
2707,1814
2707,1919
2707,2066
2707,2225
2707,2237
2707,2251
2707,2289
2707,2325
2707,2328
2707,2338
2707,2356
2707,2364
2707,2384
2707,2398
2707,2474
2707,2516
2707,2535
2707,2565
2707,2593
2707,2594
2707,2617
2707,2625
2707,2646
2707,2653
2707,2662
2707,2787
2707,2856
2707,2912
2707,2958
2707,2981
2707,3002
2707,3020
2707,3024
2707,3033
2707,3034
2707,3073
2707,3144
2707,3258
2707,3284
2707,3351
2707,3408
2707,3439
2707,3455
2707,3516
2707,3537
2707,3568
2707,3645
2707,3650
2707,4037
2707,4043
2707,4055
2707,4088
2707,4110
2707,4117
2707,4124
2707,4179
2707,4189
2707,4289
2707,4297
2707,4335
2707,4365
2707,4417
2707,4422
2707,4463
2707,5055
2707,5073
2707,5404
2707,5432
2707,5459
2707,5582
2707,5637
2707,6913
2707,6976
2707,7301
2708,346
2708,2651
2708,3002
2708,3030
2708,4037
2708,4719
2708,4735
2708,4820
2713,204
2713,285
2713,417
2713,465
2713,825
2713,827
2713,1100
2713,1157
2713,1166
2713,1239
2713,1297
2713,1307
2713,1385
2713,1549
2713,1571
2713,1633
2713,1679
2713,1706
2713,1729
2713,1777
2713,1990
2713,2016
2713,2066
2713,2134
2713,2144
2713,2209
2713,2210
2713,2252
2713,2257
2713,2289
2713,2290
2713,2297
2713,2307
2713,2324
2713,2325
2713,2328
2713,2338
2713,2356
2713,2384
2713,2398
2713,2411
2713,2416
2713,2474
2713,2485
2713,2506
2713,2508
2713,2510
2713,2516
2713,2535
2713,2542
2713,2544
2713,2565
2713,2576
2713,2585
2713,2594
2713,2595
2713,2597
2713,2612
2713,2623
2713,2625
2713,2646
2713,2651
2713,2653
2713,2654
2713,2655
2713,2657
2713,2660
2713,2667
2713,2674
2713,2693
2713,2746
2713,2747
2713,2754
2713,2799
2713,2819
2713,2859
2713,2912
2713,2918
2713,2932
2713,2958
2713,2973
2713,2974
2713,2981
2713,3005
2713,3007
2713,3009
2713,3021
2713,3024
2713,3026
2713,3028
2713,3030
2713,3059
2713,3084
2713,3117
2713,3125
2713,3144
2713,3148
2713,3173
2713,3192
2713,3258
2713,3260
2713,3265
2713,3276
2713,3291
2713,3307
2713,3338
2713,3351
2713,3352
2713,3371
2713,3394
2713,3404
2713,3408
2713,3439
2713,3480
2713,3483
2713,3506
2713,3516
2713,3520
2713,3529
2713,3548
2713,3557
2713,3562
2713,3568
2713,3576
2713,3580
2713,3587
2713,3615
2713,3645
2713,3646
2713,3650
2713,3660
2713,3661
2713,3670
2713,3717
2713,3720
2713,3787
2713,3812
2713,3813
2713,3843
2713,3871
2713,3887
2713,3892
2713,3898
2713,3903
2713,3926
2713,3937
2713,3946
2713,4011
2713,4013
2713,4021
2713,4043
2713,4051
2713,4055
2713,4088
2713,4138
2713,4162
2713,4179
2713,4191
2713,4199
2713,4201
2713,4233
2713,4234
2713,4247
2713,4256
2713,4263
2713,4269
2713,4289
2713,4297
2713,4299
2713,4349
2713,4365
2713,4373
2713,4384
2713,4412
2713,4417
2713,4422
2713,4424
2713,4453
2713,4463
2713,4485
2713,4510
2721,2963
2724,1777
2724,2973
2724,2974
2724,3200
2724,3439
2724,3804
2724,3847
2727,737
2727,1211
2727,1357
2727,1754
2727,1918
2727,2251
2727,2289
2727,2297
2727,2328
2727,2474
2727,2485
2727,2510
2727,2585
2727,2593
2727,2653
2727,2958
2727,3007
2727,3028
2727,3265
2727,3276
2727,3404
2727,3456
2727,3516
2727,3529
2727,4162
2727,4256
2727,4400
2727,4551
2746,825
2746,1549
2746,2066
2746,2102
2746,2256
2746,2328
2746,2474
2746,2585
2746,2594
2746,2595
2746,2651
2746,2814
2746,2825
2746,2844
2746,2923
2746,2958
2746,3265
2746,3562
2746,3843
2746,4021
2746,4528
2747,974
2747,1100
2747,1297
2747,1729
2747,1744
2747,2145
2747,2257
2747,2289
2747,2290
2747,2328
2747,2411
2747,2485
2747,2510
2747,2565
2747,2585
2747,2625
2747,2651
2747,2654
2747,2657
2747,2674
2747,2687
2747,2693
2747,2746
2747,2900
2747,2923
2747,2973
2747,2974
2747,3005
2747,3007
2747,3010
2747,3024
2747,3026
2747,3114
2747,3117
2747,3125
2747,3148
2747,3200
2747,3258
2747,3260
2747,3265
2747,3291
2747,3320
2747,3352
2747,3394
2747,3404
2747,3439
2747,3480
2747,3483
2747,3516
2747,3529
2747,3568
2747,3576
2747,3580
2747,3650
2747,3670
2747,3680
2747,3681
2747,3769
2747,3785
2747,3807
2747,3892
2747,4021
2747,4051
2747,4191
2747,4199
2747,4233
2747,4247
2747,4365
2747,4384
2747,4485
2747,4735
2747,4811
2747,5144
2764,1646
2768,425
2768,1291
2768,1419
2768,1596
2768,1646
2768,1705
2768,1723
2768,1808
2768,2053
2768,2120
2768,2174
2768,2264
2768,2323
2768,2375
2768,2416
2768,2542
2768,2547
2768,2560
2768,2599
2768,2646
2768,2707
2768,2721
2768,2799
2768,2805
2768,2809
2768,2815
2768,2834
2768,2877
2768,2902
2768,2918
2768,2922
2768,2926
2768,2946
2768,2963
2768,2968
2768,2972
2768,2979
2768,2999
2770,4110
2775,1633
2775,1799
2775,2120
2775,2174
2775,2297
2775,2328
2775,2410
2775,2576
2775,2660
2775,2777
2775,2871
2775,3034
2775,3089
2775,3352
2775,3394
2775,3443
2775,3456
2775,3568
2775,4191
2775,4266
2775,4384
2775,4717
2775,4981
2775,5100
2775,5412
2785,5423
2787,2517
2787,3307
2787,4072
2787,4162
2790,204
2790,417
2790,465
2790,633
2790,762
2790,827
2790,856
2790,974
2790,1166
2790,1297
2790,1357
2790,1549
2790,1571
2790,1633
2790,1706
2790,1744
2790,1754
2790,1777
2790,1814
2790,1935
2790,1982
2790,1990
2790,2114
2790,2116
2790,2120
2790,2135
2790,2144
2790,2160
2790,2174
2790,2209
2790,2231
2790,2256
2790,2297
2790,2322
2790,2324
2790,2326
2790,2398
2790,2411
2790,2474
2790,2510
2790,2516
2790,2535
2790,2542
2790,2544
2790,2576
2790,2585
2790,2593
2790,2594
2790,2625
2790,2646
2790,2651
2790,2654
2790,2657
2790,2660
2790,2662
2790,2687
2790,2693
2790,2697
2790,2700
2790,2713
2790,2747
2790,2794
2790,2838
2790,2856
2790,2900
2790,2912
2790,2918
2790,2951
2790,2973
2790,3005
2790,3009
2790,3021
2790,3024
2790,3028
2790,3030
2790,3059
2790,3084
2790,3089
2790,3114
2790,3117
2790,3125
2790,3173
2790,3253
2790,3260
2790,3265
2790,3307
2790,3324
2790,3334
2790,3348
2790,3352
2790,3404
2790,3408
2790,3439
2790,3443
2790,3459
2790,3464
2790,3473
2790,3480
2790,3483
2790,3486
2790,3516
2790,3520
2790,3537
2790,3548
2790,3576
2790,3580
2790,3609
2790,3650
2790,3670
2790,3680
2790,3681
2790,3785
2790,3803
2790,3807
2790,3856
2790,3893
2790,3897
2790,3946
2790,3958
2790,3967
2790,4124
2790,4191
2790,4212
2790,4400
2790,4448
2790,4536
2790,4558
2790,4578
2790,4778
2790,4811
2790,4875
2790,5130
2790,5404
2790,5412
2790,5423
2790,5449
2790,5697
2790,6330
2790,6388
2790,6833
2790,6869
2790,6945
2790,6953
2799,1777
2799,2565
2799,2686
2799,2923
2799,3200
2799,3483
2799,3680
2799,3847
2811,2066
2811,2398
2811,2433
2811,3456
2811,3562
2811,3607
2811,4037
2811,4315
2811,4335
2811,4500
2811,4583
2811,4605
2811,4929
2811,5412
2811,5459
2811,6634
2815,1291
2815,1633
2815,1734
2815,2102
2815,2322
2815,2323
2815,2625
2815,2693
2815,3029
2819,1549
2819,1633
2819,2016
2819,2660
2819,2825
2819,3018
2819,3251
2819,3439
2819,3516
2819,3548
2819,3903
2819,4536
2819,4600
2819,6780
2822,214
2822,403
2822,737
2822,762
2822,765
2822,856
2822,1211
2822,1291
2822,1723
2822,1935
2822,2114
2822,2174
2822,2256
2822,2322
2822,2323
2822,2354
2822,2416
2822,2535
2822,2625
2822,2654
2822,2707
2822,2834
2822,2856
2822,2880
2822,2900
2822,2902
2822,2923
2822,2968
2822,2991
2822,3029
2822,3033
2822,3050
2822,3056
2822,3059
2822,3068
2822,3404
2822,3847
2822,4021
2822,4124
2822,5412
2830,1723
2830,2120
2830,2323
2830,2547
2830,2560
2830,2877
2831,425
2831,1166
2831,2256
2831,2328
2831,2381
2831,2474
2831,2594
2831,2625
2831,2674
2831,2834
2831,2912
2831,2972
2831,3103
2831,3480
2831,3529
2831,3631
2831,3813
2831,3958
2831,4531
2831,4578
2831,4846
2831,5079
2831,5144
2831,5454
2831,5459
2831,5605
2831,6913
2834,3117
2834,3726
2838,1211
2838,1297
2838,1419
2838,1633
2838,2290
2838,2535
2838,2585
2838,2593
2838,2657
2838,2660
2838,2727
2838,2746
2838,2923
2838,2958
2838,2999
2838,3117
2838,3516
2838,3587
2838,3892
2842,204
2842,285
2842,417
2842,825
2842,1157
2842,1166
2842,1357
2842,1385
2842,1549
2842,1571
2842,1633
2842,1679
2842,1744
2842,1754
2842,1919
2842,1990
2842,2016
2842,2066
2842,2135
2842,2144
2842,2209
2842,2231
2842,2252
2842,2290
2842,2297
2842,2324
2842,2328
2842,2356
2842,2398
2842,2416
2842,2474
2842,2485
2842,2508
2842,2510
2842,2542
2842,2565
2842,2576
2842,2594
2842,2597
2842,2623
2842,2625
2842,2646
2842,2651
2842,2653
2842,2654
2842,2660
2842,2667
2842,2674
2842,2687
2842,2693
2842,2700
2842,2746
2842,2747
2842,2799
2842,2819
2842,2830
2842,2859
2842,2923
2842,2951
2842,2958
2842,2973
2842,3005
2842,3009
2842,3010
2842,3020
2842,3024
2842,3028
2842,3114
2842,3117
2842,3148
2842,3192
2842,3253
2842,3258
2842,3260
2842,3265
2842,3276
2842,3291
2842,3320
2842,3346
2842,3351
2842,3394
2842,3408
2842,3435
2842,3439
2842,3473
2842,3486
2842,3489
2842,3506
2842,3520
2842,3538
2842,3580
2842,3587
2842,3645
2842,3681
2842,3720
2842,3812
2842,3937
2842,4011
2842,4021
2842,4138
2842,4179
2842,4191
2842,4234
2842,4256
2842,4269
2842,4349
2842,4384
2842,4453
2842,4485
2844,2880
2844,2902
2851,737
2851,967
2851,1723
2851,1754
2851,2356
2851,2485
2851,2506
2851,2508
2851,2535
2851,2856
2851,2871
2851,2955
2851,3144
2851,3643
2851,3796
2851,4037
2851,4335
2851,4432
2851,4940
2851,5022
2851,5037
2851,5288
2851,5412
2851,5449
2851,5922
2851,6442
2851,6832
2851,6850
2851,6875
2851,6955
2851,6980
2851,7553
2856,2264
2856,2662
2856,3089
2856,3126
2856,3243
2859,762
2859,825
2859,1157
2859,1239
2859,1307
2859,1769
2859,1777
2859,2014
2859,2144
2859,2145
2859,2237
2859,2264
2859,2307
2859,2328
2859,2398
2859,2485
2859,2506
2859,2508
2859,2516
2859,2517
2859,2542
2859,2565
2859,2585
2859,2746
2859,2775
2859,2790
2859,2871
2859,2900
2859,2958
2859,2981
2859,3007
2859,3024
2859,3028
2859,3034
2859,3073
2859,3144
2859,3200
2859,3258
2859,3260
2859,3291
2859,3320
2859,3321
2859,3352
2859,3404
2859,3408
2859,3439
2859,3443
2859,3453
2859,3454
2859,3473
2859,3486
2859,3489
2859,3557
2859,3562
2859,3568
2859,3615
2859,3645
2859,3650
2859,3717
2859,3724
2859,3748
2859,3803
2859,3812
2859,3843
2859,3856
2859,3871
2859,3903
2859,3937
2859,3946
2859,3976
2859,4011
2859,4024
2859,4031
2859,4037
2859,4043
2859,4044
2859,4051
2859,4055
2859,4088
2859,4103
2859,4110
2859,4162
2859,4179
2859,4191
2859,4234
2859,4256
2859,4290
2859,4297
2859,4331
2859,4335
2859,4365
2859,4373
2859,4384
2859,4385
2859,4386
2859,4412
2859,4463
2859,4468
2859,4500
2859,4510
2859,4528
2859,4531
2859,4557
2859,4588
2859,4613
2859,4631
2859,4648
2859,4661
2859,4719
2859,4780
2859,4811
2859,4820
2871,72
2871,204
2871,214
2871,290
2871,465
2871,633
2871,737
2871,762
2871,825
2871,827
2871,856
2871,1157
2871,1211
2871,1239
2871,1267
2871,1297
2871,1307
2871,1310
2871,1315
2871,1357
2871,1360
2871,1385
2871,1393
2871,1416
2871,1548
2871,1571
2871,1596
2871,1679
2871,1680
2871,1688
2871,1706
2871,1769
2871,1777
2871,1781
2871,1814
2871,1918
2871,1919
2871,2016
2871,2066
2871,2116
2871,2134
2871,2135
2871,2145
2871,2210
2871,2225
2871,2231
2871,2240
2871,2251
2871,2252
2871,2256
2871,2257
2871,2290
2871,2297
2871,2323
2871,2325
2871,2328
2871,2364
2871,2369
2871,2371
2871,2381
2871,2384
2871,2386
2871,2398
2871,2411
2871,2456
2871,2470
2871,2474
2871,2485
2871,2506
2871,2516
2871,2544
2871,2550
2871,2560
2871,2585
2871,2592
2871,2595
2871,2612
2871,2617
2871,2625
2871,2651
2871,2653
2871,2655
2871,2657
2871,2662
2871,2689
2871,2696
2871,2697
2871,2700
2871,2707
2871,2713
2871,2724
2871,2746
2871,2775
2871,2790
2871,2815
2871,2819
2871,2880
2871,2900
2871,2902
2871,2912
2871,2932
2871,2951
2871,2955
2871,2958
2871,2963
2871,2966
2871,2972
2871,2977
2871,2979
2871,2981
2871,2993
2871,2999
2871,3005
2871,3007
2871,3010
2871,3020
2871,3024
2871,3026
2871,3028
2871,3029
2871,3030
2871,3033
2871,3034
2871,3050
2871,3056
2871,3073
2871,3084
2871,3089
2871,3092
2871,3106
2871,3114
2871,3117
2871,3126
2871,3140
2871,3145
2871,3150
2871,3164
2871,3192
2871,3243
2871,3251
2871,3253
2871,3258
2871,3260
2871,3276
2871,3284
2871,3291
2871,3309
2871,3313
2871,3338
2871,3352
2871,3393
2871,3439
2871,3443
2871,3447
2871,3452
2871,3455
2871,3456
2871,3537
2871,3557
2871,3562
2871,3568
2871,3615
2871,3643
2871,3650
2871,3661
2871,3717
2871,3720
2871,3748
2871,3796
2871,3803
2871,3806
2871,3812
2871,3813
2871,3816
2871,3843
2871,3847
2871,3854
2871,3871
2871,3887
2871,3892
2871,3897
2871,3898
2871,3903
2871,3926
2871,3937
2871,3946
2871,3967
2871,4011
2871,4013
2871,4021
2871,4024
2871,4037
2871,4043
2871,4051
2871,4055
2871,4088
2871,4103
2871,4110
2871,4127
2871,4138
2871,4162
2871,4179
2871,4189
2871,4191
2871,4212
2871,4256
2871,4261
2871,4263
2871,4266
2871,4269
2871,4297
2871,4298
2871,4315
2871,4335
2871,4400
2871,4468
2871,4482
2871,4510
2871,4547
2871,4551
2871,4587
2871,4588
2871,4661
2871,4662
2871,4666
2871,4706
2871,4719
2871,4777
2871,4780
2871,4792
2871,4820
2871,4824
2871,4827
2871,4929
2871,4953
2871,4964
2871,4999
2871,5022
2871,5026
2871,5055
2871,5073
2871,5106
2871,5130
2871,5132
2871,5144
2871,5162
2871,5204
2871,5210
2871,5222
2871,5288
2871,5509
2871,5539
2871,5563
2871,5651
2871,5817
2880,2686
2900,204
2900,285
2900,290
2900,974
2900,1267
2900,1297
2900,1549
2900,1571
2900,1633
2900,1705
2900,1706
2900,1754
2900,1918
2900,2066
2900,2134
2900,2174
2900,2593
2900,2594
2900,2625
2900,2651
2900,2654
2900,2657
2900,2790
2900,2815
2900,2922
2900,3089
2900,3253
2900,3650
2900,4247
2904,1211
2904,1357
2904,1416
2904,1549
2904,1734
2904,1754
2904,1918
2904,1919
2904,2053
2904,2323
2904,2411
2904,2565
2904,2593
2904,2999
2904,3117
2904,3164
2904,3265
2909,737
2909,1310
2909,1754
2909,2135
2909,2237
2909,2384
2909,2398
2909,2485
2909,2516
2909,2535
2909,2625
2909,2651
2909,2654
2909,2657
2909,2697
2909,3033
2909,3125
2909,3144
2909,3260
2909,3352
2909,3417
2909,3443
2909,3456
2909,3643
2909,3726
2909,3897
2909,3910
2909,3976
2909,4124
2909,4191
2909,4335
2909,4528
2909,4587
2909,4653
2909,4712
2909,4735
2909,5189
2909,5222
2909,5412
2909,5640
2909,5651
2909,6774
2909,6832
2912,1357
2912,1393
2912,1416
2912,1734
2912,1754
2912,1769
2912,1919
2912,2135
2912,2231
2912,2251
2912,2325
2912,2356
2912,2371
2912,2416
2912,2456
2912,2474
2912,2576
2912,2593
2912,2625
2912,2654
2912,2724
2912,2900
2912,3020
2912,3021
2912,3033
2912,3034
2912,3099
2912,3265
2912,4037
2912,4233
2912,4463
2917,1705
2917,4735
2918,1705
2918,2375
2918,2922
2923,1211
2923,1297
2923,1734
2923,2252
2923,2256
2923,2307
2923,2328
2923,2375
2923,2411
2923,2474
2923,2485
2923,2535
2923,2585
2923,2653
2923,2657
2923,2746
2923,2972
2923,2979
2923,3020
2923,3026
2923,3028
2923,3117
2923,3265
2923,3291
2923,3394
2923,3454
2923,3516
2923,3537
2923,3568
2923,3646
2923,3680
2923,3724
2923,4547
2932,762
2932,1157
2932,1211
2932,1297
2932,1549
2932,1688
2932,1777
2932,1918
2932,2145
2932,2328
2932,2485
2932,2547
2932,2565
2932,2594
2932,2651
2932,2667
2932,2877
2932,2955
2932,2958
2932,3028
2932,3059
2932,3140
2932,3192
2932,3291
2932,3321
2932,3394
2932,3417
2932,3439
2932,3454
2932,3480
2932,3537
2932,3557
2932,3568
2932,3615
2932,3635
2932,3646
2932,3661
2932,3724
2932,3812
2932,3969
2932,3976
2932,4065
2932,4191
2932,4231
2932,4261
2932,4266
2932,4365
2932,4373
2932,4463
2932,4661
2932,4735
2932,4814
2932,4875
2932,7301
2940,285
2940,290
2940,417
2940,762
2940,825
2940,938
2940,1026
2940,1157
2940,1166
2940,1211
2940,1571
2940,1633
2940,1744
2940,1919
2940,1990
2940,2016
2940,2114
2940,2135
2940,2210
2940,2240
2940,2251
2940,2290
2940,2297
2940,2324
2940,2325
2940,2338
2940,2433
2940,2485
2940,2510
2940,2565
2940,2576
2940,2593
2940,2594
2940,2623
2940,2625
2940,2653
2940,2657
2940,2660
2940,2667
2940,2693
2940,2700
2940,2727
2940,2851
2940,2912
2940,2932
2940,2958
2940,2973
2940,2974
2940,2977
2940,3005
2940,3009
2940,3026
2940,3028
2940,3056
2940,3114
2940,3117
2940,3148
2940,3238
2940,3291
2940,3307
2940,3351
2940,3404
2940,3408
2940,3480
2940,3489
2940,3557
2940,3681
2940,3769
2940,3792
2940,3803
2940,3804
2940,3807
2940,3847
2940,3892
2940,3897
2940,4055
2940,4134
2940,4162
2940,4179
2940,4201
2940,4485
2940,5020
2940,5079
2940,5179
2940,5233
2940,5806
2940,5872
2940,6000
2940,6004
2940,6496
2940,6780
2940,6897
2940,7012
2940,7116
2940,7277
2940,7301
2940,7389
2940,7618
2951,72
2951,1185
2951,1385
2951,2145
2951,2297
2951,2547
2951,2576
2951,2625
2951,2660
2951,2790
2951,3489
2951,3615
2951,3976
2951,4297
2951,4463
2951,4531
2958,1026
2958,1267
2958,1918
2958,2066
2958,2134
2958,2225
2958,2256
2958,2323
2958,2328
2958,2411
2958,2474
2958,2510
2958,2585
2958,2594
2958,2625
2958,2646
2958,2727
2958,2746
2958,2790
2958,2830
2958,2856
2958,3005
2958,3084
2958,3089
2958,3117
2958,3125
2958,3265
2958,3291
2958,3352
2958,3394
2958,3439
2958,3516
2958,3645
2958,3650
2958,3892
2958,3898
2958,3903
2958,4256
2958,4290
2958,4299
2958,4400
2958,4528
2958,4530
2958,4735
2958,5412
2958,5772
2958,7620
2967,417
2967,762
2967,825
2967,974
2967,1157
2967,1166
2967,1239
2967,1297
2967,1305
2967,1307
2967,1310
2967,1315
2967,1549
2967,1571
2967,1688
2967,1729
2967,1734
2967,1754
2967,1769
2967,2014
2967,2016
2967,2066
2967,2114
2967,2129
2967,2134
2967,2144
2967,2145
2967,2209
2967,2210
2967,2237
2967,2240
2967,2252
2967,2256
2967,2257
2967,2290
2967,2297
2967,2325
2967,2326
2967,2328
2967,2354
2967,2356
2967,2364
2967,2371
2967,2381
2967,2384
2967,2398
2967,2411
2967,2433
2967,2456
2967,2474
2967,2485
2967,2506
2967,2516
2967,2517
2967,2565
2967,2576
2967,2595
2967,2597
2967,2612
2967,2646
2967,2653
2967,2654
2967,2655
2967,2657
2967,2660
2967,2674
2967,2693
2967,2696
2967,2697
2967,2707
2967,2775
2967,2787
2967,2790
2967,2859
2967,2871
2967,2900
2967,2912
2967,2918
2967,2932
2967,2958
2967,2966
2967,2968
2967,2981
2967,3002
2967,3005
2967,3007
2967,3009
2967,3010
2967,3026
2967,3029
2967,3034
2967,3059
2967,3073
2967,3117
2967,3140
2967,3148
2967,3173
2967,3192
2967,3258
2967,3265
2967,3276
2967,3284
2967,3291
2967,3309
2967,3321
2967,3334
2967,3346
2967,3351
2967,3352
2967,3394
2967,3404
2967,3435
2967,3439
2967,3447
2967,3453
2967,3455
2967,3456
2967,3458
2967,3520
2967,3529
2967,3538
2967,3562
2967,3568
2967,3580
2967,3587
2967,3607
2967,3609
2967,3615
2967,3631
2967,3635
2967,3643
2967,3660
2967,3680
2967,3691
2967,3717
2967,3724
2967,3748
2967,3787
2967,3796
2967,3806
2967,3813
2967,3843
2967,3847
2967,3854
2967,3871
2967,3903
2967,3956
2967,3958
2967,3976
2967,4011
2967,4013
2967,4021
2967,4024
2967,4037
2967,4040
2967,4043
2967,4044
2967,4055
2967,4088
2967,4103
2967,4110
2967,4117
2967,4124
2967,4138
2967,4162
2967,4179
2967,4191
2967,4201
2967,4212
2967,4233
2967,4234
2967,4247
2967,4256
2967,4261
2967,4263
2967,4266
2967,4269
2967,4289
2967,4290
2967,4297
2967,4335
2967,4422
2967,4453
2967,4485
2967,4510
2967,4551
2967,4578
2967,4600
2967,4613
2967,4653
2967,4661
2967,4662
2967,4666
2967,4706
2967,4719
2967,4735
2967,4792
2967,4796
2967,4811
2967,4814
2967,4827
2967,4828
2967,4938
2967,4953
2967,4999
2967,5026
2967,5055
2967,5058
2967,5073
2967,5092
2967,5100
2967,5106
2967,5130
2967,5132
2967,5459
2967,5511
2968,465
2968,762
2968,1166
2968,1357
2968,1416
2968,1633
2968,1679
2968,1754
2968,1982
2968,2135
2968,2225
2968,2251
2968,2258
2968,2297
2968,2542
2968,2576
2968,2605
2968,2653
2968,2658
2968,2697
2968,2785
2968,2966
2968,3026
2968,3089
2968,3117
2968,3265
2968,3276
2968,3293
2968,3338
2968,3394
2968,3454
2968,3456
2968,3473
2968,3489
2968,3516
2968,3557
2968,3562
2968,3650
2968,3724
2968,4124
2968,4179
2968,4191
2968,4234
2968,4349
2968,4735
2968,4983
2968,5073
2968,5148
2968,5459
2968,5582
2968,7620
2968,7699
2972,737
2972,825
2972,1239
2972,1247
2972,1305
2972,1310
2972,1360
2972,1549
2972,1680
2972,1688
2972,1769
2972,1799
2972,1990
2972,2134
2972,2144
2972,2145
2972,2237
2972,2240
2972,2328
2972,2364
2972,2369
2972,2381
2972,2511
2972,2517
2972,2565
2972,2576
2972,2592
2972,2605
2972,2612
2972,2646
2972,2653
2972,2689
2972,2696
2972,2746
2972,2787
2972,2811
2972,2822
2972,2831
2972,2859
2972,2871
2972,2909
2972,2932
2972,2958
2972,2973
2972,2981
2972,3002
2972,3027
2972,3028
2972,3089
2972,3092
2972,3103
2972,3125
2972,3140
2972,3144
2972,3192
2972,3258
2972,3291
2972,3320
2972,3321
2972,3334
2972,3352
2972,3417
2972,3439
2972,3447
2972,3452
2972,3453
2972,3454
2972,3456
2972,3460
2972,3537
2972,3557
2972,3562
2972,3568
2972,3607
2972,3615
2972,3635
2972,3645
2972,3650
2972,3661
2972,3664
2972,3691
2972,3720
2972,3748
2972,3796
2972,3816
2972,3843
2972,3854
2972,3885
2972,3898
2972,3903
2972,3910
2972,3926
2972,3946
2972,3956
2972,3958
2972,3967
2972,4031
2972,4037
2972,4040
2972,4043
2972,4044
2972,4055
2972,4058
2972,4103
2972,4124
2972,4162
2972,4212
2972,4247
2972,4261
2972,4263
2972,4266
2972,4269
2972,4297
2972,4298
2972,4299
2972,4315
2972,4331
2972,4335
2972,4361
2972,4400
2972,4412
2972,4422
2972,4448
2972,4453
2972,4468
2972,4482
2972,4485
2972,4500
2972,4507
2972,4528
2972,4536
2972,4547
2972,4551
2972,4562
2972,4578
2972,4587
2972,4600
2972,4613
2972,4631
2972,4653
2972,4661
2972,4662
2972,4666
2972,4706
2972,4712
2972,4717
2972,4719
2972,4735
2972,4780
2972,4792
2972,4796
2972,4811
2972,4814
2972,4824
2972,4827
2972,4828
2972,4846
2972,4929
2972,4938
2972,4964
2972,4986
2972,4999
2972,5026
2972,5055
2972,5073
2972,5092
2972,5100
2972,5106
2972,5130
2972,5132
2972,5144
2972,5199
2972,5204
2972,5210
2972,5222
2972,5233
2972,5239
2972,5245
2972,5295
2972,5335
2972,5392
2972,5404
2972,5412
2972,5423
2972,5430
2972,5449
2972,5459
2972,5484
2972,5506
2972,5524
2972,5545
2972,5559
2972,5563
2972,5637
2972,5693
2972,5697
2972,5776
2972,5814
2972,5817
2972,5818
2972,5822
2972,6097
2972,6272
2972,6330
2972,6414
2972,6503
2972,6555
2972,6560
2972,6596
2972,6736
2972,6765
2972,6774
2972,6855
2972,6860
2972,6869
2972,6930
2972,6942
2972,6946
2972,6955
2972,6982
2972,6994
2972,7101
2972,7115
2972,7116
2972,7119
2972,7186
2974,762
2974,1915
2974,2565
2974,2775
2974,2977
2974,2981
2974,3099
2974,3480
2974,3562
2974,3720
2974,4051
2974,4110
2981,737
2981,1549
2981,1799
2981,1990
2981,2145
2981,2328
2981,2653
2981,2658
2981,3238
2981,3309
2981,3321
2981,3381
2981,3447
2981,3456
2981,3460
2981,3537
2981,3568
2981,3897
2981,3910
2981,4037
2981,4043
2981,4124
2981,4162
2981,4661
2981,4662
2981,5022
2981,5073
2981,5179
2981,5430
2981,5432
2981,5459
2981,6555
2981,6774
2981,7120
2981,7381
2981,7632
2981,7778
2988,737
2988,1191
2988,1315
2988,1493
2988,2016
2988,2252
2988,2257
2988,2328
2988,2485
2988,2565
2988,2592
2988,2653
2988,2654
2988,2657
2988,2696
2988,2819
2988,3026
2988,3059
2988,3173
2988,3192
2988,3404
2988,3537
2988,3615
2988,3796
2988,3847
2988,3897
2988,4256
2988,4335
2988,4488
2988,4600
2988,4653
2988,4717
2988,4884
2988,5058
2988,5092
2988,5459
2988,5511
2988,5651
2988,6832
2989,1315
2989,2371
2989,2565
2989,3026
2989,3059
2989,3173
2989,3192
2989,3854
2989,4256
2989,4999
2991,2066
2991,2958
2991,2993
2991,3562
2991,3615
2991,3787
2991,4179
2993,2991
2999,825
2999,1633
2999,2323
2999,2625
2999,2822
2999,3635
2999,4191
3000,72
3000,285
3000,1166
3000,1633
3000,1744
3000,2114
3000,2144
3000,2225
3000,2323
3000,2411
3000,2660
3000,2662
3000,2724
3000,2819
3000,2856
3000,3021
3000,3144
3000,3276
3000,3307
3000,3320
3000,3408
3000,3456
3000,3568
3000,3830
3000,5210
3000,5800
3000,5802
3000,5806
3000,5811
3000,6424
3000,6832
3002,2323
3002,2364
3002,3456
3002,5412
3005,290
3005,417
3005,974
3005,1307
3005,1357
3005,1549
3005,2066
3005,2210
3005,2256
3005,2297
3005,2323
3005,2474
3005,2576
3005,2585
3005,2594
3005,2625
3005,2654
3005,2700
3005,3024
3005,3030
3005,3260
3005,3265
3005,3319
3005,3435
3005,3529
3005,3562
3005,3580
3005,4021
3007,290
3007,465
3007,2251
3007,2323
3007,2398
3007,2653
3007,3903
3007,4191
3007,5106
3007,5484
3007,5563
3007,5683
3009,204
3009,417
3009,762
3009,974
3009,1385
3009,2145
3009,2252
3009,2290
3009,2297
3009,2323
3009,2328
3009,2433
3009,2508
3009,2565
3009,2576
3009,2585
3009,2653
3009,2660
3009,2667
3009,2693
3009,3103
3009,3140
3009,3144
3009,3148
3009,3276
3009,3547
3009,3643
3009,3650
3009,3724
3009,3812
3009,4365
3009,4373
3009,4384
3009,4400
3009,4422
3009,4510
3009,4528
3009,4578
3009,4666
3009,5524
3009,5543
3009,6417
3010,465
3010,825
3010,974
3010,1166
3010,1291
3010,1297
3010,1307
3010,1549
3010,1633
3010,1706
3010,1734
3010,1744
3010,1754
3010,1799
3010,1915
3010,1990
3010,2135
3010,2160
3010,2209
3010,2251
3010,2252
3010,2257
3010,2297
3010,2324
3010,2325
3010,2326
3010,2356
3010,2411
3010,2485
3010,2510
3010,2544
3010,2565
3010,2597
3010,2653
3010,2654
3010,2657
3010,2660
3010,2667
3010,2674
3010,2693
3010,2697
3010,2707
3010,2721
3010,2727
3010,2747
3010,2799
3010,2815
3010,2973
3010,2974
3010,2999
3010,3005
3010,3007
3010,3009
3010,3024
3010,3026
3010,3028
3010,3030
3010,3033
3010,3059
3010,3084
3010,3089
3010,3103
3010,3114
3010,3117
3010,3148
3010,3173
3010,3251
3010,3265
3010,3307
3010,3338
3010,3351
3010,3352
3010,3371
3010,3404
3010,3408
3010,3435
3010,3473
3010,3480
3010,3483
3010,3520
3010,3529
3010,3537
3010,3557
3010,3580
3010,3587
3010,3609
3010,3650
3010,3670
3010,3680
3010,3717
3010,3769
3010,3807
3010,3847
3010,3871
3010,3887
3010,3892
3010,3903
3010,3937
3010,4400
3010,4712
3010,4764
3010,5022
3010,5130
3010,5222
3010,5412
3010,5449
3010,5596
3010,5829
3010,5871
3010,6347
3010,6770
3010,6783
3018,1357
3018,1754
3018,1919
3018,2256
3018,2565
3018,2623
3018,2653
3018,2707
3018,2973
3018,3034
3018,3084
3018,3099
3018,3140
3018,3371
3018,3408
3018,3537
3018,3557
3018,3680
3018,3806
3020,633
3020,856
3020,1267
3020,1357
3020,1393
3020,1416
3020,1633
3020,1679
3020,1734
3020,1754
3020,1781
3020,1792
3020,1814
3020,2116
3020,2135
3020,2225
3020,2231
3020,2325
3020,2328
3020,2356
3020,2371
3020,2474
3020,2576
3020,2593
3020,2594
3020,2623
3020,2625
3020,2651
3020,2697
3020,2700
3020,2707
3020,2713
3020,2830
3020,2856
3020,2900
3020,2912
3020,2951
3020,3021
3020,3030
3020,3089
3020,3099
3020,3243
3020,3251
3020,3253
3020,3265
3020,3338
3020,3371
3020,3516
3021,285
3021,2325
3021,2707
3021,4071
3024,633
3024,1166
3024,1291
3024,1297
3024,1307
3024,1754
3024,2066
3024,2135
3024,2225
3024,2231
3024,2307
3024,2411
3024,2485
3024,2510
3024,2542
3024,2585
3024,2594
3024,2625
3024,2651
3024,2653
3024,2660
3024,2667
3024,2746
3024,2747
3024,2900
3024,2923
3024,2958
3024,2973
3024,3005
3024,3029
3024,3114
3024,3117
3024,3253
3024,3265
3024,3284
3024,3307
3024,3351
3024,3408
3024,3562
3024,3580
3024,3650
3024,3748
3024,3898
3024,4256
3024,4578
3024,4735
3024,5697
3024,5817
3026,72
3026,290
3026,737
3026,825
3026,856
3026,974
3026,1157
3026,1247
3026,1297
3026,1307
3026,1357
3026,1385
3026,1437
3026,1548
3026,1633
3026,1688
3026,1706
3026,1729
3026,1754
3026,1792
3026,1799
3026,1814
3026,1919
3026,2016
3026,2066
3026,2134
3026,2135
3026,2145
3026,2209
3026,2225
3026,2237
3026,2251
3026,2252
3026,2307
3026,2324
3026,2328
3026,2338
3026,2354
3026,2371
3026,2384
3026,2411
3026,2485
3026,2508
3026,2510
3026,2516
3026,2535
3026,2544
3026,2550
3026,2565
3026,2592
3026,2595
3026,2625
3026,2651
3026,2653
3026,2654
3026,2660
3026,2667
3026,2674
3026,2686
3026,2693
3026,2696
3026,2697
3026,2700
3026,2721
3026,2747
3026,2775
3026,2819
3026,2859
3026,2871
3026,2932
3026,2958
3026,2973
3026,3007
3026,3024
3026,3027
3026,3028
3026,3029
3026,3033
3026,3050
3026,3059
3026,3073
3026,3084
3026,3092
3026,3103
3026,3106
3026,3117
3026,3144
3026,3148
3026,3173
3026,3192
3026,3200
3026,3258
3026,3260
3026,3265
3026,3276
3026,3313
3026,3324
3026,3352
3026,3404
3026,3443
3026,3452
3026,3454
3026,3456
3026,3480
3026,3529
3026,3537
3026,3548
3026,3562
3026,3568
3026,3587
3026,3607
3026,3615
3026,3635
3026,3643
3026,3645
3026,3650
3026,3680
3026,3720
3026,3724
3026,3748
3026,3813
3026,3843
3026,3847
3026,3854
3026,3892
3026,3897
3026,3903
3026,3910
3026,4011
3026,4024
3026,4031
3026,4043
3026,4051
3026,4124
3026,4162
3026,4189
3026,4191
3026,4201
3026,4234
3026,4256
3026,4261
3026,4335
3026,4349
3026,4384
3026,4448
3026,4453
3026,4510
3026,4531
3026,4536
3026,4547
3026,4578
3026,4587
3026,4600
3026,4706
3026,4712
3026,4827
3026,4983
3026,4999
3026,5026
3026,5055
3026,5130
3026,5412
3026,5452
3027,737
3027,1310
3027,1549
3027,2456
3027,2576
3027,2831
3027,3029
3027,3089
3027,3456
3027,3976
3027,4247
3027,4335
3027,4536
3027,4712
3027,4808
3027,5079
3027,5210
3027,5697
3027,5871
3027,6044
3027,6948
3027,7450
3027,7478
3028,72
3028,417
3028,465
3028,737
3028,762
3028,825
3028,1024
3028,1166
3028,1393
3028,1633
3028,1679
3028,1814
3028,2145
3028,2209
3028,2210
3028,2231
3028,2237
3028,2252
3028,2256
3028,2257
3028,2297
3028,2326
3028,2328
3028,2371
3028,2398
3028,2426
3028,2485
3028,2510
3028,2535
3028,2550
3028,2576
3028,2585
3028,2623
3028,2625
3028,2651
3028,2653
3028,2654
3028,2657
3028,2660
3028,2674
3028,2686
3028,2687
3028,2693
3028,2799
3028,2859
3028,2871
3028,2923
3028,2958
3028,2974
3028,3007
3028,3009
3028,3026
3028,3029
3028,3084
3028,3089
3028,3251
3028,3258
3028,3265
3028,3319
3028,3351
3028,3352
3028,3439
3028,3454
3028,3456
3028,3473
3028,3480
3028,3529
3028,3557
3028,3567
3028,3568
3028,3576
3028,3580
3028,3635
3028,3650
3028,3661
3028,3670
3028,3785
3028,3892
3028,3897
3028,3898
3028,3903
3028,3956
3028,4011
3028,4124
3028,4138
3028,4189
3028,4191
3028,4201
3028,4231
3028,4256
3028,4297
3028,4331
3028,4335
3028,4384
3028,4385
3028,4468
3028,4485
3028,4507
3028,4510
3028,4551
3028,4557
3028,4578
3028,4631
3028,4648
3028,4777
3028,4778
3028,4780
3028,4828
3028,4875
3028,4964
3028,4983
3028,4999
3028,5412
3028,5459
3028,5697
3029,3027
3029,5179
3031,204
3031,417
3031,974
3031,1166
3031,1267
3031,1297
3031,1571
3031,1633
3031,1734
3031,1754
3031,2016
3031,2231
3031,2371
3031,2398
3031,2485
3031,2542
3031,2565
3031,2576
3031,2594
3031,2625
3031,2651
3031,2653
3031,2654
3031,2657
3031,2660
3031,2662
3031,2693
3031,2697
3031,2900
3031,2912
3031,2918
3031,3005
3031,3018
3031,3145
3031,3150
3031,3173
3031,3200
3031,3265
3031,3351
3031,3408
3031,3435
3031,3439
3031,3516
3031,3537
3031,3567
3031,3580
3031,3803
3031,3847
3032,72
3032,737
3032,762
3032,856
3032,967
3032,1157
3032,1166
3032,1239
3032,1297
3032,1385
3032,1680
3032,1744
3032,1777
3032,1792
3032,1799
3032,1823
3032,1915
3032,2066
3032,2134
3032,2135
3032,2252
3032,2257
3032,2289
3032,2290
3032,2326
3032,2328
3032,2354
3032,2398
3032,2411
3032,2485
3032,2508
3032,2516
3032,2550
3032,2565
3032,2576
3032,2585
3032,2592
3032,2594
3032,2651
3032,2657
3032,2662
3032,2674
3032,2687
3032,2713
3032,2724
3032,2747
3032,2754
3032,2775
3032,2790
3032,2811
3032,2859
3032,2900
3032,2912
3032,2923
3032,3005
3032,3020
3032,3026
3032,3027
3032,3089
3032,3106
3032,3140
3032,3145
3032,3173
3032,3192
3032,3200
3032,3238
3032,3276
3032,3291
3032,3297
3032,3346
3032,3352
3032,3393
3032,3394
3032,3439
3032,3452
3032,3453
3032,3454
3032,3455
3032,3456
3032,3458
3032,3516
3032,3520
3032,3541
3032,3557
3032,3567
3032,3568
3032,3587
3032,3615
3032,3635
3032,3645
3032,3670
3032,3681
3032,3724
3032,3787
3032,3803
3032,3813
3032,3843
3032,3871
3032,3885
3032,3887
3032,3897
3032,3910
3032,3926
3032,3937
3032,3946
3032,3958
3032,4013
3032,4065
3032,4138
3032,4179
3032,4191
3032,4233
3032,4247
3032,4266
3032,4269
3032,4289
3032,4290
3032,4297
3032,4298
3032,4299
3032,4373
3032,4384
3032,4386
3032,4417
3032,4424
3032,4432
3032,4453
3032,4463
3032,4510
3032,4528
3032,4530
3032,4536
3032,4588
3032,4653
3032,4661
3032,4666
3032,4712
3032,4717
3032,4780
3032,4846
3032,4953
3032,4981
3032,5020
3032,5022
3032,5335
3032,5430
3032,5449
3032,5452
3032,5524
3032,5529
3032,5650
3032,5651
3032,5697
3032,5776
3032,5822
3032,5922
3032,5932
3032,6151
3032,6272
3032,6347
3032,6388
3032,6737
3032,6759
3032,6770
3032,6774
3032,6833
3032,6897
3032,6918
3032,7054
3032,7120
3032,7378
3032,7478
3032,7574
3032,7587
3032,7620
3033,204
3033,417
3033,762
3033,1166
3033,1357
3033,1393
3033,1571
3033,1734
3033,1781
3033,2016
3033,2135
3033,2251
3033,2289
3033,2290
3033,2297
3033,2328
3033,2371
3033,2474
3033,2485
3033,2550
3033,2593
3033,2653
3033,2654
3033,2657
3033,2674
3033,2693
3033,2697
3033,2819
3033,2830
3033,2856
3033,2859
3033,2912
3033,2958
3033,3024
3033,3026
3033,3059
3033,3089
3033,3150
3033,3164
3033,3443
3033,3568
3033,3580
3033,3650
3033,4510
3033,4735
3034,762
3034,1157
3034,1297
3034,1360
3034,2145
3034,2231
3034,2237
3034,2328
3034,2398
3034,2625
3034,2871
3034,2912
3034,3005
3034,3089
3034,3092
3034,3106
3034,3309
3034,3321
3034,3443
3034,3568
3034,3615
3034,3661
3034,3724
3034,4037
3034,4124
3034,4212
3034,4453
3034,4463
3034,4510
3034,4528
3034,4531
3034,4735
3034,5100
3034,5412
3056,1393
3056,1493
3056,1571
3056,1744
3056,1919
3056,2114
3056,2144
3056,2209
3056,2251
3056,2290
3056,2411
3056,2416
3056,2485
3056,2593
3056,2594
3056,2623
3056,2625
3056,2653
3056,2657
3056,2667
3056,2687
3056,2819
3056,2973
3056,3002
3056,3009
3056,3033
3056,3034
3056,3099
3056,3148
3056,3265
3056,3307
3056,3338
3056,3404
3056,3460
3056,3516
3056,3520
3056,3548
3056,3567
3056,3587
3056,3803
3056,3958
3059,1437
3059,1734
3059,1754
3059,1919
3059,2016
3059,2237
3059,2251
3059,2328
3059,2371
3059,2474
3059,2485
3059,2506
3059,2593
3059,2625
3059,2651
3059,2653
3059,2696
3059,2697
3059,3026
3059,3033
3059,3173
3059,3192
3059,3265
3059,3537
3059,3748
3059,3854
3059,4124
3059,4256
3059,5026
3059,6347
3073,1310
3073,1498
3073,2066
3073,2251
3073,2364
3073,2485
3073,2506
3073,2510
3073,2594
3073,2625
3073,2651
3073,2657
3073,2660
3073,2819
3073,2981
3073,3002
3073,3021
3073,3034
3073,3456
3073,3726
3073,3892
3073,3969
3073,4043
3073,4706
3073,4796
3073,4820
3073,4827
3073,5412
3073,5897
3073,6907
3073,6918
3073,7632
3081,1157
3081,1633
3081,1754
3081,1919
3081,2066
3081,2135
3081,2565
3081,2593
3081,2594
3081,2625
3081,2724
3081,2958
3081,3117
3081,3480
3081,3516
3081,3607
3081,4191
3081,4777
3084,465
3084,1297
3084,1777
3084,1915
3084,1935
3084,2114
3084,2160
3084,2210
3084,2398
3084,2411
3084,2485
3084,2585
3084,2593
3084,2657
3084,2727
3084,2746
3084,2790
3084,3005
3084,3026
3084,3059
3084,3089
3084,3117
3084,3334
3084,3352
3084,3381
3084,3404
3084,3480
3084,3537
3084,3557
3084,3562
3084,3568
3084,3646
3084,3680
3084,3717
3084,3720
3084,3752
3084,3803
3084,3807
3084,3847
3084,3892
3084,3903
3084,4735
3084,5079
3084,5818
3084,6043
3084,6560
3084,6833
3084,6869
3084,6980
3084,7277
3084,7280
3084,7443
3084,7620
3084,7649
3089,1437
3089,1754
3089,2625
3089,3034
3092,633
3092,737
3092,1024
3092,1769
3092,1814
3092,2135
3092,2225
3092,2369
3092,2433
3092,2576
3092,2625
3092,2654
3092,2689
3092,2697
3092,2700
3092,2713
3092,2831
3092,3027
3092,3034
3092,3251
3092,3258
3092,3456
3092,3726
3092,3796
3092,3910
3092,4037
3092,4124
3092,4191
3092,4201
3092,4315
3092,4400
3092,4448
3092,4468
3092,4536
3092,4587
3092,4712
3092,4875
3092,4884
3092,5144
3092,5239
3092,5245
3092,5246
3092,5412
3092,5459
3092,5465
3092,5484
3092,5506
3092,5714
3092,5817
3092,6774
3092,7092
3092,7699
3095,285
3095,633
3095,856
3095,1267
3095,1357
3095,1393
3095,1437
3095,1679
3095,1734
3095,1754
3095,1781
3095,1814
3095,2116
3095,2135
3095,2225
3095,2231
3095,2371
3095,2565
3095,2625
3095,2713
3095,2724
3095,2830
3095,2900
3095,2951
3095,3018
3095,3099
3095,3126
3095,3140
3095,3243
3095,3251
3095,3253
3095,3307
3095,3371
3103,1688
3103,2822
3103,4485
3106,1357
3106,1403
3106,4709
3106,7108
3114,3117
3115,2565
3115,2576
3115,3117
3115,3291
3115,4037
3125,856
3125,1792
3125,1814
3125,2325
3125,2485
3125,2576
3125,2594
3125,2625
3125,2651
3125,2657
3125,2687
3125,2747
3125,3005
3125,3253
3125,3265
3140,4011
3144,204
3144,1157
3144,1166
3144,1633
3144,1679
3144,1688
3144,1729
3144,1777
3144,1792
3144,2016
3144,2209
3144,2237
3144,2290
3144,2307
3144,2324
3144,2338
3144,2356
3144,2371
3144,2456
3144,2485
3144,2508
3144,2510
3144,2535
3144,2594
3144,2625
3144,2654
3144,2657
3144,2660
3144,2686
3144,2693
3144,2700
3144,2713
3144,2819
3144,2856
3144,2871
3144,2900
3144,2923
3144,2973
3144,2974
3144,3018
3144,3021
3144,3026
3144,3028
3144,3059
3144,3106
3144,3148
3144,3235
3144,3243
3144,3251
3144,3265
3144,3338
3144,3351
3144,3352
3144,3404
3144,3408
3144,3439
3144,3443
3144,3454
3144,3473
3144,3480
3144,3483
3144,3486
3144,3529
3144,3557
3144,3567
3144,3568
3144,3650
3144,3660
3144,3661
3144,3670
3144,3680
3144,3681
3144,3812
3144,3926
3144,4021
3144,4040
3144,4212
3144,4261
3144,4373
3144,4531
3144,4578
3145,1688
3145,2145
3145,2240
3145,2328
3145,3034
3145,3089
3145,3125
3145,3140
3145,3309
3145,3352
3145,3443
3145,3958
3145,4263
3145,4297
3145,4299
3145,4735
3145,5233
3148,204
3148,417
3148,1166
3148,1549
3148,1919
3148,1990
3148,2297
3148,2328
3148,2398
3148,2654
3148,2667
3148,2674
3148,2697
3148,2819
3148,3371
3148,3480
3148,3489
3148,3516
3148,3562
3148,3650
3148,4011
3148,4055
3148,4233
3148,4263
3148,4266
3150,2066
3150,2651
3150,2654
3150,4098
3173,2371
3173,2974
3173,3192
3173,3529
3173,3537
3173,4191
3173,4256
3175,827
3175,1549
3175,1777
3175,2257
3175,2371
3175,2411
3175,2485
3175,2508
3175,2565
3175,2595
3175,2653
3175,2657
3175,2696
3175,2727
3175,3024
3175,3026
3175,3059
3175,3260
3175,3461
3175,3483
3175,3529
3175,3537
3175,3541
3175,3847
3175,3892
3175,3903
3175,3926
3175,3937
3175,3967
3175,4021
3175,4653
3175,4666
3175,4827
3175,5026
3175,5423
3188,417
3188,1297
3188,1706
3188,2328
3188,2565
3188,2654
3188,2687
3188,3028
3188,3117
3188,3319
3188,3567
3188,3871
3188,4234
3188,4256
3188,4424
3188,4528
3192,825
3192,827
3192,1305
3192,1307
3192,1729
3192,1990
3192,2016
3192,2210
3192,2297
3192,2325
3192,2485
3192,2510
3192,2585
3192,2594
3192,2653
3192,2655
3192,2660
3192,2687
3192,2693
3192,2696
3192,2831
3192,2871
3192,3024
3192,3026
3192,3059
3192,3092
3192,3258
3192,3404
3192,3439
3192,3454
3192,3461
3192,3489
3192,3537
3192,3615
3192,3650
3192,3717
3192,3748
3192,3843
3192,4011
3192,4021
3192,4124
3192,4179
3192,4189
3192,4256
3192,4600
3192,4646
3192,4820
3192,4983
3192,5026
3192,5452
3200,1024
3200,1990
3200,2114
3200,2411
3200,2565
3200,2856
3200,3114
3200,3615
3238,1688
3238,2225
3238,2381
3238,2511
3238,2516
3238,3084
3238,3334
3238,3456
3238,4071
3238,4562
3238,4712
3238,4824
3238,5100
3238,5210
3238,5233
3238,5484
3238,5814
3238,5839
3238,6327
3238,6833
3238,7624
3238,7632
3258,827
3258,974
3258,1157
3258,1166
3258,1297
3258,1688
3258,1777
3258,1915
3258,1935
3258,2145
3258,2328
3258,2356
3258,2398
3258,2516
3258,2535
3258,2565
3258,2625
3258,2654
3258,2657
3258,2660
3258,2674
3258,2686
3258,2727
3258,2775
3258,2871
3258,2900
3258,2923
3258,3005
3258,3030
3258,3034
3258,3117
3258,3173
3258,3192
3258,3200
3258,3260
3258,3276
3258,3291
3258,3307
3258,3351
3258,3352
3258,3404
3258,3454
3258,3480
3258,3520
3258,3541
3258,3547
3258,3557
3258,3568
3258,3587
3258,3615
3258,3643
3258,3646
3258,3660
3258,3787
3258,3804
3258,3806
3258,3807
3258,3812
3258,3847
3258,3856
3258,3903
3258,3967
3258,4011
3258,4013
3258,4037
3258,4055
3258,4098
3258,4191
3258,4201
3258,4233
3258,4424
3258,4453
3258,4463
3258,4510
3258,4531
3258,5022
3258,5130
3258,5412
3258,5524
3258,5824
3258,5902
3258,6097
3258,6897
3258,6979
3258,6980
3260,1549
3260,1919
3260,2576
3260,2594
3260,2625
3260,2651
3260,3030
3260,3265
3262,2297
3262,2565
3262,2651
3262,2660
3262,3034
3262,3265
3262,3480
3262,3489
3262,3807
3276,1157
3276,1307
3276,1549
3276,1990
3276,2134
3276,2210
3276,2240
3276,2297
3276,2328
3276,2416
3276,2485
3276,2510
3276,2565
3276,2595
3276,2612
3276,2623
3276,2625
3276,2653
3276,2655
3276,2667
3276,2727
3276,2746
3276,2923
3276,2958
3276,3007
3276,3021
3276,3024
3276,3026
3276,3028
3276,3034
3276,3117
3276,3173
3276,3258
3276,3291
3276,3338
3276,3394
3276,3404
3276,3435
3276,3439
3276,3443
3276,3529
3276,3562
3276,3615
3276,3650
3276,3661
3276,3681
3276,3717
3276,3843
3276,3967
3276,4011
3276,4021
3276,4024
3276,4051
3276,4055
3276,4110
3276,4138
3276,4162
3276,4191
3276,4233
3276,4256
3276,4269
3276,4289
3276,4290
3276,4613
3276,4631
3276,4661
3276,4820
3276,5026
3284,2623
3284,3024
3284,3089
3284,3506
3284,3516
3284,3557
3284,3785
3284,3871
3284,3946
3284,4557
3284,4712
3291,465
3291,1166
3291,1633
3291,1679
3291,1744
3291,2240
3291,2290
3291,2326
3291,2328
3291,2356
3291,2517
3291,2565
3291,2595
3291,2623
3291,2660
3291,2687
3291,2727
3291,2819
3291,2900
3291,2923
3291,2958
3291,2973
3291,3059
3291,3089
3291,3334
3291,3351
3291,3352
3291,3439
3291,3506
3291,3516
3291,3562
3291,3587
3291,3787
3291,3807
3291,4011
3291,4013
3291,4162
3291,4365
3291,4385
3291,4424
3291,4531
3291,4578
3291,4712
3291,4713
3291,4735
3291,4999
3291,5509
3291,5543
3291,6151
3293,840
3293,5289
3293,5605
3293,5614
3293,6665
3293,6955
3293,7620
3297,1633
3297,2114
3297,2210
3297,2338
3297,2356
3297,2565
3297,2655
3297,2958
3297,3007
3297,3021
3297,3117
3297,3238
3297,3258
3297,3307
3297,3351
3297,3371
3297,3408
3297,3717
3297,3871
3297,4071
3297,4384
3297,4401
3297,4940
3297,5179
3297,5404
3297,5529
3297,6032
3297,6414
3297,6596
3297,6618
3297,6634
3297,6759
3297,6918
3297,7021
3297,7059
3297,7063
3297,7092
3297,7620
3304,285
3304,1633
3304,1744
3304,2257
3304,2297
3304,2338
3304,2411
3304,2485
3304,2542
3304,2565
3304,2623
3304,2657
3304,2693
3304,2790
3304,3005
3304,3010
3304,3018
3304,3114
3304,3173
3304,3307
3304,3371
3304,3408
3304,3435
3304,3439
3304,3473
3304,3516
3304,3529
3304,3557
3304,3580
3304,3646
3305,285
3305,2565
3305,3018
3305,3307
3305,4796
3309,1297
3309,2474
3309,4298
3310,1191
3310,2356
3310,2474
3310,2658
3310,4875
3310,5529
3310,6043
3310,6151
3310,6523
3310,6560
3310,6634
3310,6780
3310,7063
3310,7391
3310,7587
3313,1777
3313,2328
3313,2651
3313,3720
3313,3816
3320,3946
3320,5806
3320,6714
3320,7442
3321,2237
3321,2325
3321,3084
3321,3238
3321,3417
3321,3456
3321,3691
3321,4110
3321,4124
3321,4191
3321,4600
3321,4964
3321,4999
3321,5073
3321,5412
3321,7694
3334,1571
3334,2398
3334,2646
3334,3030
3334,3394
3334,3645
3334,3812
3334,4191
3334,4290
3334,4299
3334,5233
3334,7381
3334,7632
3338,1633
3338,2114
3338,3408
3346,2657
3346,3021
3346,3454
3346,4507
3346,4735
3348,1026
3348,3334
3348,3351
3348,3459
3348,4037
3348,5233
3348,5246
3348,5432
3348,5806
3348,6299
3348,6330
3348,6634
3348,7092
3348,7442
3348,7588
3352,72
3352,285
3352,417
3352,465
3352,762
3352,825
3352,827
3352,974
3352,1166
3352,1185
3352,1239
3352,1247
3352,1297
3352,1307
3352,1310
3352,1385
3352,1549
3352,1571
3352,1633
3352,1680
3352,1688
3352,1706
3352,1729
3352,1769
3352,1799
3352,1990
3352,2066
3352,2114
3352,2134
3352,2144
3352,2145
3352,2240
3352,2252
3352,2257
3352,2289
3352,2297
3352,2324
3352,2326
3352,2328
3352,2338
3352,2354
3352,2369
3352,2381
3352,2384
3352,2398
3352,2411
3352,2433
3352,2485
3352,2506
3352,2510
3352,2516
3352,2517
3352,2535
3352,2544
3352,2565
3352,2576
3352,2592
3352,2595
3352,2646
3352,2653
3352,2654
3352,2655
3352,2657
3352,2660
3352,2667
3352,2674
3352,2687
3352,2689
3352,2693
3352,2696
3352,2727
3352,2746
3352,2747
3352,2775
3352,2785
3352,2787
3352,2790
3352,2819
3352,2822
3352,2859
3352,2871
3352,2900
3352,2909
3352,2932
3352,2958
3352,2973
3352,2981
3352,3005
3352,3007
3352,3009
3352,3024
3352,3026
3352,3027
3352,3028
3352,3059
3352,3084
3352,3089
3352,3092
3352,3103
3352,3106
3352,3114
3352,3117
3352,3125
3352,3140
3352,3144
3352,3173
3352,3192
3352,3258
3352,3260
3352,3276
3352,3291
3352,3309
3352,3313
3352,3346
3352,3394
3352,3404
3352,3408
3352,3417
3352,3435
3352,3443
3352,3447
3352,3452
3352,3454
3352,3455
3352,3456
3352,3464
3352,3483
3352,3516
3352,3529
3352,3537
3352,3557
3352,3562
3352,3567
3352,3568
3352,3607
3352,3615
3352,3631
3352,3635
3352,3643
3352,3645
3352,3650
3352,3660
3352,3661
3352,3664
3352,3670
3352,3680
3352,3691
3352,3717
3352,3724
3352,3812
3352,3813
3352,3843
3352,3847
3352,3887
3352,3892
3352,3897
3352,3903
3352,3910
3352,3926
3352,3937
3352,3958
3352,3967
3352,3976
3352,4011
3352,4013
3352,4021
3352,4024
3352,4037
3352,4040
3352,4043
3352,4051
3352,4055
3352,4058
3352,4088
3352,4110
3352,4124
3352,4138
3352,4162
3352,4179
3352,4191
3352,4201
3352,4212
3352,4233
3352,4234
3352,4247
3352,4256
3352,4263
3352,4266
3352,4269
3352,4289
3352,4290
3352,4299
3352,4315
3352,4335
3352,4349
3352,4355
3352,4365
3352,4373
3352,4384
3352,4400
3352,4412
3352,4417
3352,4422
3352,4424
3352,4448
3352,4482
3352,4485
3352,4510
3352,4528
3352,4531
3352,4536
3352,4547
3352,4551
3352,4587
3352,4613
3352,4666
3352,4712
3352,4717
3352,4719
3352,4735
3352,4824
3352,4827
3352,4828
3352,4929
3352,4953
3352,4964
3352,4999
3352,5092
3352,5130
3352,5132
3352,5162
3352,5204
3352,5222
3352,5233
3352,5239
3352,5288
3352,5335
3352,5341
3352,5364
3352,5392
3352,5412
3352,5423
3352,5430
3352,5449
3352,5817
3353,2565
3354,1823
3354,2565
3354,3371
3354,4796
3366,72
3366,1024
3366,1919
3366,2328
3366,2364
3366,2433
3366,2535
3366,2565
3366,2576
3366,2657
3366,2775
3366,3027
3366,3334
3366,3352
3366,3371
3366,3456
3366,3937
3366,3976
3366,4124
3366,4127
3366,4199
3366,4298
3366,4331
3366,4335
3366,4365
3366,4386
3366,4448
3366,4500
3366,4712
3366,4777
3366,4875
3366,5020
3366,5210
3366,5233
3366,5449
3366,5454
3366,5459
3366,5511
3366,5637
3366,5693
3366,5817
3366,6914
3366,7115
3381,1403
3381,1571
3381,1823
3381,2016
3381,2290
3381,2297
3381,2433
3381,2511
3381,2542
3381,2623
3381,2785
3381,2819
3381,2851
3381,2940
3381,3000
3381,3238
3381,3346
3381,3489
3381,3631
3381,3726
3381,3792
3381,3803
3381,3969
3381,4488
3381,4536
3381,4666
3381,4709
3381,4713
3381,4764
3381,4884
3381,4944
3381,5002
3381,5012
3381,5022
3381,5028
3381,5199
3381,5288
3381,5289
3381,5295
3381,5335
3381,5384
3381,5432
3381,5465
3381,5484
3381,5524
3381,5543
3381,5563
3381,5582
3381,5596
3381,5697
3381,5714
3381,5739
3381,5760
3381,5776
3381,5800
3381,5806
3381,5814
3381,5818
3381,5822
3381,5835
3381,5871
3381,5872
3381,5897
3381,5902
3381,5922
3381,5932
3381,5998
3381,6000
3381,6097
3381,6123
3381,6227
3381,6243
3381,6272
3381,6305
3381,6347
3381,6414
3381,6417
3381,6442
3381,6624
3381,6634
3381,6712
3381,6720
3381,6736
3381,6770
3381,6774
3381,6783
3381,6790
3381,6832
3381,6855
3381,6860
3381,6869
3381,6873
3381,6897
3381,6901
3381,6907
3381,6913
3381,6918
3381,6930
3381,6934
3381,6945
3381,6948
3381,6955
3381,6976
3381,7021
3381,7052
3381,7073
3381,7088
3381,7094
3381,7101
3381,7108
3381,7115
3381,7119
3381,7143
3381,7144
3381,7214
3381,7237
3381,7279
3381,7280
3381,7295
3381,7301
3381,7373
3381,7378
3381,7381
3381,7414
3381,7422
3381,7443
3381,7450
3381,7478
3381,7510
3381,7512
3381,7529
3381,7618
3381,7624
3381,7632
3381,7646
3381,7651
3381,7662
3381,7694
3381,7695
3381,7726
3381,7757
3388,737
3388,762
3388,1633
3388,1919
3388,2565
3388,2646
3388,2657
3388,2871
3388,3352
3388,3645
3388,4179
3388,4510
3393,1633
3393,3752
3393,4335
3393,5459
3393,5683
3393,5897
3393,5998
3393,6044
3393,6774
3394,465
3394,737
3394,762
3394,825
3394,827
3394,974
3394,1297
3394,1305
3394,1549
3394,1633
3394,1688
3394,1706
3394,1729
3394,1777
3394,1915
3394,1990
3394,2066
3394,2129
3394,2144
3394,2209
3394,2237
3394,2252
3394,2257
3394,2324
3394,2326
3394,2328
3394,2381
3394,2398
3394,2411
3394,2485
3394,2508
3394,2510
3394,2565
3394,2576
3394,2585
3394,2646
3394,2653
3394,2654
3394,2657
3394,2660
3394,2687
3394,2693
3394,2727
3394,2746
3394,2747
3394,2775
3394,2790
3394,2799
3394,2900
3394,2923
3394,2932
3394,2958
3394,2974
3394,3005
3394,3010
3394,3027
3394,3084
3394,3103
3394,3117
3394,3125
3394,3144
3394,3173
3394,3260
3394,3276
3394,3291
3394,3334
3394,3352
3394,3404
3394,3439
3394,3447
3394,3453
3394,3454
3394,3455
3394,3456
3394,3473
3394,3480
3394,3483
3394,3516
3394,3529
3394,3537
3394,3541
3394,3548
3394,3562
3394,3568
3394,3615
3394,3635
3394,3645
3394,3650
3394,3660
3394,3681
3394,3769
3394,3785
3394,3812
3394,3813
3394,3867
3394,3898
3394,3903
3394,3926
3394,3958
3394,4011
3394,4021
3394,4031
3394,4124
3394,4189
3394,4191
3394,4256
3394,4289
3394,4290
3394,4297
3394,4299
3394,4315
3394,4373
3394,4385
3394,4386
3394,4400
3394,4424
3394,4528
3394,4536
3394,4578
3394,4719
3394,4735
3394,4811
3394,5130
3394,5189
3394,5204
3394,5412
3394,7620
3404,465
3404,737
3404,1297
3404,1688
3404,1799
3404,2114
3404,2257
3404,2290
3404,2324
3404,2485
3404,2585
3404,2623
3404,2654
3404,2657
3404,2667
3404,2693
3404,2727
3404,2747
3404,2819
3404,2822
3404,2909
3404,2973
3404,3010
3404,3027
3404,3059
3404,3089
3404,3103
3404,3114
3404,3148
3404,3238
3404,3352
3404,3408
3404,3417
3404,3454
3404,3480
3404,3489
3404,3529
3404,3548
3404,3587
3404,3643
3404,3650
3404,3680
3404,3792
3404,3897
3404,3903
3404,3910
3404,4138
3404,4289
3404,4448
3404,4482
3404,4712
3404,4884
3404,4940
3404,5100
3404,5106
3404,5341
3404,5430
3404,5465
3404,5839
3404,6555
3404,7092
3404,7624
3417,762
3417,1688
3417,2134
3417,2237
3417,2257
3417,2354
3417,2411
3417,2565
3417,2597
3417,2653
3417,2657
3417,2822
3417,2909
3417,2932
3417,3173
3417,3321
3417,3404
3417,3447
3417,3460
3417,3871
3417,3910
3417,4037
3417,4448
3417,4983
3417,5026
3417,5335
3417,5341
3435,1744
3435,2384
3435,4510
3439,417
3439,825
3439,974
3439,1166
3439,1239
3439,1385
3439,1571
3439,2016
3439,2144
3439,2209
3439,2210
3439,2290
3439,2324
3439,2510
3439,2576
3439,2585
3439,2597
3439,2653
3439,2655
3439,2657
3439,2667
3439,2674
3439,2693
3439,2747
3439,2819
3439,2871
3439,2932
3439,3009
3439,3026
3439,3084
3439,3140
3439,3148
3439,3258
3439,3260
3439,3276
3439,3291
3439,3334
3439,3456
3439,3461
3439,3473
3439,3516
3439,3538
3439,3548
3439,3567
3439,3587
3439,3631
3439,3650
3439,3670
3439,3885
3439,3898
3439,4011
3439,4021
3439,4024
3439,4088
3439,4110
3439,4124
3439,4269
3439,4365
3439,4510
3439,4531
3439,4536
3439,4712
3439,5210
3439,5412
3439,6634
3439,6860
3439,6930
3439,7632
3443,762
3443,2328
3443,2456
3443,2508
3443,2565
3443,2576
3443,2693
3443,2799
3443,3026
3443,3456
3443,3720
3443,3724
3443,3813
3443,4234
3443,4531
3443,5022
3443,5079
3447,737
3447,1305
3447,1310
3447,1549
3447,1688
3447,1799
3447,1823
3447,2237
3447,2258
3447,2326
3447,2328
3447,2354
3447,2364
3447,2369
3447,2456
3447,2576
3447,2592
3447,2605
3447,2658
3447,2775
3447,2822
3447,2831
3447,2871
3447,3027
3447,3034
3447,3089
3447,3092
3447,3103
3447,3238
3447,3276
3447,3291
3447,3297
3447,3309
3447,3321
3447,3334
3447,3352
3447,3417
3447,3452
3447,3453
3447,3455
3447,3456
3447,3458
3447,3459
3447,3464
3447,3537
3447,3635
3447,3664
3447,3752
3447,3796
3447,3843
3447,3897
3447,3898
3447,3910
3447,3958
3447,4011
3447,4037
3447,4040
3447,4044
3447,4065
3447,4124
3447,4127
3447,4189
3447,4191
3447,4212
3447,4261
3447,4266
3447,4298
3447,4335
3447,4355
3447,4361
3447,4400
3447,4448
3447,4530
3447,4547
3447,4551
3447,4587
3447,4588
3447,4653
3447,4661
3447,4662
3447,4666
3447,4712
3447,4713
3447,4717
3447,4735
3447,4777
3447,4778
3447,4780
3447,4792
3447,4796
3447,4814
3447,4827
3447,4828
3447,4846
3447,4879
3447,4953
3447,4964
3447,4983
3447,4986
3447,4999
3447,5002
3447,5020
3447,5055
3447,5058
3447,5079
3447,5106
3447,5144
3447,5162
3447,5179
3447,5189
3447,5204
3447,5288
3447,5295
3447,5341
3447,5364
3447,5432
3447,5449
3447,5459
3447,5506
3447,5524
3447,5529
3447,5543
3447,5563
3447,5596
3447,5605
3447,5637
3447,5640
3447,5683
3447,5697
3447,5760
3447,5800
3447,5811
3447,5814
3447,5818
3447,5829
3447,5871
3447,5932
3447,5998
3447,6044
3447,6097
3447,6241
3447,6270
3447,6272
3447,6299
3447,6305
3447,6327
3447,6330
3447,6414
3447,6555
3447,6618
3447,6634
3447,6714
3447,6720
3447,6736
3447,6765
3447,6832
3447,6873
3447,6907
3447,6913
3447,6914
3447,6934
3447,6946
3447,6953
3447,6955
3447,6979
3447,7012
3447,7021
3447,7052
3447,7092
3447,7101
3447,7108
3447,7144
3447,7186
3447,7351
3447,7381
3447,7414
3447,7510
3447,7662
3447,7694
3451,1185
3451,1360
3451,1385
3451,1729
3451,2066
3451,2129
3451,2144
3451,2289
3451,2326
3451,2456
3451,2506
3451,2517
3451,2565
3451,2612
3451,2653
3451,2811
3451,2871
3451,2932
3451,2958
3451,2981
3451,3073
3451,3140
3451,3144
3451,3309
3451,3321
3451,3346
3451,3439
3451,3453
3451,3454
3451,3460
3451,3464
3451,3635
3451,3645
3451,3660
3451,3813
3451,3956
3451,3958
3451,4040
3451,4043
3451,4055
3451,4103
3451,4110
3451,4162
3451,4179
3451,4191
3451,4201
3451,4212
3451,4231
3451,4234
3451,4263
3451,4266
3451,4269
3451,4289
3451,4297
3451,4331
3451,4335
3451,4349
3451,4365
3451,4373
3451,4384
3451,4385
3451,4386
3451,4417
3451,4422
3451,4557
3451,4661
3451,4662
3451,4666
3451,4735
3451,4778
3451,4780
3451,4796
3451,4808
3451,4811
3451,4827
3451,4875
3452,737
3452,762
3452,1024
3452,1305
3452,1310
3452,1360
3452,1403
3452,1688
3452,1769
3452,1799
3452,2237
3452,2240
3452,2328
3452,2354
3452,2381
3452,2456
3452,2516
3452,2535
3452,2565
3452,2605
3452,2696
3452,2787
3452,2790
3452,2831
3452,2871
3452,3073
3452,3092
3452,3103
3452,3125
3452,3321
3452,3352
3452,3417
3452,3439
3452,3443
3452,3447
3452,3453
3452,3455
3452,3456
3452,3464
3452,3537
3452,3635
3452,3643
3452,3748
3452,3796
3452,3812
3452,3813
3452,3854
3452,3910
3452,3958
3452,4040
3452,4124
3452,4179
3452,4191
3452,4201
3452,4212
3452,4266
3452,4297
3452,4298
3452,4349
3452,4400
3452,4424
3452,4528
3452,4530
3452,4551
3452,4588
3452,4600
3452,4653
3452,4661
3452,4706
3452,4712
3452,4719
3452,4792
3452,4811
3452,4827
3452,4875
3452,4929
3452,4938
3452,4964
3452,4999
3452,5020
3452,5055
3452,5092
3452,5106
3452,5132
3452,5162
3452,5288
3452,5335
3452,5392
3452,5412
3452,5449
3452,5454
3452,5459
3452,5539
3452,5592
3452,5651
3452,5693
3453,72
3453,346
3453,737
3453,1024
3453,1026
3453,1185
3453,1247
3453,1305
3453,1310
3453,1360
3453,1385
3453,1549
3453,1680
3453,1688
3453,1769
3453,1799
3453,2144
3453,2145
3453,2237
3453,2240
3453,2258
3453,2326
3453,2354
3453,2364
3453,2369
3453,2381
3453,2398
3453,2433
3453,2456
3453,2516
3453,2517
3453,2565
3453,2576
3453,2592
3453,2605
3453,2646
3453,2689
3453,2696
3453,2775
3453,2785
3453,2790
3453,2811
3453,2822
3453,2831
3453,2871
3453,2909
3453,3002
3453,3027
3453,3034
3453,3073
3453,3089
3453,3092
3453,3103
3453,3106
3453,3125
3453,3140
3453,3144
3453,3238
3453,3284
3453,3291
3453,3309
3453,3321
3453,3334
3453,3352
3453,3393
3453,3417
3453,3443
3453,3447
3453,3452
3453,3454
3453,3456
3453,3459
3453,3460
3453,3464
3453,3537
3453,3557
3453,3568
3453,3607
3453,3635
3453,3643
3453,3691
3453,3748
3453,3796
3453,3806
3453,3812
3453,3813
3453,3843
3453,3854
3453,3897
3453,3898
3453,3910
3453,3956
3453,3958
3453,4011
3453,4037
3453,4040
3453,4044
3453,4065
3453,4072
3453,4098
3453,4103
3453,4124
3453,4191
3453,4212
3453,4261
3453,4266
3453,4297
3453,4298
3453,4299
3453,4315
3453,4335
3453,4355
3453,4400
3453,4417
3453,4448
3453,4463
3453,4468
3453,4482
3453,4485
3453,4488
3453,4528
3453,4530
3453,4531
3453,4536
3453,4547
3453,4551
3453,4578
3453,4587
3453,4600
3453,4613
3453,4653
3453,4661
3453,4662
3453,4706
3453,4709
3453,4712
3453,4717
3453,4719
3453,4735
3453,4792
3453,4796
3453,4808
3453,4811
3453,4814
3453,4824
3453,4827
3453,4828
3453,4875
3453,4879
3453,4929
3453,4938
3453,4964
3453,4981
3453,4983
3453,4986
3453,4999
3453,5020
3453,5022
3453,5026
3453,5028
3453,5055
3453,5058
3453,5073
3453,5079
3453,5092
3453,5100
3453,5106
3453,5130
3453,5144
3453,5162
3453,5189
3453,5204
3453,5210
3453,5215
3453,5222
3453,5233
3453,5239
3453,5335
3453,5341
3453,5392
3453,5412
3453,5430
3453,5454
3453,5459
3453,5484
3453,5506
3453,5524
3453,5539
3453,5543
3453,5605
3453,5637
3453,5650
3453,5651
3453,5693
3453,5714
3453,5739
3453,5800
3453,5802
3453,5811
3453,5817
3453,5822
3453,5829
3453,5871
3453,6272
3453,6347
3453,6496
3453,6770
3453,6832
3453,6875
3453,6979
3453,7225
3453,7238
3453,7553
3453,7620
3453,7624
3453,7632
3454,737
3454,762
3454,825
3454,1185
3454,1239
3454,1305
3454,1307
3454,1310
3454,1385
3454,1549
3454,1688
3454,1706
3454,1729
3454,1769
3454,1990
3454,2014
3454,2129
3454,2134
3454,2144
3454,2210
3454,2237
3454,2289
3454,2328
3454,2384
3454,2398
3454,2456
3454,2506
3454,2517
3454,2535
3454,2565
3454,2595
3454,2612
3454,2653
3454,2657
3454,2693
3454,2775
3454,2790
3454,2811
3454,2859
3454,2871
3454,2917
3454,2932
3454,2958
3454,2981
3454,3028
3454,3084
3454,3117
3454,3125
3454,3260
3454,3276
3454,3313
3454,3321
3454,3334
3454,3352
3454,3394
3454,3439
3454,3443
3454,3447
3454,3452
3454,3455
3454,3464
3454,3537
3454,3557
3454,3568
3454,3615
3454,3635
3454,3643
3454,3645
3454,3660
3454,3680
3454,3724
3454,3806
3454,3813
3454,3843
3454,3854
3454,3887
3454,3898
3454,3926
3454,3937
3454,3956
3454,3958
3454,3976
3454,4011
3454,4013
3454,4037
3454,4040
3454,4043
3454,4044
3454,4058
3454,4072
3454,4103
3454,4124
3454,4138
3454,4162
3454,4179
3454,4191
3454,4212
3454,4261
3454,4263
3454,4269
3454,4289
3454,4290
3454,4297
3454,4299
3454,4331
3454,4335
3454,4384
3454,4412
3454,4424
3454,4463
3454,4485
3454,4510
3454,4528
3454,4531
3454,4551
3454,4557
3454,4578
3454,4613
3454,4661
3454,4662
3454,4666
3454,4719
3454,4735
3454,4796
3454,4808
3454,4811
3454,4814
3454,4875
3454,4938
3454,4953
3454,4999
3454,5026
3454,5055
3455,1024
3455,1185
3455,1305
3455,1310
3455,1680
3455,1769
3455,2014
3455,2144
3455,2145
3455,2326
3455,2364
3455,2516
3455,2517
3455,2696
3455,2775
3455,2787
3455,2790
3455,2871
3455,3002
3455,3034
3455,3073
3455,3276
3455,3284
3455,3321
3455,3334
3455,3443
3455,3447
3455,3453
3455,3460
3455,3464
3455,3537
3455,3643
3455,3748
3455,3843
3455,3898
3455,3958
3455,4044
3455,4072
3455,4124
3455,4189
3455,4191
3455,4212
3455,4297
3455,4547
3455,4551
3455,4588
3455,4646
3455,4661
3455,4666
3455,4735
3455,4792
3455,4820
3455,4828
3455,4938
3455,4953
3455,5026
3455,5055
3455,5073
3455,5092
3455,5100
3455,5817
3456,737
3456,1305
3456,1310
3456,1360
3456,1385
3456,1498
3456,1549
3456,1688
3456,1729
3456,1769
3456,1799
3456,1982
3456,1990
3456,2014
3456,2144
3456,2145
3456,2240
3456,2289
3456,2328
3456,2354
3456,2364
3456,2369
3456,2381
3456,2386
3456,2398
3456,2433
3456,2456
3456,2516
3456,2565
3456,2576
3456,2592
3456,2612
3456,2658
3456,2689
3456,2696
3456,2775
3456,2787
3456,2811
3456,2822
3456,2831
3456,2871
3456,3027
3456,3034
3456,3089
3456,3092
3456,3103
3456,3125
3456,3140
3456,3144
3456,3192
3456,3238
3456,3291
3456,3321
3456,3352
3456,3417
3456,3439
3456,3443
3456,3447
3456,3452
3456,3453
3456,3454
3456,3458
3456,3459
3456,3460
3456,3464
3456,3537
3456,3568
3456,3607
3456,3635
3456,3645
3456,3660
3456,3661
3456,3664
3456,3691
3456,3748
3456,3792
3456,3796
3456,3806
3456,3812
3456,3843
3456,3897
3456,3910
3456,3958
3456,4011
3456,4044
3456,4072
3456,4124
3456,4138
3456,4191
3456,4256
3456,4263
3456,4269
3456,4289
3456,4290
3456,4297
3456,4299
3456,4361
3456,4384
3456,4385
3456,4400
3456,4417
3456,4422
3456,4424
3456,4448
3456,4453
3456,4463
3456,4485
3456,4510
3456,4531
3456,4536
3456,4557
3456,4578
3456,4587
3456,4588
3456,4600
3456,4605
3456,4613
3456,4653
3456,4706
3456,4709
3456,4712
3456,4719
3456,4735
3456,4792
3456,4827
3456,4828
3456,4929
3456,4938
3456,4964
3456,4999
3456,5002
3456,5020
3456,5026
3456,5028
3456,5055
3456,5079
3456,5092
3456,5100
3456,5106
3456,5130
3456,5132
3456,5144
3456,5204
3456,5210
3456,5246
3456,5295
3456,5335
3456,5412
3456,5421
3456,5430
3456,5449
3456,5459
3456,5524
3456,5543
3456,5596
3456,5605
3456,5640
3456,5697
3456,5714
3456,5739
3456,5760
3456,5800
3456,5822
3456,5829
3456,5839
3456,5897
3456,5902
3456,6496
3456,6523
3456,6560
3456,6736
3456,6832
3456,6869
3456,6907
3456,7214
3456,7225
3456,7400
3456,7414
3456,7450
3456,7553
3456,7620
3457,1024
3457,1157
3457,1191
3457,1297
3457,1305
3457,1360
3457,1385
3457,1498
3457,1688
3457,1706
3457,1729
3457,1799
3457,1915
3457,2066
3457,2114
3457,2129
3457,2144
3457,2160
3457,2257
3457,2289
3457,2326
3457,2364
3457,2369
3457,2381
3457,2398
3457,2485
3457,2516
3457,2565
3457,2612
3457,2654
3457,2657
3457,2686
3457,2775
3457,2787
3457,2790
3457,2799
3457,2811
3457,2822
3457,2851
3457,2871
3457,2900
3457,2923
3457,3002
3457,3027
3457,3028
3457,3073
3457,3084
3457,3092
3457,3103
3457,3117
3457,3125
3457,3140
3457,3144
3457,3192
3457,3276
3457,3297
3457,3352
3457,3404
3457,3417
3457,3455
3457,3461
3457,3464
3457,3537
3457,3541
3457,3547
3457,3568
3457,3607
3457,3609
3457,3650
3457,3661
3457,3680
3457,3726
3457,3785
3457,3812
3457,3843
3457,3856
3457,3871
3457,3887
3457,3892
3457,3946
3457,4124
3457,4199
3457,4290
3457,4298
3457,4315
3457,4335
3457,4417
3457,4422
3457,4468
3457,4510
3457,4536
3457,4557
3457,4558
3457,4562
3457,4583
3457,4648
3457,4706
3457,4719
3457,4778
3457,4827
3457,4828
3457,4875
3457,4879
3457,4938
3457,5026
3457,5073
3457,5092
3457,5179
3457,5215
3457,5239
3457,5288
3457,5289
3457,5341
3457,5430
3457,5432
3457,5500
3457,5800
3457,6004
3457,6123
3457,6833
3457,6914
3457,7115
3457,7131
3457,7237
3457,7400
3457,7442
3457,7478
3457,7561
3457,7587
3458,737
3458,1024
3458,1744
3458,2114
3458,2257
3458,2485
3458,2508
3458,2510
3458,2654
3458,2657
3458,2686
3458,2727
3458,2871
3458,2923
3458,2958
3458,3002
3458,3005
3458,3026
3458,3447
3458,3453
3458,3454
3458,3456
3458,3464
3458,3480
3458,3520
3458,3529
3458,3537
3458,3843
3458,3847
3458,3887
3458,3892
3458,3897
3458,3903
3458,3976
3458,4055
3458,4162
3458,4179
3458,4547
3458,4551
3458,4828
3458,5002
3458,5055
3458,5073
3458,5412
3458,5421
3458,5897
3458,7618
3459,1549
3459,1799
3459,2398
3459,2516
3459,3027
3459,3089
3459,3103
3459,3456
3459,3464
3459,3643
3459,3830
3459,3897
3459,3898
3459,3910
3459,3976
3459,4355
3459,4400
3459,4448
3459,4600
3459,4653
3459,4712
3459,4764
3459,4875
3459,4929
3459,4986
3459,5144
3459,5199
3459,5321
3459,5449
3459,5484
3459,5506
3459,5524
3459,5559
3459,5596
3459,5739
3459,5811
3459,5839
3459,5871
3459,6198
3459,6272
3459,6299
3459,6665
3459,6832
3459,6869
3459,7116
3459,7301
3460,2326
3460,3238
3460,3464
3460,3830
3460,4463
3460,4662
3460,4875
3460,5073
3460,5210
3460,5289
3460,5596
3460,5829
3460,6347
3460,7131
3460,7510
3461,72
3461,1185
3461,1247
3461,1548
3461,2066
3461,2144
3461,2252
3461,2326
3461,2398
3461,2787
3461,2811
3461,2917
3461,3034
3461,3073
3461,3089
3461,3140
3461,3321
3461,3447
3461,3454
3461,3455
3461,3456
3461,3464
3461,3557
3461,3607
3461,3631
3461,3643
3461,3796
3461,3898
3461,3956
3461,4011
3461,4037
3461,4040
3461,4044
3461,4055
3461,4072
3461,4098
3461,4110
3461,4191
3461,4256
3461,4266
3461,4269
3461,4297
3461,4335
3461,4536
3461,4578
3461,4587
3461,4613
3461,4631
3461,4646
3461,4648
3461,4666
3461,4713
3461,4777
3461,4778
3461,4808
3461,4811
3461,4828
3461,4875
3461,4964
3461,4986
3461,5189
3461,5215
3461,5321
3461,5449
3461,5452
3461,5454
3461,5539
3461,5559
3461,5563
3461,5568
3461,5592
3461,5651
3461,5683
3461,5693
3477,827
3477,1706
3477,2209
3477,2210
3477,2252
3477,2257
3477,2411
3477,2485
3477,2508
3477,2510
3477,2535
3477,2565
3477,2585
3477,2595
3477,2597
3477,2623
3477,2653
3477,2654
3477,2674
3477,2687
3477,2727
3477,2746
3477,2747
3477,3005
3477,3010
3477,3024
3477,3117
3477,3173
3477,3260
3477,3404
3477,3506
3477,3529
3477,3557
3477,3587
3477,3646
3477,3650
3477,3681
3477,3812
3477,3816
3477,3843
3477,3847
3477,3937
3477,3946
3477,3967
3477,4021
3477,4024
3480,1915
3480,2506
3480,2654
3480,2657
3480,2660
3480,2687
3480,2727
3480,2775
3480,2973
3480,3007
3480,3352
3480,3458
3480,3541
3480,3650
3480,3681
3480,4201
3480,4735
3483,1247
3483,1990
3483,2144
3483,2209
3483,2654
3483,2657
3483,2674
3483,2687
3483,2831
3483,3026
3483,3276
3483,3393
3483,3417
3483,3897
3483,5430
3483,5484
3483,5545
3519,737
3519,1549
3519,2134
3519,2145
3519,2237
3519,2328
3519,2398
3519,2485
3519,2516
3519,2565
3519,2576
3519,2585
3519,2595
3519,2657
3519,2686
3519,2693
3519,2746
3519,2831
3519,2871
3519,3007
3519,3024
3519,3026
3519,3028
3519,3084
3519,3092
3519,3117
3519,3258
3519,3291
3519,3352
3519,3443
3519,3456
3519,3529
3519,3568
3519,3615
3519,3661
3519,3796
3519,3892
3519,4191
3519,4247
3519,4263
3519,4400
3519,4448
3519,4587
3519,4600
3519,5144
3519,5459
3520,3529
3522,2134
3522,2328
3522,2364
3522,2384
3522,2398
3522,2565
3522,2851
3522,2958
3522,3192
3522,3291
3522,3334
3522,3393
3522,3394
3522,3447
3522,3453
3522,3455
3522,3456
3522,3529
3522,3557
3522,3650
3522,3691
3522,3806
3522,3910
3522,3976
3522,4044
3522,4124
3522,4510
3522,4551
3522,4558
3522,4620
3522,4631
3522,4661
3522,4824
3522,4875
3522,5020
3522,5073
3522,5179
3522,5233
3522,5454
3522,5511
3522,5543
3522,5640
3522,5683
3522,5697
3522,5818
3522,5902
3522,6327
3522,6634
3522,6770
3522,7225
3527,465
3527,827
3527,840
3527,1297
3527,1403
3527,1706
3527,1777
3527,1915
3527,2114
3527,2257
3527,2411
3527,2485
3527,2508
3527,2544
3527,2565
3527,2585
3527,2657
3527,2686
3527,2727
3527,2785
3527,3007
3527,3010
3527,3024
3527,3026
3527,3028
3527,3059
3527,3084
3527,3117
3527,3200
3527,3260
3527,3352
3527,3480
3527,3483
3527,3529
3527,3576
3527,3631
3527,3646
3527,3650
3527,3803
3527,3804
3527,3812
3527,3871
3527,3887
3527,3892
3527,3893
3527,3903
3527,3926
3527,3937
3527,3946
3527,3967
3527,5012
3527,5288
3527,5484
3527,6560
3527,6994
3527,7108
3527,7214
3528,1166
3528,1297
3528,2257
3528,2411
3528,2565
3528,2654
3528,2923
3528,2973
3528,3024
3528,3276
3528,3804
3538,6720
3541,762
3541,825
3541,1239
3541,1915
3541,1935
3541,2066
3541,2114
3541,2145
3541,2210
3541,2307
3541,2506
3541,2508
3541,2544
3541,2565
3541,2585
3541,2595
3541,2646
3541,2653
3541,2655
3541,2657
3541,2660
3541,2667
3541,2686
3541,2727
3541,2746
3541,2859
3541,2900
3541,2923
3541,2958
3541,3005
3541,3007
3541,3026
3541,3028
3541,3059
3541,3084
3541,3117
3541,3200
3541,3260
3541,3276
3541,3394
3541,3404
3541,3454
3541,3480
3541,3562
3541,3576
3541,3645
3541,3650
3541,3680
3541,3803
3541,3807
3541,3812
3541,3847
3541,3849
3541,3871
3541,3887
3541,3892
3541,3893
3541,3903
3541,3926
3541,3937
3541,3967
3541,4011
3541,4021
3541,4024
3541,4055
3541,4110
3541,4162
3541,4179
3541,4191
3541,4256
3541,4417
3541,4424
3541,4578
3557,2257
3557,2799
3557,3028
3557,3084
3557,3615
3557,3645
3557,3871
3557,4199
3557,4558
3557,4562
3560,1297
3560,2516
3560,2565
3560,2597
3560,2653
3560,2667
3560,2923
3560,3125
3560,3320
3560,3803
3560,3843
3560,4299
3560,4463
3560,4485
3562,465
3562,825
3562,974
3562,1166
3562,1297
3562,1549
3562,1935
3562,1990
3562,2066
3562,2210
3562,2328
3562,2506
3562,2585
3562,2657
3562,2667
3562,2674
3562,2727
3562,2746
3562,2958
3562,2973
3562,3005
3562,3024
3562,3260
3562,3537
3562,3541
3562,3580
3562,3650
3562,3807
3562,3892
3562,4021
3562,4124
3562,4191
3562,4256
3562,6832
3562,7632
3567,2324
3567,2384
3567,2485
3567,2565
3567,2595
3567,2654
3567,2657
3567,2667
3567,2981
3567,3148
3567,3670
3567,3680
3567,3717
3567,4043
3567,4335
3567,4929
3568,737
3568,825
3568,827
3568,1185
3568,1239
3568,1307
3568,1688
3568,1990
3568,2066
3568,2134
3568,2257
3568,2328
3568,2384
3568,2398
3568,2485
3568,2506
3568,2516
3568,2576
3568,2585
3568,2612
3568,2653
3568,2657
3568,2822
3568,2831
3568,2859
3568,2871
3568,2900
3568,2932
3568,2958
3568,2981
3568,3010
3568,3103
3568,3114
3568,3125
3568,3192
3568,3258
3568,3321
3568,3334
3568,3352
3568,3394
3568,3417
3568,3439
3568,3443
3568,3454
3568,3456
3568,3460
3568,3537
3568,3557
3568,3562
3568,3615
3568,3635
3568,3645
3568,3660
3568,3661
3568,3720
3568,3787
3568,3796
3568,3812
3568,3813
3568,3843
3568,3897
3568,3910
3568,3946
3568,4011
3568,4013
3568,4021
3568,4040
3568,4043
3568,4051
3568,4055
3568,4072
3568,4088
3568,4098
3568,4103
3568,4110
3568,4124
3568,4138
3568,4162
3568,4179
3568,4189
3568,4191
3568,4201
3568,4233
3568,4256
3568,4261
3568,4263
3568,4269
3568,4289
3568,4297
3568,4299
3568,4335
3568,4373
3568,4417
3568,4448
3568,4530
3568,4536
3568,4547
3568,4551
3568,4578
3568,4605
3568,4653
3568,4662
3568,4706
3568,4712
3568,4735
3568,4811
3568,4953
3568,4999
3568,5130
3568,5404
3568,5459
3568,5484
3568,5509
3569,1297
3569,1549
3569,1777
3569,2114
3569,2210
3569,2485
3569,2508
3569,2565
3569,2653
3569,2654
3569,2657
3569,2693
3569,2747
3569,2900
3569,3026
3569,3059
3569,3148
3569,3173
3569,3200
3569,3352
3569,3537
3569,3541
3569,3557
3569,3580
3569,3646
3569,3650
3569,3680
3569,3720
3569,3803
3569,3804
3569,3807
3569,3871
3569,3926
3569,3937
3569,3946
3569,4021
3569,4043
3569,4653
3569,5484
3569,5814
3569,6347
3576,2252
3576,3026
3576,6855
3587,1026
3587,1166
3587,2324
3587,2674
3587,3459
3587,4488
3587,5022
3587,6388
3587,6850
3587,6855
3587,6869
3587,7567
3597,2066
3597,2328
3597,2485
3597,2565
3597,2696
3597,2747
3597,3010
3597,3026
3597,3059
3597,3173
3597,3192
3597,3404
3597,3681
3607,762
3607,974
3607,2145
3607,2237
3607,2328
3607,2516
3607,2535
3607,2851
3607,3352
3607,3456
3607,4037
3607,4953
3607,5022
3607,5233
3607,5543
3607,6327
3607,6770
3607,6833
3607,7143
3615,465
3615,762
3615,825
3615,827
3615,1297
3615,1307
3615,1549
3615,1688
3615,1706
3615,1729
3615,1769
3615,1915
3615,1990
3615,2066
3615,2144
3615,2145
3615,2237
3615,2240
3615,2252
3615,2307
3615,2328
3615,2381
3615,2398
3615,2411
3615,2508
3615,2516
3615,2535
3615,2544
3615,2592
3615,2595
3615,2646
3615,2653
3615,2655
3615,2657
3615,2686
3615,2746
3615,2859
3615,2871
3615,2932
3615,2981
3615,3007
3615,3024
3615,3026
3615,3059
3615,3117
3615,3125
3615,3140
3615,3192
3615,3200
3615,3258
3615,3260
3615,3291
3615,3352
3615,3394
3615,3404
3615,3439
3615,3443
3615,3452
3615,3453
3615,3455
3615,3456
3615,3483
3615,3541
3615,3557
3615,3562
3615,3568
3615,3607
3615,3635
3615,3645
3615,3650
3615,3660
3615,3664
3615,3691
3615,3720
3615,3796
3615,3803
3615,3804
3615,3806
3615,3807
3615,3812
3615,3843
3615,3847
3615,3887
3615,3893
3615,3903
3615,3910
3615,3926
3615,3937
3615,3946
3615,3956
3615,3967
3615,3969
3615,4013
3615,4024
3615,4043
3615,4044
3615,4055
3615,4098
3615,4124
3615,4179
3615,4233
3615,4256
3615,4263
3615,4269
3615,4289
3615,4290
3615,4299
3615,4349
3615,4365
3615,4384
3615,4417
3615,4422
3615,4424
3615,4463
3615,4485
3615,4531
3615,4547
3615,4578
3615,4587
3615,4666
3615,4953
3615,5130
3615,5132
3615,5210
3615,5817
3615,7683
3624,72
3624,825
3624,1247
3624,1744
3624,1990
3624,2210
3624,2237
3624,2240
3624,2485
3624,2516
3624,2544
3624,2565
3624,2595
3624,2653
3624,2655
3624,2657
3624,2746
3624,2831
3624,2871
3624,2900
3624,2909
3624,2973
3624,2981
3624,3007
3624,3024
3624,3026
3624,3125
3624,3334
3624,3404
3624,3461
3624,3568
3624,3660
3624,3892
3624,4021
3624,4024
3624,4031
3624,4043
3624,4110
3624,4162
3624,4191
3624,4290
3624,4299
3624,4335
3624,4384
3624,4422
3624,4448
3624,4485
3624,4528
3624,4587
3624,5459
3624,5545
3624,5637
3631,72
3631,737
3631,762
3631,1307
3631,1549
3631,2066
3631,2145
3631,2258
3631,2328
3631,2364
3631,2369
3631,2381
3631,2398
3631,2433
3631,2517
3631,2535
3631,2544
3631,2653
3631,2790
3631,2859
3631,3007
3631,3026
3631,3084
3631,3192
3631,3258
3631,3276
3631,3313
3631,3352
3631,3452
3631,3456
3631,3562
3631,3568
3631,3615
3631,3650
3631,3660
3631,3787
3631,3812
3631,3813
3631,3816
3631,3871
3631,3910
3631,3937
3631,3946
3631,3967
3631,4011
3631,4024
3631,4037
3631,4103
3631,4117
3631,4179
3631,4199
3631,4231
3631,4233
3631,4290
3631,4297
3631,4335
3631,4349
3631,4424
3631,4510
3631,4661
3631,4735
3631,4846
3631,5022
3631,5055
3631,5392
3631,5412
3631,5449
3631,5509
3631,5539
3631,5568
3631,5592
3631,5817
3631,6004
3631,6918
3631,7391
3631,7553
3633,1549
3633,1777
3633,1915
3633,2066
3633,2114
3633,2252
3633,2384
3633,2411
3633,2508
3633,2565
3633,2585
3633,2657
3633,2746
3633,2923
3633,3028
3633,3117
3633,3260
3633,3480
3633,3557
3633,3576
3633,3650
3633,3680
3633,3720
3633,3803
3633,3804
3633,3807
3633,3812
3633,3871
3633,3887
3633,3893
3633,3898
3633,3926
3633,3946
3633,4011
3633,4013
3633,4021
3633,4110
3633,4162
3633,4201
3633,4349
3633,5404
3635,827
3635,1157
3635,1729
3635,2066
3635,2129
3635,2289
3635,2328
3635,2535
3635,2595
3635,2655
3635,2746
3635,2932
3635,2958
3635,3007
3635,3117
3635,3192
3635,3276
3635,3291
3635,3352
3635,3394
3635,3439
3635,3454
3635,3562
3635,3568
3635,3615
3635,3631
3635,3650
3635,3660
3635,3787
3635,3813
3635,3926
3635,3937
3635,3967
3635,4013
3635,4138
3635,4191
3635,4201
3635,4233
3635,4247
3635,4256
3635,4290
3635,4297
3635,4331
3635,4373
3635,4384
3635,4386
3635,4453
3635,4875
3635,6243
3635,7054
3635,7378
3641,72
3641,465
3641,737
3641,762
3641,825
3641,1026
3641,1307
3641,1385
3641,1549
3641,1680
3641,1688
3641,1769
3641,2066
3641,2134
3641,2144
3641,2145
3641,2160
3641,2210
3641,2307
3641,2326
3641,2328
3641,2398
3641,2433
3641,2516
3641,2544
3641,2565
3641,2576
3641,2653
3641,2696
3641,2746
3641,2790
3641,2822
3641,2831
3641,2851
3641,2859
3641,2900
3641,2909
3641,2917
3641,2958
3641,3002
3641,3024
3641,3026
3641,3027
3641,3059
3641,3084
3641,3089
3641,3103
3641,3117
3641,3192
3641,3238
3641,3258
3641,3260
3641,3334
3641,3352
3641,3393
3641,3404
3641,3417
3641,3439
3641,3454
3641,3456
3641,3459
3641,3460
3641,3537
3641,3562
3641,3568
3641,3607
3641,3615
3641,3631
3641,3643
3641,3650
3641,3720
3641,3724
3641,3748
3641,3792
3641,3796
3641,3813
3641,3854
3641,3897
3641,3898
3641,3946
3641,3962
3641,3969
3641,4021
3641,4037
3641,4044
3641,4065
3641,4110
3641,4124
3641,4162
3641,4179
3641,4191
3641,4247
3641,4269
3641,4297
3641,4298
3641,4335
3641,4349
3641,4400
3641,4488
3641,4536
3641,4547
3641,4587
3641,4600
3641,4632
3641,4653
3641,4662
3641,4709
3641,4712
3641,4713
3641,4764
3641,4811
3641,4828
3641,4846
3641,4884
3641,4929
3641,5022
3641,5037
3641,5073
3641,5079
3641,5189
3641,5295
3641,5321
3641,5335
3641,5404
3641,5412
3641,5449
3641,5452
3641,5454
3641,5459
3641,5484
3641,5506
3641,5524
3641,5543
3641,5563
3641,5596
3641,5605
3641,5693
3641,5697
3641,5714
3641,5739
3641,5800
3641,5802
3641,5811
3641,5818
3641,5829
3641,5871
3641,6004
3641,6123
3641,6227
3641,6272
3641,6347
3641,6417
3641,6560
3641,6613
3641,6770
3641,6783
3641,6855
3641,6860
3641,6869
3641,6897
3641,6901
3641,6930
3641,6934
3641,6948
3641,6955
3641,7092
3641,7108
3641,7632
3643,72
3643,737
3643,1385
3643,2144
3643,2354
3643,2398
3643,2605
3643,2790
3643,3024
3643,3089
3643,3260
3643,3321
3643,3417
3643,3461
3643,3645
3643,3650
3643,3748
3643,3796
3643,3946
3643,3956
3643,3967
3643,4191
3643,4297
3643,4298
3643,4530
3643,4578
3643,4712
3643,5452
3643,6765
3645,737
3645,825
3645,827
3645,1239
3645,2066
3645,2210
3645,2289
3645,2328
3645,2646
3645,2653
3645,2746
3645,2859
3645,2958
3645,3125
3645,3144
3645,3260
3645,3291
3645,3439
3645,3562
3645,3568
3645,3650
3645,3720
3645,3816
3645,4021
3645,4110
3645,4162
3645,4179
3645,4263
3645,4299
3645,4365
3645,4373
3645,4417
3645,4422
3645,4463
3645,4510
3645,4528
3645,4531
3646,825
3646,1777
3646,2210
3646,2657
3646,2958
3646,2981
3646,3650
3646,4021
3660,762
3660,1157
3660,1307
3660,1385
3660,1769
3660,1777
3660,1990
3660,2066
3660,2252
3660,2289
3660,2508
3660,2516
3660,2535
3660,2544
3660,2565
3660,2653
3660,2654
3660,2696
3660,2900
3660,2923
3660,2958
3660,3002
3660,3117
3660,3144
3660,3260
3660,3276
3660,3291
3660,3352
3660,3394
3660,3447
3660,3557
3660,3562
3660,3568
3660,3607
3660,3615
3660,3631
3660,3645
3660,3646
3660,3720
3660,3724
3660,3804
3660,3806
3660,3813
3660,3854
3660,3887
3660,3967
3660,4013
3660,4021
3660,4037
3660,4051
3660,4088
3660,4110
3660,4124
3660,4138
3660,4191
3660,4201
3660,4234
3660,4247
3660,4256
3660,4289
3660,4297
3660,4299
3660,4349
3660,4365
3660,4373
3660,4384
3660,4422
3660,4424
3660,4453
3660,4463
3660,4485
3660,4510
3660,4528
3660,4531
3660,4820
3660,4938
3660,4953
3660,4983
3660,5092
3660,5130
3660,5132
3661,825
3661,1706
3661,1729
3661,2066
3661,2134
3661,2210
3661,2328
3661,2746
3661,2923
3661,3007
3661,3024
3661,3026
3661,3192
3661,3200
3661,3260
3661,3352
3661,3562
3661,3568
3661,3615
3661,3631
3661,3812
3661,3871
3661,3903
3661,3926
3661,3937
3661,3967
3661,4043
3661,4289
3661,4365
3664,3352
3678,1777
3678,1915
3678,1935
3678,2114
3678,2565
3678,2686
3678,2727
3678,2923
3678,3059
3678,3404
3678,3480
3678,3483
3678,3680
3678,3847
3678,3856
3678,3871
3681,2654
3682,825
3682,827
3682,1157
3682,1239
3682,1307
3682,1549
3682,1744
3682,1777
3682,1915
3682,1935
3682,2066
3682,2114
3682,2328
3682,2433
3682,2508
3682,2565
3682,2653
3682,2655
3682,2657
3682,2686
3682,2859
3682,2900
3682,2981
3682,3024
3682,3260
3682,3276
3682,3291
3682,3394
3682,3404
3682,3483
3682,3541
3682,3562
3682,3681
3682,3769
3682,3787
3682,3803
3682,3806
3682,3813
3682,3816
3682,3847
3682,3871
3682,3887
3682,3898
3682,3926
3682,3937
3682,3946
3682,3967
3682,4024
3682,4088
3682,4110
3682,4162
3682,4201
3682,4233
3682,4247
3682,4256
3682,4269
3682,4289
3682,4331
3682,4373
3691,1191
3691,1307
3691,1799
3691,2289
3691,2398
3691,2654
3691,2658
3691,2689
3691,2822
3691,3106
3691,3238
3691,3352
3691,3394
3691,3452
3691,3456
3691,3480
3691,3537
3691,3557
3691,3568
3691,3615
3691,3769
3691,3792
3691,3847
3691,3885
3691,3969
3691,4011
3691,4037
3691,4044
3691,4124
3691,4191
3691,4201
3691,4233
3691,4234
3691,4335
3691,4424
3691,4448
3691,4820
3691,4944
3691,5020
3691,5288
3691,5295
3691,5335
3691,5404
3691,5449
3691,5459
3691,5529
3691,5568
3691,5739
3691,5760
3691,5800
3691,5835
3691,5902
3691,6032
3691,6305
3691,6665
3691,6833
3691,6897
3691,6934
3691,6945
3691,7047
3691,7054
3691,7110
3691,7186
3691,7378
3691,7422
3691,7450
3691,7497
3691,7587
3691,7632
3717,3010
3720,825
3720,2066
3720,2210
3720,2657
3720,3260
3720,3562
3720,3568
3720,3615
3724,465
3724,825
3724,1239
3724,1297
3724,1307
3724,1385
3724,1729
3724,1990
3724,2066
3724,2134
3724,2210
3724,2289
3724,2328
3724,2508
3724,2516
3724,2544
3724,2565
3724,2585
3724,2595
3724,2612
3724,2646
3724,2653
3724,2746
3724,2859
3724,2900
3724,2932
3724,2958
3724,2981
3724,3026
3724,3059
3724,3117
3724,3125
3724,3144
3724,3192
3724,3258
3724,3291
3724,3313
3724,3346
3724,3439
3724,3483
3724,3562
3724,3568
3724,3615
3724,3645
3724,3660
3724,3661
3724,3787
3724,3816
3724,3867
3724,3926
3724,3937
3724,3946
3724,4013
3724,4021
3724,4024
3724,4031
3724,4043
3724,4051
3724,4055
3724,4110
3724,4138
3724,4162
3724,4179
3724,4201
3724,4233
3724,4234
3724,4247
3724,4256
3724,4263
3724,4269
3724,4289
3724,4299
3724,4349
3724,4373
3724,4384
3724,4412
3724,4422
3724,4424
3724,4463
3724,4485
3724,4510
3726,1297
3726,2655
3726,3092
3748,1688
3748,2289
3748,2354
3748,2485
3748,2516
3748,2653
3748,2696
3748,2790
3748,2871
3748,2958
3748,3026
3748,3059
3748,3192
3748,3452
3748,3456
3748,3537
3748,3796
3748,3812
3748,3854
3748,4072
3748,4124
3748,4256
3748,4261
3748,4299
3748,4557
3748,4653
3748,4712
3748,5026
3752,2328
3752,2485
3752,2871
3752,3615
3752,3962
3752,4179
3752,5412
3752,5605
3752,6241
3752,7063
3752,7662
3754,2485
3754,2565
3754,2657
3754,3026
3754,3059
3767,1385
3767,2066
3767,2210
3767,2411
3767,2565
3767,3117
3767,3192
3767,3394
3767,4110
3767,4384
3767,4385
3767,4510
3770,1403
3770,1549
3770,2210
3770,2535
3770,2746
3770,2851
3770,3346
3770,3769
3770,4037
3770,5432
3770,5582
3770,6503
3770,6560
3770,6736
3770,7214
3770,7295
3785,737
3785,2398
3785,2411
3785,2565
3785,2958
3785,2981
3785,3026
3785,3276
3785,3483
3785,3562
3785,4179
3785,4189
3785,4199
3785,4666
3785,4846
3785,5484
3785,5693
3787,72
3787,155
3787,346
3787,737
3787,762
3787,1185
3787,1305
3787,1310
3787,1360
3787,1549
3787,1680
3787,1799
3787,1982
3787,2014
3787,2129
3787,2134
3787,2145
3787,2237
3787,2252
3787,2258
3787,2326
3787,2328
3787,2354
3787,2369
3787,2398
3787,2456
3787,2506
3787,2516
3787,2517
3787,2535
3787,2565
3787,2612
3787,2653
3787,2658
3787,2696
3787,2727
3787,2785
3787,2790
3787,2871
3787,2909
3787,2958
3787,3007
3787,3034
3787,3073
3787,3084
3787,3089
3787,3140
3787,3192
3787,3260
3787,3276
3787,3291
3787,3309
3787,3321
3787,3334
3787,3346
3787,3352
3787,3393
3787,3394
3787,3439
3787,3443
3787,3454
3787,3455
3787,3456
3787,3459
3787,3460
3787,3537
3787,3557
3787,3568
3787,3631
3787,3724
3787,3748
3787,3796
3787,3813
3787,3885
3787,3897
3787,3910
3787,3958
3787,3976
3787,4011
3787,4037
3787,4040
3787,4055
3787,4103
3787,4124
3787,4191
3787,4247
3787,4263
3787,4266
3787,4290
3787,4315
3787,4335
3787,4349
3787,4361
3787,4365
3787,4384
3787,4400
3787,4530
3787,4536
3787,4551
3787,4578
3787,4613
3787,4661
3787,4666
3787,4712
3787,4713
3787,4735
3787,4777
3787,4796
3787,4808
3787,4811
3787,4814
3787,4820
3787,4827
3787,4828
3787,4846
3787,4875
3787,4953
3787,4999
3787,5002
3787,5022
3787,5028
3787,5055
3787,5148
3787,5162
3787,5233
3787,5288
3787,5321
3787,5378
3787,5392
3787,5412
3787,5449
3787,5452
3787,5454
3787,5484
3787,5529
3787,5568
3787,5582
3787,5683
3787,5760
3787,5800
3787,5811
3787,5814
3787,5817
3787,5902
3787,6044
3787,6305
3787,6320
3787,6347
3787,6388
3787,6560
3787,6613
3787,6634
3787,6720
3787,6934
3787,6948
3787,6979
3787,7047
3787,7054
3787,7225
3787,7277
3787,7280
3787,7378
3787,7391
3787,7422
3787,7478
3787,7497
3787,7517
3787,7529
3787,7544
3787,7553
3787,7587
3787,7620
3787,7632
3787,7699
3787,7726
3792,72
3792,762
3792,2516
3792,2727
3792,3034
3792,3238
3792,3276
3792,3456
3792,4335
3792,4578
3792,4717
3792,4828
3792,4938
3792,4999
3792,5215
3792,5295
3792,5484
3792,5509
3792,5714
3792,6305
3792,6347
3792,6832
3792,7073
3794,72
3794,737
3794,1769
3794,2129
3794,2237
3794,2354
3794,2456
3794,2565
3794,2592
3794,2612
3794,2696
3794,3092
3794,3284
3794,3443
3794,3453
3794,3537
3794,3568
3794,3748
3794,3796
3794,3854
3794,4189
3794,4191
3794,4247
3794,4297
3794,4335
3794,4361
3794,4653
3794,4712
3794,4938
3794,4953
3794,5026
3794,5392
3794,5423
3794,5484
3794,5511
3794,5818
3794,6347
3794,6832
3796,737
3796,762
3796,1688
3796,1769
3796,2144
3796,2145
3796,2237
3796,2364
3796,2381
3796,2398
3796,2516
3796,2576
3796,2592
3796,2775
3796,2787
3796,2811
3796,2871
3796,3002
3796,3034
3796,3092
3796,3276
3796,3284
3796,3321
3796,3352
3796,3447
3796,3452
3796,3453
3796,3537
3796,3568
3796,3607
3796,3615
3796,3635
3796,3664
3796,3691
3796,3724
3796,3748
3796,3813
3796,3843
3796,3854
3796,3976
3796,4040
3796,4124
3796,4127
3796,4191
3796,4212
3796,4261
3796,4266
3796,4297
3796,4335
3796,4482
3796,4528
3796,4531
3796,4547
3796,4562
3796,4578
3796,4587
3796,4613
3796,4653
3796,4661
3796,4666
3796,4719
3796,4735
3796,4778
3796,4792
3796,4796
3796,4814
3796,4824
3796,4827
3796,5020
3796,5026
3796,5055
3796,5058
3796,5073
3796,5092
3796,5100
3796,5106
3796,5130
3796,5144
3796,5204
3796,5239
3796,5459
3796,5683
3796,5693
3803,1769
3803,3748
3803,4212
3803,4551
3803,4792
3803,7101
3803,7115
3804,2066
3804,2506
3804,4021
3804,4201
3806,465
3806,1548
3806,2134
3806,2398
3806,2565
3806,2612
3806,2775
3806,2790
3806,2871
3806,3024
3806,3144
3806,3192
3806,3291
3806,3352
3806,3447
3806,3458
3806,3643
3806,3807
3806,4098
3806,4138
3806,4191
3806,4263
3806,4290
3806,4299
3806,4417
3806,4463
3806,4964
3806,5392
3806,5423
3806,5484
3806,5511
3806,5543
3806,5814
3812,825
3812,1307
3812,2145
3812,2506
3812,2595
3812,2655
3812,2746
3812,2811
3812,2822
3812,2871
3812,2909
3812,2958
3812,2981
3812,3024
3812,3089
3812,3125
3812,3258
3812,3320
3812,3352
3812,3417
3812,3717
3812,3720
3812,3816
3812,3967
3812,3976
3812,4011
3812,4021
3812,4024
3812,4031
3812,4043
3812,4051
3812,4072
3812,4088
3812,4117
3812,4448
3812,4468
3812,4578
3812,4587
3812,4600
3812,4735
3812,4811
3812,6759
3812,6946
3813,737
3813,1307
3813,2134
3813,2258
3813,2289
3813,2381
3813,2398
3813,2516
3813,2565
3813,2605
3813,2646
3813,2653
3813,2775
3813,2831
3813,3144
3813,3192
3813,3276
3813,3313
3813,3334
3813,3346
3813,3352
3813,3394
3813,3456
3813,3537
3813,3562
3813,3568
3813,3615
3813,3645
3813,3660
3813,3661
3813,3717
3813,3724
3813,3816
3813,3962
3813,4024
3813,4031
3813,4037
3813,4055
3813,4088
3813,4138
3813,4162
3813,4179
3813,4191
3813,4256
3813,4263
3813,4269
3813,4335
3813,4349
3813,4384
3813,4424
3813,4463
3813,4536
3813,4964
3813,5079
3813,5106
3813,5132
3813,5404
3813,5454
3813,5459
3813,5592
3813,5683
3813,5739
3813,5922
3813,6123
3813,6832
3813,6833
3813,6914
3813,7632
3830,737
3830,1549
3830,1935
3830,2240
3830,2516
3830,2565
3830,3321
3830,3456
3830,4191
3830,4735
3830,4796
3830,5073
3830,5100
3830,5412
3843,762
3843,2565
3843,3276
3843,3443
3843,3453
3843,3455
3843,3458
3843,3847
3843,3958
3843,4266
3843,4335
3843,4448
3843,4620
3843,4792
3843,4811
3843,4820
3843,5058
3850,2565
3850,2655
3851,2565
3851,4138
3854,737
3854,1688
3854,2066
3854,2134
3854,2237
3854,2258
3854,2328
3854,2364
3854,2398
3854,2433
3854,2516
3854,2653
3854,2696
3854,2764
3854,2871
3854,3024
3854,3026
3854,3034
3854,3059
3854,3089
3854,3192
3854,3238
3854,3276
3854,3352
3854,3404
3854,3443
3854,3447
3854,3452
3854,3456
3854,3537
3854,3562
3854,3607
3854,3643
3854,3748
3854,3796
3854,3813
3854,3958
3854,4040
3854,4124
3854,4191
3854,4199
3854,4256
3854,4297
3854,4335
3854,4485
3854,4510
3854,4530
3854,4547
3854,4578
3854,4653
3854,4706
3854,4712
3854,4814
3854,4827
3854,4828
3854,4846
3854,4884
3854,4999
3854,5026
3854,5055
3854,5412
3854,5430
3854,5459
3854,5637
3854,5651
3871,2237
3871,2384
3871,3321
3871,4999
3871,5162
3885,3887
3885,5466
3897,2307
3897,2565
3897,3568
3897,3898
3897,4199
3897,4335
3897,4485
3897,4551
3897,4792
3898,2746
3898,2859
3910,465
3910,1026
3910,2535
3910,3334
3910,3352
3910,3456
3910,3976
3910,4037
3910,4401
3910,4735
3910,5020
3910,5022
3910,5079
3910,5179
3910,5773
3910,6270
3910,6634
3910,6897
3910,6918
3910,6946
3910,7047
3910,7094
3910,7108
3910,7478
3910,7587
3910,7620
3948,2134
3948,2565
3948,2646
3948,3144
3948,3260
3948,3291
3948,3631
3948,3645
3948,3720
3948,3787
3948,3812
3948,3946
3948,4013
3948,4110
3948,4117
3948,4138
3948,4201
3948,4233
3948,4234
3948,4247
3948,4263
3948,4297
3956,737
3956,1157
3956,1307
3956,1549
3956,1990
3956,2066
3956,2145
3956,2160
3956,2364
3956,2398
3956,2535
3956,2576
3956,2859
3956,2900
3956,2917
3956,3024
3956,3089
3956,3276
3956,3320
3956,3439
3956,3452
3956,3454
3956,3455
3956,3456
3956,3461
3956,3537
3956,3568
3956,3643
3956,3645
3956,3898
3956,3958
3956,3976
3956,4011
3956,4024
3956,4031
3956,4044
3956,4072
3956,4098
3956,4124
3956,4138
3956,4261
3956,4290
3956,4335
3956,4365
3956,4384
3956,4463
3956,4468
3956,4528
3956,4531
3956,4578
3956,4814
3956,4983
3956,5022
3956,5100
3956,5130
3956,5210
3956,5321
3956,5412
3956,5484
3956,5539
3956,5697
3956,5871
3956,6833
3956,7063
3956,7632
3956,7651
3958,3897
3958,4072
3958,4269
3958,4485
3958,4531
3958,5605
3958,6123
3958,6774
3962,2859
3962,3260
3962,4557
3969,72
3969,737
3969,1305
3969,1385
3969,1403
3969,1680
3969,1729
3969,1799
3969,2240
3969,2328
3969,2354
3969,2433
3969,2535
3969,2565
3969,2689
3969,2785
3969,2790
3969,2822
3969,2940
3969,3103
3969,3125
3969,3144
3969,3291
3969,3334
3969,3346
3969,3352
3969,3452
3969,3456
3969,3537
3969,3607
3969,3615
3969,3635
3969,3661
3969,3785
3969,3854
3969,3897
3969,3910
3969,4037
3969,4040
3969,4138
3969,4191
3969,4261
3969,4266
3969,4331
3969,4485
3969,4536
3969,4587
3969,4662
3969,4666
3969,4706
3969,4712
3969,4719
3969,4780
3969,4792
3969,4796
3969,4875
3969,4940
3969,5012
3969,5026
3969,5058
3969,5412
3969,5484
3969,6496
3969,6665
3969,6860
3969,7214
3969,7553
3969,7620
3969,7624
3976,72
3976,346
3976,737
3976,762
3976,1305
3976,1310
3976,1549
3976,2144
3976,2240
3976,2354
3976,2364
3976,2369
3976,2398
3976,2517
3976,2535
3976,2565
3976,2775
3976,2790
3976,2871
3976,3034
3976,3089
3976,3276
3976,3334
3976,3352
3976,3455
3976,3456
3976,3459
3976,3537
3976,3643
3976,3792
3976,3796
3976,3830
3976,3897
3976,3958
3976,4037
3976,4040
3976,4110
3976,4124
3976,4127
3976,4189
3976,4191
3976,4211
3976,4212
3976,4298
3976,4335
3976,4401
3976,4500
3976,4536
3976,4547
3976,4551
3976,4558
3976,4562
3976,4583
3976,4588
3976,4631
3976,4712
3976,4717
3976,4735
3976,4777
3976,4780
3976,4811
3976,4828
3976,4875
3976,5002
3976,5020
3976,5199
3976,5215
3976,5233
3976,5341
3976,5364
3976,5430
3976,5465
3976,5484
3976,5509
3976,5697
3976,5800
3976,5817
3976,5872
3976,6097
3976,7201
4013,346
4013,1680
4013,2066
4013,2369
4013,2535
4013,2565
4013,2909
4013,4138
4013,4315
4013,4712
4013,5215
4013,5288
4013,5412
4013,5829
4013,6789
4024,3898
4024,4986
4037,825
4037,1385
4037,2014
4037,2958
4037,3717
4037,4138
4037,4256
4037,5693
4037,7699
4040,72
4040,737
4040,967
4040,1403
4040,1688
4040,1982
4040,2144
4040,2145
4040,2237
4040,2240
4040,2506
4040,2535
4040,2576
4040,2605
4040,2790
4040,2871
4040,3089
4040,3106
4040,3321
4040,3334
4040,3352
4040,3381
4040,3454
4040,3562
4040,3615
4040,3635
4040,3643
4040,3748
4040,3796
4040,3812
4040,3910
4040,3976
4040,4011
4040,4037
4040,4043
4040,4266
4040,4400
4040,4401
4040,4531
4040,4578
4040,4706
4040,4735
4040,4778
4040,4780
4040,4811
4040,4814
4040,4827
4040,4875
4040,4981
4040,5020
4040,5288
4040,5404
4040,5459
4040,5559
4040,5563
4040,5693
4040,5839
4040,6043
4040,6914
4040,6934
4040,6980
4040,7005
4040,7233
4040,7280
4040,7351
4040,7443
4040,7662
4044,346
4044,1305
4044,1360
4044,1688
4044,1769
4044,2145
4044,2237
4044,2240
4044,2364
4044,2398
4044,2811
4044,2871
4044,2917
4044,3073
4044,3089
4044,3321
4044,3334
4044,3352
4044,3447
4044,3452
4044,3453
4044,3454
4044,3455
4044,3460
4044,3537
4044,3607
4044,3724
4044,3843
4044,3854
4044,3898
4044,3976
4044,4011
4044,4040
4044,4191
4044,4199
4044,4261
4044,4266
4044,4297
4044,4335
4044,4468
4044,4485
4044,4531
4044,4551
4044,4557
4044,4562
4044,4578
4044,4583
4044,4588
4044,4605
4044,4613
4044,4631
4044,4646
4044,4648
4044,4666
4044,4713
4044,4719
4044,4778
4044,4780
4044,4796
4044,4875
4044,4938
4044,5058
4045,1305
4045,1310
4045,1360
4045,1403
4045,1680
4045,1688
4045,1769
4045,2144
4045,2145
4045,2237
4045,2240
4045,2364
4045,2381
4045,2433
4045,2456
4045,2511
4045,2516
4045,2517
4045,2565
4045,2592
4045,2689
4045,2696
4045,2775
4045,2785
4045,2787
4045,2811
4045,2851
4045,2871
4045,3002
4045,3034
4045,3073
4045,3089
4045,3092
4045,3106
4045,3125
4045,3140
4045,3144
4045,3284
4045,3291
4045,3309
4045,3321
4045,3352
4045,3447
4045,3452
4045,3453
4045,3455
4045,3537
4045,3607
4045,3635
4045,3643
4045,3645
4045,3664
4045,3724
4045,3726
4045,3748
4045,3785
4045,3796
4045,3803
4045,3806
4045,3812
4045,3843
4045,3854
4045,3897
4045,3898
4045,3956
4045,3958
4045,4037
4045,4040
4045,4072
4045,4103
4045,4124
4045,4212
4045,4261
4045,4266
4045,4297
4045,4299
4045,4315
4045,4417
4045,4453
4045,4463
4045,4485
4045,4500
4045,4510
4045,4528
4045,4536
4045,4547
4045,4551
4045,4578
4045,4588
4045,4613
4045,4646
4045,4661
4045,4666
4045,4706
4045,4712
4045,4717
4045,4719
4045,4792
4045,4796
4045,4808
4045,4811
4045,4814
4045,4827
4045,4828
4045,4879
4045,4938
4045,4944
4045,4953
4045,4999
4045,5002
4045,5026
4045,5055
4045,5073
4045,5092
4045,5100
4045,5106
4045,5130
4045,5132
4045,5144
4045,5204
4045,5215
4045,5222
4045,5288
4045,5404
4045,5484
4045,5524
4045,5543
4045,5545
4045,5563
4045,5739
4045,5773
4045,5776
4045,5814
4045,5818
4045,5822
4045,5932
4045,5998
4045,6097
4045,6327
4045,6496
4045,6624
4045,6765
4045,6774
4045,6790
4045,6901
4045,6930
4045,7073
4045,7101
4045,7108
4045,7115
4045,7119
4045,7143
4045,7144
4045,7214
4046,840
4046,1026
4046,1403
4046,1769
4046,2326
4046,2511
4046,2517
4046,2565
4046,2785
4046,2787
4046,2790
4046,2871
4046,3002
4046,3276
4046,3334
4046,3346
4046,3352
4046,3452
4046,3453
4046,3458
4046,3459
4046,3748
4046,3885
4046,3958
4046,4011
4046,4037
4046,4040
4046,4103
4046,4189
4046,4212
4046,4298
4046,4361
4046,4558
4046,4661
4046,4666
4046,4706
4046,4811
4046,4820
4046,4875
4046,4929
4046,4999
4046,5012
4046,5233
4046,5288
4046,5289
4046,5384
4046,5432
4046,5484
4046,5500
4046,5582
4046,5773
4046,5811
4046,5814
4046,5902
4046,6241
4046,6270
4046,6320
4046,6414
4046,6523
4046,6560
4046,6596
4046,6634
4046,6714
4046,6736
4046,6980
4046,6994
4046,7088
4046,7092
4046,7108
4046,7295
4046,7373
4046,7381
4046,7400
4046,7620
4046,7683
4051,4510
4055,2506
4055,5106
4055,6347
4065,762
4065,825
4065,1185
4065,1239
4065,1305
4065,1310
4065,1688
4065,1729
4065,1769
4065,1990
4065,2014
4065,2129
4065,2134
4065,2144
4065,2289
4065,2328
4065,2565
4065,2612
4065,2646
4065,2653
4065,2775
4065,2787
4065,2859
4065,2871
4065,2932
4065,2958
4065,2981
4065,3002
4065,3125
4065,3140
4065,3144
4065,3309
4065,3346
4065,3439
4065,3443
4065,3447
4065,3452
4065,3453
4065,3454
4065,3562
4065,3568
4065,3607
4065,3615
4065,3643
4065,3645
4065,3661
4065,3724
4065,3792
4065,3830
4065,3843
4065,3854
4065,3898
4065,3956
4065,3958
4065,4011
4065,4013
4065,4055
4065,4072
4065,4162
4065,4179
4065,4201
4065,4263
4065,4269
4065,4290
4065,4299
4065,4331
4065,4365
4065,4373
4065,4417
4065,4422
4065,4424
4065,4453
4065,4463
4065,4468
4065,4485
4065,4510
4065,4531
4065,4536
4065,4551
4065,4578
4065,4613
4065,4620
4065,4666
4065,4713
4065,4792
4065,4938
4065,4999
4065,5026
4065,5037
4065,5543
4065,5760
4065,5800
4065,5871
4065,5932
4065,5998
4065,6004
4065,6097
4065,6560
4065,6770
4065,6832
4065,6946
4065,7052
4065,7094
4065,7280
4065,7351
4070,72
4070,1305
4070,1385
4070,1680
4070,2258
4070,2354
4070,2364
4070,2516
4070,2565
4070,2576
4070,2605
4070,2646
4070,2653
4070,2775
4070,2822
4070,2859
4070,2909
4070,2917
4070,2958
4070,2981
4070,3092
4070,3103
4070,3106
4070,3144
4070,3276
4070,3284
4070,3417
4070,3455
4070,3458
4070,3562
4070,3691
4070,3796
4070,3958
4070,4044
4070,4127
4070,4189
4070,4297
4070,4299
4070,4335
4070,4400
4070,4417
4070,4422
4070,4424
4070,4448
4070,4453
4070,4463
4070,4468
4070,4482
4070,4530
4070,4536
4070,4547
4070,4587
4070,4828
4070,5020
4070,5026
4070,5055
4070,5100
4070,5106
4070,5204
4070,5222
4070,5245
4070,5288
4070,5321
4070,5341
4070,5449
4070,5454
4070,5459
4070,5543
4070,5683
4070,5693
4070,5872
4071,2822
4071,3192
4071,3460
4071,3562
4071,3910
4071,5412
4071,6930
4071,7092
4071,7553
4071,7632
4072,72
4072,346
4072,762
4072,1549
4072,1769
4072,2237
4072,2240
4072,2326
4072,2696
4072,2790
4072,2859
4072,3334
4072,3352
4072,3557
4072,3562
4072,3643
4072,3812
4072,3898
4072,4191
4072,4298
4072,4335
4072,4578
4072,4588
4072,4735
4072,4811
4072,4820
4072,4938
4074,1157
4074,1385
4074,1729
4074,1990
4074,2066
4074,2129
4074,2328
4074,2565
4074,2653
4074,2696
4074,2859
4074,2871
4074,2958
4074,3276
4074,3346
4074,3439
4074,3562
4074,3645
4074,3660
4074,3661
4074,3664
4074,4011
4074,4138
4074,4191
4074,4199
4074,4297
4074,4384
4074,4417
4074,4424
4074,4547
4077,737
4077,762
4077,1247
4077,1305
4077,1799
4077,2014
4077,2145
4077,2237
4077,2328
4077,2354
4077,2364
4077,2381
4077,2517
4077,2565
4077,2592
4077,2653
4077,2696
4077,2811
4077,2822
4077,2831
4077,3027
4077,3034
4077,3092
4077,3103
4077,3334
4077,3352
4077,3447
4077,3454
4077,3456
4077,3460
4077,3537
4077,3562
4077,3568
4077,3635
4077,3645
4077,3812
4077,3813
4077,3897
4077,3910
4077,4044
4077,4191
4077,4247
4077,4266
4077,4297
4077,4384
4077,4400
4077,4448
4077,4463
4077,4528
4077,4547
4077,4613
4077,4666
4077,4712
4077,4735
4077,4811
4077,4828
4077,4929
4077,4964
4077,5100
4077,5106
4077,5130
4077,5132
4077,5204
4077,5222
4077,5392
4077,5412
4077,5430
4077,5449
4098,825
4098,3568
4098,3897
4098,4201
4098,4266
4098,4269
4098,4485
4110,5055
4110,6914
4110,7553
4124,72
4124,737
4124,762
4124,1157
4124,1239
4124,1549
4124,1990
4124,2066
4124,2129
4124,2134
4124,2229
4124,2289
4124,2326
4124,2328
4124,2364
4124,2565
4124,2612
4124,2790
4124,2811
4124,2900
4124,3276
4124,3352
4124,3394
4124,3439
4124,3447
4124,3537
4124,3568
4124,3615
4124,3631
4124,3660
4124,3724
4124,4037
4124,4138
4124,4191
4124,4201
4124,4247
4124,4290
4124,4365
4124,4385
4124,4424
4124,5022
4124,7478
4127,762
4127,2066
4127,2134
4127,2144
4127,2237
4127,2240
4127,2328
4127,2369
4127,2381
4127,2398
4127,2871
4127,3192
4127,3276
4127,3291
4127,3443
4127,3447
4127,3452
4127,3631
4127,3724
4127,3787
4127,3812
4127,3976
4127,4011
4127,4040
4127,4044
4127,4191
4127,4256
4127,4298
4127,4424
4127,4463
4127,4528
4127,4531
4127,4578
4127,4811
4127,4938
4127,4999
4127,5055
4127,5058
4134,2328
4138,737
4138,1239
4138,1990
4138,2289
4138,2328
4138,2398
4138,2516
4138,2565
4138,2612
4138,2646
4138,2764
4138,2831
4138,2859
4138,2932
4138,3125
4138,3144
4138,3192
4138,3439
4138,3456
4138,3568
4138,3645
4138,3785
4138,3958
4138,4013
4138,4191
4138,4231
4138,4234
4138,4256
4138,4289
4138,4290
4138,4299
4138,4335
4138,4417
4138,4422
4138,4424
4138,4453
4138,4463
4138,4485
4138,4500
4138,4530
4138,4600
4138,4653
4138,4666
4138,4929
4138,4964
4138,4986
4138,5189
4138,5484
4138,5506
4138,5509
4138,5568
4138,5637
4138,5650
4138,5651
4142,1688
4142,1729
4142,1990
4142,2240
4142,2328
4142,2517
4142,2565
4142,2612
4142,2646
4142,3034
4142,3125
4142,3144
4142,3192
4142,3309
4142,3352
4142,3394
4142,3439
4142,3453
4142,3460
4142,3635
4142,3645
4142,3660
4142,3661
4142,4256
4142,4289
4142,4290
4142,4299
4142,4422
4142,4424
4142,4558
4142,4646
4142,4713
4142,4735
4152,737
4152,762
4152,1688
4152,2145
4152,2328
4152,2381
4152,2433
4152,2565
4152,2592
4152,2646
4152,2790
4152,2871
4152,3125
4152,3144
4152,3352
4152,3439
4152,3443
4152,3453
4152,3454
4152,3568
4152,3615
4152,3660
4152,3724
4152,3806
4152,3843
4152,4011
4152,4044
4152,4233
4152,4234
4152,4266
4152,4297
4152,4298
4152,4335
4152,4424
4152,4485
4152,4531
4152,4562
4152,4613
4152,4666
4152,4820
4152,5144
4162,2134
4162,3452
4162,4201
4162,4263
4162,4269
4162,4289
4162,4290
4162,4709
4162,4981
4162,5037
4162,5055
4162,6496
4162,7620
4162,7632
4189,737
4189,1990
4189,2066
4189,3192
4189,3394
4189,3643
4189,4298
4189,4315
4189,4557
4189,4666
4189,5288
4191,737
4191,2066
4191,2134
4191,2144
4191,2398
4191,3125
4191,3334
4191,3456
4191,4138
4191,4400
4191,4531
4191,4557
4191,4558
4191,5002
4191,5412
4191,7632
4199,2144
4199,2433
4199,3787
4199,3898
4199,4233
4199,4247
4199,4463
4201,2134
4211,346
4211,1385
4211,1729
4211,1990
4211,2289
4211,2326
4211,2456
4211,2516
4211,2565
4211,2646
4211,2696
4211,2790
4211,2811
4211,2940
4211,3291
4211,3321
4211,3334
4211,3352
4211,3439
4211,3455
4211,3460
4211,3537
4211,3568
4211,3635
4211,3661
4211,3796
4211,3813
4211,4037
4211,4040
4211,4191
4211,4212
4211,4234
4211,4261
4211,4297
4211,4335
4211,4373
4211,4385
4211,4386
4211,4417
4211,4661
4211,4662
4211,4666
4211,4706
4211,4719
4211,4735
4211,4780
4211,4796
4211,4811
4211,4827
4211,5055
4211,5073
4211,5092
4211,5199
4211,5233
4211,5800
4211,7237
4211,7295
4211,7362
4211,7478
4211,7553
4212,72
4212,737
4212,2145
4212,2237
4212,2289
4212,2516
4212,2775
4212,2785
4212,2917
4212,3439
4212,3443
4212,3447
4212,3452
4212,3456
4212,3537
4212,4040
4212,4103
4212,4124
4212,4191
4212,4448
4212,4547
4212,4551
4212,4587
4212,4631
4212,4666
4212,4777
4212,4780
4212,4875
4212,4983
4212,4999
4212,5130
4212,5210
4212,5245
4231,3615
4233,3284
4233,5204
4234,2289
4234,4233
4234,4424
4261,1385
4261,1688
4261,2289
4261,2456
4261,3276
4261,3334
4261,3447
4261,3537
4261,3568
4261,4040
4261,4072
4261,4212
4261,4263
4261,4266
4261,4531
4261,4661
4261,4662
4261,4709
4261,4719
4261,4796
4261,4811
4261,5026
4261,5055
4266,1157
4266,3352
4266,3660
4266,4040
4266,4269
4266,4735
4266,6833
4269,4335
4269,4661
4269,5404
4290,3394
4290,4531
4295,2369
4295,2565
4295,3125
4295,3284
4295,3645
4295,3796
4295,3813
4295,4189
4295,4297
4295,4299
4295,4500
4295,4536
4295,4828
4295,5100
4295,5144
4295,5459
4297,737
4297,2354
4297,2398
4297,2535
4297,3089
4297,3125
4297,3334
4297,3645
4297,3691
4297,3898
4297,4191
4297,4299
4297,4315
4297,4400
4297,4528
4297,4712
4297,4717
4297,4735
4297,5002
4297,5412
4297,5543
4297,5811
4297,5818
4297,5839
4297,5871
4297,7620
4297,7632
4298,737
4298,3125
4298,3643
4298,4189
4298,4191
4298,4261
4298,4299
4298,4827
4315,762
4315,1024
4315,1385
4315,1680
4315,1729
4315,2289
4315,2364
4315,2381
4315,2398
4315,2871
4315,3568
4315,3645
4315,3660
4315,3748
4315,4189
4315,4191
4315,4297
4315,4373
4315,4666
4315,4735
4315,4820
4315,4964
4315,4983
4315,5412
4315,5449
4324,1185
4324,1385
4324,2565
4324,3140
4324,3309
4324,3660
4324,4384
4325,2565
4325,4384
4325,4424
4326,2433
4326,2565
4326,3089
4326,5714
4326,6869
4327,2565
4327,4528
4328,2565
4329,762
4329,2516
4329,2565
4329,3092
4329,3724
4329,4463
4329,4666
4329,4712
4329,4735
4329,4828
4329,5106
4331,6174
4335,737
4335,2398
4335,2535
4335,2785
4335,3084
4335,3813
4335,4191
4335,4448
4335,4485
4335,4578
4335,4653
4335,4735
4335,4846
4335,4981
4335,5028
4335,5037
4335,5079
4335,5144
4335,5412
4335,5671
4335,6414
4335,6980
4335,7021
4335,7632
4341,4349
4355,2014
4355,2364
4355,2822
4355,2831
4355,2902
4355,3089
4355,3092
4355,3352
4355,3417
4355,3447
4355,3453
4355,3455
4355,3459
4355,3537
4355,3661
4355,3796
4355,3843
4355,3897
4355,3910
4355,4400
4355,4448
4355,4530
4355,4531
4355,4600
4355,4653
4355,4953
4355,5020
4355,5204
4355,5215
4355,5341
4355,5412
4355,5459
4355,5509
4361,4365
4361,4666
4361,5288
4361,6946
4361,7115
4361,7201
4400,3976
4400,4040
4400,5412
4401,2223
4401,5022
4401,5605
4401,6897
4412,2398
4412,4417
4422,840
4422,2646
4422,3293
4422,3645
4422,4037
4422,4424
4422,4453
4422,4875
4422,5829
4422,5922
4422,7108
4422,7517
4422,7620
4432,2851
4432,2871
4432,3796
4432,5814
4432,5818
4435,2871
4435,4666
4435,6770
4437,840
4437,1185
4437,2517
4437,2565
4437,2811
4437,2851
4437,2871
4437,3034
4437,3140
4437,3238
4437,3309
4437,3321
4437,3455
4437,3459
4437,3460
4437,3557
4437,3635
4437,3958
4437,4011
4437,4261
4437,4266
4437,4468
4437,4536
4437,4578
4437,4613
4437,4646
4437,4661
4437,4666
4437,4719
4437,4875
4437,5199
4437,5289
4437,5432
4437,5582
4437,5697
4437,5776
4437,5806
4437,5897
4437,5932
4437,6097
4437,6123
4437,6299
4437,6305
4437,6330
4437,6442
4437,6523
4437,6624
4437,6634
4437,6736
4437,6789
4437,6907
4437,6945
4437,6946
4437,6955
4437,6976
4437,6979
4437,7052
4437,7073
4437,7115
4437,7119
4437,7237
4437,7295
4437,7301
4437,7351
4437,7373
4437,7587
4437,7620
4448,762
4448,2144
4448,2145
4448,2398
4448,2433
4448,2822
4448,2871
4448,2909
4448,3140
4448,3321
4448,3417
4448,3453
4448,3460
4448,3664
4448,3812
4448,3910
4448,4127
4448,4355
4448,4400
4448,4531
4448,4536
4448,4547
4448,4578
4448,4587
4448,4648
4448,4717
4448,4828
4448,5144
4448,5162
4448,5335
4448,5412
4468,1688
4468,2258
4468,3456
4468,4011
4468,4234
4468,4448
4468,4557
4468,5020
4468,5215
4468,5245
4468,5321
4468,5545
4468,5592
4482,4037
4482,4485
4482,4587
4482,4712
4482,5239
4482,5563
4485,3453
4485,3454
4485,3635
4485,4040
4485,4335
4485,4661
4485,4712
4485,4792
4485,5563
4488,737
4488,762
4488,1498
4488,2145
4488,2535
4488,2658
4488,2689
4488,3084
4488,3238
4488,3352
4488,3443
4488,3456
4488,4400
4488,4530
4488,4808
4488,4875
4488,5037
4488,5210
4488,5288
4488,5392
4488,5412
4488,5800
4488,5817
4488,6123
4488,6618
4488,6634
4488,6918
4488,7021
4488,7050
4488,7238
4500,2433
4500,4199
4507,3806
4507,6634
4530,3897
4530,4531
4530,4780
4530,5412
4530,7632
4531,2398
4531,2775
4531,3140
4531,3352
4531,3454
4531,3557
4531,3956
4531,4578
4531,4583
4531,4588
4531,4735
4536,1026
4536,1982
4536,2258
4536,2364
4536,2381
4536,2398
4536,2790
4536,2831
4536,2917
4536,3000
4536,3276
4536,3284
4536,3334
4536,3393
4536,3447
4536,3459
4536,3643
4536,3813
4536,3854
4536,3898
4536,4191
4536,4297
4536,4298
4536,4335
4536,4530
4536,4531
4536,4557
4536,4578
4536,4653
4536,4666
4536,4792
4536,4953
4536,4964
4536,4983
4536,4986
4536,4999
4536,5022
4536,5037
4536,5055
4536,5058
4536,5073
4536,5100
4536,5189
4536,5412
4536,5500
4536,5529
4536,5539
4536,5563
4536,5650
4536,5802
4536,6004
4536,6596
4536,6714
4536,6720
4536,6790
4536,6907
4536,7054
4536,7378
4536,7553
4536,7632
4536,7649
4547,1688
4547,1769
4547,2014
4547,2144
4547,2145
4547,2775
4547,3140
4547,3276
4547,3447
4547,3453
4547,3454
4547,3458
4547,3460
4547,3537
4547,3796
4547,3854
4547,3956
4547,3958
4547,4037
4547,4044
4547,4072
4547,4189
4547,4298
4547,4557
4547,4613
4547,4648
4547,4666
4547,4735
4547,4792
4547,4828
4547,4875
4547,4938
4547,4953
4547,4999
4547,5055
4547,5058
4547,5144
4547,5459
4557,3643
4557,5524
4558,7757
4587,2145
4587,2535
4587,2592
4587,3452
4587,3453
4587,3537
4587,3748
4587,4072
4587,4212
4587,4261
4587,4448
4587,4662
4587,4792
4587,4828
4587,4953
4587,4999
4587,5130
4588,2326
4588,3352
4588,3443
4588,3460
4588,3958
4588,4072
4588,4261
4588,4266
4588,4661
4588,4719
4600,2237
4600,2822
4600,4400
4600,4792
4600,4846
4600,4999
4600,5189
4600,5341
4631,5545
4632,155
4632,967
4632,1385
4632,1498
4632,1548
4632,1680
4632,1799
4632,1823
4632,2223
4632,2369
4632,2535
4632,2658
4632,2689
4632,2909
4632,2940
4632,3000
4632,3084
4632,3106
4632,3393
4632,3447
4632,3460
4632,3643
4632,3752
4632,3770
4632,3796
4632,3843
4632,3885
4632,3910
4632,3958
4632,4011
4632,4037
4632,4040
4632,4071
4632,4103
4632,4124
4632,4212
4632,4261
4632,4297
4632,4315
4632,4355
4632,4361
4632,4412
4632,4435
4632,4482
4632,4588
4632,4653
4632,4666
4632,4792
4632,4808
4632,4814
4632,4828
4632,4846
4632,4940
4632,4964
4632,5002
4632,5012
4632,5020
4632,5022
4632,5079
4632,5092
4632,5100
4632,5148
4632,5189
4632,5215
4632,5222
4632,5233
4632,5288
4632,5335
4632,5404
4632,5423
4632,5466
4632,5484
4632,5524
4632,5529
4632,5539
4632,5559
4632,5568
4632,5671
4632,5683
4632,5693
4632,5760
4632,5800
4632,5807
4632,5872
4632,5933
4632,6043
4632,6097
4632,6151
4632,6174
4632,6227
4632,6299
4632,6305
4632,6327
4632,6414
4632,6422
4632,6523
4632,6555
4632,6618
4632,6634
4632,6665
4632,6737
4632,6780
4632,6860
4632,6875
4632,6914
4632,6933
4632,6934
4632,6946
4632,6948
4632,6955
4632,6976
4632,6979
4632,7005
4632,7021
4632,7052
4632,7073
4632,7092
4632,7094
4632,7143
4632,7295
4632,7341
4632,7351
4632,7373
4632,7381
4632,7391
4632,7510
4632,7587
4632,7618
4632,7620
4632,7624
4632,7646
4632,7695
4632,7699
4632,7726
4647,2145
4647,2326
4647,2565
4647,2696
4647,3447
4647,3456
4647,5412
4647,6907
4653,1385
4653,1680
4653,1799
4653,2354
4653,2386
4653,2398
4653,2516
4653,2592
4653,2605
4653,2689
4653,2822
4653,2831
4653,2909
4653,3089
4653,3106
4653,3276
4653,3291
4653,3393
4653,3417
4653,3447
4653,3453
4653,3455
4653,3456
4653,3459
4653,3460
4653,3537
4653,3664
4653,3691
4653,3796
4653,3897
4653,3910
4653,4098
4653,4127
4653,4191
4653,4315
4653,4335
4653,4355
4653,4400
4653,4448
4653,4468
4653,4482
4653,4530
4653,4536
4653,4547
4653,4587
4653,4600
4653,4631
4653,4632
4653,4661
4653,4777
4653,4828
4653,4964
4653,4983
4653,5020
4653,5162
4653,5189
4653,5204
4653,5210
4653,5215
4653,5222
4653,5392
4653,5423
4653,5454
4653,5459
4653,5484
4653,5509
4653,5545
4653,5563
4653,5637
4653,5650
4661,2517
4661,2811
4661,3321
4661,3635
4661,3796
4661,4037
4661,4261
4661,4335
4661,4547
4661,4662
4661,4719
4661,5459
4661,5563
4661,5596
4661,5822
4661,6555
4662,72
4662,346
4662,1549
4662,1769
4662,2398
4662,2576
4662,2917
4662,3073
4662,3238
4662,3276
4662,3321
4662,3334
4662,3460
4662,3631
4662,3796
4662,4037
4662,4044
4662,4361
4662,4536
4662,4666
4662,4780
4662,4820
4662,4953
4662,5452
4662,5454
4662,5459
4662,5693
4662,5760
4662,5897
4662,6624
4662,6665
4662,6774
4662,6946
4662,7073
4662,7143
4662,7620
4662,7699
4666,840
4666,3089
4666,3293
4666,3958
4666,4037
4666,4247
4666,5506
4666,6780
4666,7012
4666,7063
4706,4261
4706,4266
4706,4792
4709,3106
4709,3456
4709,3796
4709,4071
4709,4261
4709,4981
4709,5037
4709,5055
4709,5459
4709,5524
4709,6123
4709,7119
4709,7510
4712,737
4712,967
4712,1026
4712,1310
4712,1799
4712,1982
4712,2364
4712,2398
4712,2535
4712,2565
4712,2831
4712,2851
4712,2909
4712,3089
4712,3238
4712,3334
4712,3459
4712,3635
4712,3643
4712,3726
4712,3885
4712,3897
4712,3910
4712,4037
4712,4247
4712,4335
4712,4361
4712,4717
4712,4735
4712,4828
4712,4846
4712,4875
4712,5002
4712,5028
4712,5189
4712,5233
4712,5288
4712,5449
4712,5452
4712,5459
4712,5524
4712,5543
4712,5545
4712,5651
4712,5776
4712,5800
4712,5811
4712,6123
4712,6270
4712,6330
4712,6560
4712,6789
4712,6833
4712,6855
4712,6860
4712,6942
4712,6955
4712,6994
4712,7047
4712,7054
4712,7088
4712,7092
4712,7144
4712,7214
4712,7225
4712,7237
4712,7279
4712,7373
4712,7422
4712,7478
4712,7553
4712,7587
4712,7632
4712,7673
4712,7699
4712,7707
4717,737
4717,967
4717,2381
4717,2456
4717,2516
4717,2565
4717,2658
4717,2831
4717,3084
4717,3089
4717,3293
4717,3334
4717,3459
4717,3796
4717,4448
4717,4536
4717,4587
4717,4666
4717,4712
4717,4719
4717,4764
4717,4814
4717,4828
4717,5524
4717,5596
4717,5650
4717,5697
4717,5760
4717,5829
4717,6272
4717,6555
4717,6560
4717,6832
4717,6979
4717,7131
4717,7277
4717,7381
4717,7618
4717,7620
4764,2398
4764,3000
4764,3084
4764,3089
4764,3293
4764,3352
4764,3459
4764,3631
4764,3796
4764,4037
4764,4488
4764,4536
4764,4547
4764,4712
4764,4717
4764,4875
4764,5022
4764,5106
4764,5454
4764,5484
4764,5543
4764,5800
4764,5818
4764,6043
4764,6123
4764,6243
4764,6442
4764,6560
4764,6665
4764,6832
4764,6901
4764,7092
4764,7143
4764,7233
4764,7279
4764,7373
4764,7662
4767,2535
4767,2565
4767,5543
4767,6832
4767,7092
4777,4778
4778,4780
4792,737
4792,2565
4792,3084
4792,3447
4792,3796
4792,3962
4792,4400
4792,4507
4792,4653
4792,4666
4792,4706
4792,4777
4792,4796
4792,4981
4792,5020
4792,5022
4792,5028
4792,5079
4792,5148
4792,5459
4792,5465
4792,5466
4792,5524
4792,5605
4792,5739
4792,5829
4792,5871
4792,6032
4792,6044
4792,6560
4792,6634
4792,6665
4792,6783
4792,6832
4792,6869
4792,7092
4792,7280
4792,7414
4792,7574
4792,7632
4796,737
4796,1548
4814,1360
4814,2364
4814,3455
4814,3854
4814,3897
4814,4189
4814,4777
4814,4827
4814,4938
4814,4999
4814,5199
4814,5459
4814,6422
4814,6503
4814,7295
4814,7301
4824,72
4824,737
4824,1799
4824,2364
4824,2398
4824,2516
4824,2576
4824,2605
4824,2775
4824,2831
4824,3089
4824,3456
4824,3459
4824,3537
4824,3958
4824,4335
4824,4500
4824,4600
4824,4653
4824,4706
4824,4777
4824,4792
4824,4828
4824,4929
4824,4981
4824,4986
4824,5020
4824,5079
4824,5215
4824,5288
4824,5289
4824,5321
4824,5432
4824,5459
4824,5506
4824,5650
4824,5651
4824,5693
4824,5902
4824,6720
4824,6913
4824,6976
4827,4828
4828,737
4828,840
4828,1385
4828,1549
4828,1982
4828,2516
4828,2565
4828,2822
4828,3089
4828,3238
4828,3291
4828,3346
4828,3752
4828,3792
4828,3796
4828,3976
4828,4098
4828,4448
4828,4482
4828,4488
4828,4530
4828,4666
4828,4712
4828,4717
4828,4764
4828,4944
4828,5020
4828,5239
4828,5321
4828,5335
4828,5404
4828,5449
4828,5452
4828,5465
4828,5506
4828,5524
4828,5545
4828,5563
4828,5596
4828,5697
4828,5714
4828,5739
4828,5806
4828,5811
4828,5818
4828,5829
4828,5871
4828,5872
4828,5922
4828,6004
4828,6044
4828,6272
4828,6305
4828,6327
4828,6330
4828,6347
4828,6388
4828,6422
4828,6424
4828,6503
4828,6555
4828,6613
4828,6624
4828,6665
4828,6765
4828,6783
4828,6790
4828,6832
4828,6850
4828,6855
4828,6860
4828,6869
4828,6901
4828,6913
4828,6930
4828,6942
4828,6953
4828,6955
4828,6979
4828,6982
4828,6994
4828,7052
4828,7373
4828,7386
4828,7414
4828,7553
4828,7587
4828,7593
4828,7634
4843,2237
4843,2354
4843,2398
4843,2565
4843,3084
4843,4037
4843,4247
4843,4335
4843,4600
4843,4879
4843,5423
4843,5449
4843,5452
4843,5484
4843,5511
4843,5651
4843,5714
4843,6790
4843,7478
4846,737
4846,2237
4846,2381
4846,2398
4846,2592
4846,3456
4846,3664
4846,3691
4846,4189
4846,4191
4846,4335
4846,4400
4846,4448
4846,4587
4846,4600
4846,4632
4846,4653
4846,4824
4846,4828
4846,4964
4846,5092
4846,5106
4846,5189
4846,5239
4846,5341
4846,5484
4846,5511
4846,5545
4846,5563
4846,5568
4846,5592
4879,1026
4879,2565
4879,2940
4879,3334
4879,3459
4879,3537
4879,3885
4879,4341
4879,5289
4879,5760
4879,5806
4879,5835
4879,5872
4879,6243
4879,6665
4879,6907
4879,7279
4879,7362
4879,7378
4879,7386
4879,7414
4879,7553
4879,7561
4879,7587
4884,3334
4884,4037
4884,7632
4929,2381
4929,2516
4929,3456
4929,4536
4929,5144
4938,737
4938,2822
4938,3417
4938,4600
4938,5162
4938,5222
4938,5341
4938,5412
4938,5452
4938,5506
4938,5511
4944,3898
4944,4044
4944,4986
4964,737
4964,2364
4964,2369
4964,2398
4964,2516
4964,3089
4964,3284
4964,3393
4964,3447
4964,3537
4964,3631
4964,3664
4964,3796
4964,3854
4964,3910
4964,4037
4964,4124
4964,4297
4964,4448
4964,4653
4964,5055
4964,5073
4964,5092
4964,5100
4964,5106
4964,5204
4964,5222
4964,5321
4964,5404
4964,5412
4964,5459
4964,5524
4964,5760
4964,6414
4964,6770
4964,7101
4964,7214
4967,737
4967,840
4967,1247
4967,1403
4967,1549
4967,1799
4967,2160
4967,2258
4967,2364
4967,2381
4967,2398
4967,2433
4967,2511
4967,2516
4967,2565
4967,2576
4967,2592
4967,2605
4967,2689
4967,2764
4967,2775
4967,2785
4967,2822
4967,2831
4967,2909
4967,3002
4967,3027
4967,3089
4967,3092
4967,3103
4967,3238
4967,3291
4967,3393
4967,3417
4967,3456
4967,3459
4967,3460
4967,3537
4967,3631
4967,3643
4967,3664
4967,3691
4967,3792
4967,3796
4967,3803
4967,3813
4967,3830
4967,3843
4967,3854
4967,3897
4967,3910
4967,3958
4967,4037
4967,4065
4967,4124
4967,4127
4967,4134
4967,4247
4967,4297
4967,4315
4967,4335
4967,4355
4967,4400
4967,4448
4967,4482
4967,4488
4967,4500
4967,4530
4967,4536
4967,4547
4967,4587
4967,4600
4967,4653
4967,4666
4967,4709
4967,4712
4967,4713
4967,4717
4967,4764
4967,4824
4967,4828
4967,4846
4967,4929
4967,4944
4967,4964
4967,4986
4967,4999
4967,5002
4967,5020
4967,5026
4967,5037
4967,5055
4967,5058
4967,5073
4967,5092
4967,5100
4967,5106
4967,5130
4967,5144
4967,5179
4967,5189
4967,5204
4967,5210
4967,5222
4967,5239
4967,5335
4967,5392
4967,5404
4967,5412
4967,5423
4967,5430
4967,5432
4967,5459
4967,5465
4967,5506
4967,5509
4967,5524
4967,5543
4967,5545
4967,5563
4967,5568
4967,5596
4967,5637
4967,5650
4967,5651
4967,5693
4967,5697
4967,5714
4967,5739
4967,5776
4967,5802
4967,5807
4967,5814
4967,5818
4967,5822
4967,5829
4967,5871
4967,5922
4967,5932
4967,5998
4967,6097
4967,6227
4967,6272
4967,6327
4967,6330
4967,6496
4967,6523
4967,6560
4967,6624
4967,6634
4967,6720
4967,6770
4967,6774
4967,6783
4967,6790
4967,6860
4967,6869
4967,6873
4967,6897
4967,6901
4967,6930
4967,6945
4967,6946
4967,6955
4967,6976
4967,7021
4967,7101
4967,7115
4967,7119
4967,7143
4967,7144
4967,7214
4967,7561
4981,1310
4981,1385
4981,1982
4981,2398
4981,2658
4981,2689
4981,2787
4981,2909
4981,3084
4981,3752
4981,3962
4981,4037
4981,4191
4981,4335
4981,4587
4981,4712
4981,4983
4981,5002
4981,5037
4981,5073
4981,5079
4981,5430
4981,5605
4981,5671
4981,5714
4981,5807
4981,6151
4981,6555
4981,6560
4981,6774
4981,6790
4981,6979
4981,7021
4981,7063
4981,7092
4981,7341
4981,7510
4981,7553
4981,7587
4983,1310
4983,4981
4986,3898
5002,72
5002,737
5002,840
5002,1403
5002,1549
5002,1680
5002,2398
5002,2511
5002,2565
5002,2851
5002,2940
5002,3456
5002,3459
5002,3631
5002,3643
5002,3796
5002,3803
5002,3897
5002,4037
5002,4315
5002,4400
5002,4448
5002,4536
5002,4632
5002,4653
5002,4709
5002,4713
5002,4792
5002,4964
5002,4981
5002,5037
5002,5144
5002,5148
5002,5189
5002,5199
5002,5204
5002,5210
5002,5233
5002,5239
5002,5404
5002,5432
5002,5459
5002,5484
5002,5773
5002,5800
5002,5802
5002,5806
5002,5814
5002,5822
5002,5872
5002,6123
5002,6198
5002,6327
5002,6555
5002,6618
5002,6665
5002,6720
5002,6774
5002,6832
5002,6914
5002,6946
5002,6948
5002,6979
5002,6980
5002,7052
5002,7092
5002,7115
5002,7119
5002,7143
5002,7144
5002,7186
5002,7301
5002,7373
5002,7414
5002,7442
5002,7553
5002,7620
5002,7662
5002,7763
5012,2398
5012,2764
5012,3393
5012,3417
5012,3447
5012,4124
5012,4335
5012,4666
5012,4964
5012,4983
5012,5568
5012,5640
5012,6613
5020,72
5020,1026
5020,1247
5020,1385
5020,1548
5020,1549
5020,1680
5020,1799
5020,1982
5020,2354
5020,2381
5020,2398
5020,2516
5020,2565
5020,2785
5020,2822
5020,2902
5020,3027
5020,3089
5020,3103
5020,3106
5020,3334
5020,3393
5020,3417
5020,3456
5020,3459
5020,3460
5020,3643
5020,3897
5020,3910
5020,3976
5020,4335
5020,4400
5020,4482
5020,4500
5020,4530
5020,4653
5020,4666
5020,4777
5020,4824
5020,4875
5020,4929
5020,4964
5020,5022
5020,5073
5020,5130
5020,5148
5020,5162
5020,5204
5020,5233
5020,5245
5020,5288
5020,5321
5020,5335
5020,5341
5020,5392
5020,5412
5020,5423
5020,5430
5020,5449
5020,5452
5020,5484
5020,5506
5020,5509
5020,5511
5020,5543
5020,5545
5020,5559
5020,5563
5020,5592
5020,5640
5020,5651
5020,5697
5020,5760
5020,5772
5020,5817
5020,5872
5020,6327
5020,6414
5020,6422
5020,6994
5020,7050
5020,7478
5020,7553
5020,7632
5022,1493
5022,1549
5022,1823
5022,1982
5022,2160
5022,2433
5022,2535
5022,3291
5022,3459
5022,3830
5022,3897
5022,4065
5022,4134
5022,4488
5022,4507
5022,4709
5022,4875
5022,5020
5022,5037
5022,5179
5022,5210
5022,5233
5022,5335
5022,5404
5022,5423
5022,5524
5022,5543
5022,5545
5022,5563
5022,5697
5022,5739
5022,5760
5022,5807
5022,5814
5022,5818
5022,5824
5022,5829
5022,6151
5022,6305
5022,6327
5022,6330
5022,6347
5022,6388
5022,6417
5022,6424
5022,6523
5022,6555
5022,6634
5022,6665
5022,6720
5022,6765
5022,6770
5022,6783
5022,6789
5022,6790
5022,6833
5022,6850
5022,6855
5022,6860
5022,6897
5022,6930
5022,6933
5022,6934
5022,6945
5022,6948
5022,6953
5022,6955
5022,6979
5028,3238
5028,3452
5028,3897
5028,3962
5028,4037
5028,4361
5028,4653
5028,4981
5028,4986
5028,5022
5028,5079
5028,5605
5028,5614
5028,5671
5028,5814
5028,5839
5028,6414
5028,6665
5028,6907
5028,7047
5028,7052
5028,7092
5028,7115
5028,7116
5028,7618
5028,7620
5028,7632
5028,7683
5037,2787
5037,3089
5037,3334
5037,3459
5037,3796
5037,4530
5037,4536
5037,4712
5037,5055
5037,5295
5037,5563
5037,5605
5079,737
5079,1247
5079,1549
5079,1680
5079,1799
5079,1982
5079,2369
5079,2381
5079,2398
5079,2433
5079,2516
5079,2535
5079,2565
5079,2576
5079,2605
5079,2831
5079,2902
5079,2909
5079,3084
5079,3089
5079,3103
5079,3284
5079,3291
5079,3297
5079,3334
5079,3346
5079,3417
5079,3456
5079,3459
5079,3460
5079,3643
5079,3691
5079,3792
5079,3796
5079,3830
5079,3897
5079,3976
5079,4065
5079,4098
5079,4134
5079,4247
5079,4335
5079,4361
5079,4400
5079,4401
5079,4448
5079,4468
5079,4530
5079,4536
5079,4547
5079,4587
5079,4631
5079,4653
5079,4666
5079,4712
5079,4717
5079,4777
5079,4824
5079,4828
5079,4846
5079,4875
5079,4929
5079,4940
5079,4944
5079,4964
5079,4981
5079,4983
5079,4986
5079,5002
5079,5020
5079,5037
5079,5100
5079,5130
5079,5144
5079,5148
5079,5189
5079,5199
5079,5204
5079,5215
5079,5233
5079,5289
5079,5321
5079,5335
5079,5404
5079,5449
5079,5454
5079,5459
5079,5466
5079,5506
5079,5524
5079,5539
5079,5543
5079,5545
5079,5563
5079,5568
5079,5596
5079,5637
5079,5693
5079,5697
5079,5714
5079,5739
5079,5760
5079,5802
5079,5811
5079,5812
5079,5814
5079,5817
5079,5824
5079,5829
5079,5871
5079,5872
5079,5902
5079,6272
5079,6299
5079,6320
5079,6347
5079,6388
5079,6417
5079,6422
5079,6523
5079,6555
5079,6560
5079,6618
5079,6665
5079,6714
5079,6720
5079,6736
5079,6765
5079,6774
5079,6832
5079,6833
5079,6855
5079,6897
5079,6913
5079,6934
5079,6946
5079,6948
5079,6976
5079,7047
5079,7108
5079,7238
5079,7295
5079,7319
5079,7478
5079,7553
5079,7632
5079,7699
5096,5100
5096,5412
5096,5683
5096,6044
5096,6174
5096,6442
5096,7238
5102,737
5102,1403
5102,2565
5102,2785
5102,3238
5102,3293
5102,3459
5102,3643
5102,4037
5102,4507
5102,4875
5102,5012
5102,5022
5102,5028
5102,5079
5102,5106
5102,5210
5102,5288
5102,5484
5102,5605
5102,5773
5102,5812
5102,5814
5102,5818
5102,5922
5102,6227
5102,6330
5102,6442
5102,6875
5102,6918
5102,6980
5102,7115
5102,7201
5102,7225
5102,7280
5102,7553
5102,7561
5102,7618
5102,7620
5106,1403
5106,1680
5106,1982
5106,2822
5106,2851
5106,3103
5106,3643
5106,4037
5106,4335
5106,4400
5106,4983
5106,5022
5106,5210
5106,5412
5106,5459
5106,5543
5106,5922
5106,6000
5106,6227
5106,6832
5106,6875
5106,6980
5106,7280
5162,4600
5162,4666
5162,7553
5173,155
5173,840
5173,938
5173,1026
5173,1982
5173,2565
5173,2775
5173,3334
5173,3346
5173,3459
5173,3631
5173,3796
5173,3885
5173,3962
5173,3969
5173,4037
5173,4247
5173,4432
5173,4536
5173,4764
5173,4875
5173,4940
5173,5012
5173,5148
5173,5179
5173,5199
5173,5210
5173,5233
5173,5384
5173,5404
5173,5421
5173,5465
5173,5484
5173,5500
5173,5529
5173,5640
5173,5683
5173,5714
5173,5772
5173,5773
5173,5800
5173,5806
5173,5812
5173,5839
5173,5902
5173,5922
5173,5998
5173,6000
5173,6270
5173,6299
5173,6327
5173,6414
5173,6523
5173,6555
5173,6560
5173,6634
5173,6665
5173,6714
5173,6736
5173,6789
5173,6832
5173,6907
5173,6918
5173,6946
5173,6976
5173,6979
5173,7050
5173,7052
5173,7054
5173,7073
5173,7092
5173,7108
5173,7119
5173,7225
5173,7238
5173,7279
5173,7295
5173,7301
5173,7351
5173,7373
5173,7378
5173,7389
5173,7400
5173,7414
5173,7422
5173,7497
5173,7512
5173,7529
5173,7553
5173,7620
5173,7632
5179,155
5179,737
5179,1549
5179,1982
5179,2160
5179,2258
5179,2398
5179,2535
5179,2565
5179,2576
5179,2605
5179,2764
5179,2851
5179,3000
5179,3084
5179,3238
5179,3459
5179,3631
5179,3643
5179,3792
5179,3796
5179,3803
5179,3897
5179,3958
5179,3969
5179,4037
5179,4071
5179,4247
5179,4335
5179,4361
5179,4530
5179,4536
5179,4600
5179,4653
5179,4666
5179,4712
5179,4828
5179,4846
5179,4875
5179,4964
5179,5002
5179,5012
5179,5020
5179,5022
5179,5079
5179,5210
5179,5233
5179,5288
5179,5335
5179,5404
5179,5423
5179,5454
5179,5459
5179,5509
5179,5524
5179,5529
5179,5543
5179,5563
5179,5568
5179,5592
5179,5637
5179,5640
5179,5683
5179,5693
5179,5697
5179,5739
5179,5760
5179,5776
5179,5800
5179,5802
5179,5807
5179,5814
5179,5871
5179,5902
5179,5998
5179,6123
5179,6151
5179,6270
5179,6272
5179,6299
5179,6305
5179,6327
5179,6330
5179,6388
5179,6414
5179,6523
5179,6560
5179,6618
5179,6634
5179,6665
5179,6714
5179,6765
5179,6832
5179,6855
5179,6860
5179,6907
5179,6913
5179,6918
5179,6945
5179,6946
5179,6948
5179,6979
5179,6982
5179,7047
5179,7054
5179,7088
5179,7092
5179,7144
5179,7233
5179,7237
5179,7373
5179,7517
5179,7544
5179,7553
5179,7587
5179,7620
5179,7632
5179,7646
5179,7662
5179,7683
5179,7699
5189,72
5189,737
5189,1247
5189,1498
5189,1548
5189,1549
5189,1799
5189,1823
5189,2160
5189,2258
5189,2354
5189,2398
5189,2516
5189,2535
5189,2576
5189,2605
5189,2764
5189,2822
5189,2831
5189,2909
5189,3027
5189,3084
5189,3089
5189,3103
5189,3238
5189,3334
5189,3417
5189,3456
5189,3459
5189,3460
5189,3796
5189,3803
5189,3885
5189,3897
5189,3910
5189,3958
5189,3962
5189,3976
5189,4037
5189,4098
5189,4191
5189,4247
5189,4335
5189,4341
5189,4361
5189,4400
5189,4448
5189,4500
5189,4587
5189,4600
5189,4631
5189,4653
5189,4712
5189,4717
5189,4777
5189,4824
5189,4828
5189,4875
5189,4929
5189,4940
5189,4964
5189,4986
5189,5022
5189,5079
5189,5096
5189,5233
5189,5288
5189,5289
5189,5321
5189,5335
5189,5341
5189,5392
5189,5404
5189,5412
5189,5423
5189,5430
5189,5449
5189,5454
5189,5459
5189,5465
5189,5466
5189,5506
5189,5509
5189,5524
5189,5529
5189,5543
5189,5545
5189,5559
5189,5563
5189,5568
5189,5592
5189,5596
5189,5637
5189,5640
5189,5651
5189,5683
5189,5693
5189,5697
5189,5760
5189,5800
5189,5806
5189,5812
5189,5817
5189,5824
5189,5829
5189,5839
5189,5872
5189,6004
5189,6044
5189,6123
5189,6305
5189,6327
5189,6330
5189,6417
5189,6523
5189,6555
5189,6560
5189,6613
5189,6618
5189,6634
5189,6665
5189,6774
5189,6832
5189,6855
5189,6897
5189,6913
5189,6918
5189,6946
5189,6979
5189,6994
5189,7021
5189,7050
5189,7052
5189,7059
5189,7092
5189,7094
5189,7101
5189,7115
5189,7120
5189,7131
5189,7214
5189,7373
5189,7378
5189,7414
5189,7478
5189,7510
5189,7553
5189,7618
5189,7620
5189,7624
5189,7632
5189,7662
5189,7683
5189,7695
5189,7699
5189,7701
5199,1823
5199,2535
5199,2658
5199,2940
5199,4875
5199,5204
5199,5459
5199,5829
5199,6422
5199,6560
5199,7012
5199,7279
5199,7378
5199,7587
5199,7649
5215,6832
5215,7279
5215,7414
5215,7553
5233,737
5233,1385
5233,1680
5233,2909
5233,2940
5233,3027
5233,3103
5233,3106
5233,3393
5233,3897
5233,4071
5233,4127
5233,5239
5233,5288
5233,5430
5233,5818
5233,6004
5233,6044
5233,6780
5233,6914
5233,7092
5233,7301
5246,1026
5246,1982
5246,2354
5246,2822
5246,3089
5246,3459
5246,3643
5246,3910
5246,4361
5246,4400
5246,4712
5246,5245
5246,5392
5246,5524
5246,5543
5246,5582
5246,5839
5246,6596
5246,6832
5246,6976
5246,6993
5246,7301
5246,7620
5289,4824
5289,5233
5289,5592
5289,6004
5289,7092
5295,2398
5295,2785
5295,3417
5295,4191
5295,4400
5295,4530
5295,4536
5295,4777
5295,5079
5295,5199
5295,5210
5295,5321
5295,5506
5295,5839
5295,7225
5295,7620
5295,7632
5321,2398
5321,2909
5321,4191
5321,4335
5321,5189
5321,5233
5321,5341
5321,5449
5321,5484
5321,5683
5321,5693
5321,5872
5378,2785
5378,4037
5378,4401
5378,4507
5378,5432
5378,5812
5378,6044
5378,6737
5378,6780
5378,6946
5378,7050
5384,1247
5384,4400
5404,2398
5404,2535
5404,3334
5404,4335
5404,4361
5404,4536
5404,4846
5404,4875
5404,5020
5404,5189
5404,5233
5404,5412
5404,5454
5404,5902
5404,6299
5404,6388
5404,6714
5404,6833
5404,7295
5404,7620
5404,7646
5404,7699
5406,5412
5421,3456
5421,4500
5421,4777
5421,5423
5423,2535
5423,2940
5423,3897
5423,4361
5423,5179
5423,6000
5423,6388
5423,6496
5423,6789
5423,6832
5423,6953
5423,7381
5423,7646
5430,3830
5430,4712
5430,6833
5432,1247
5432,5378
5452,4335
5452,4530
5452,4712
5452,4875
5452,5037
5452,5596
5452,5739
5452,5822
5452,6388
5452,6860
5452,7073
5452,7115
5454,3958
5454,4191
5454,4335
5454,4361
5454,4530
5454,4712
5454,4981
5454,5452
5454,5459
5454,5563
5454,5605
5454,6634
5454,6832
5454,7373
5454,7381
5466,6634
5484,737
5484,3089
5484,3459
5484,4600
5484,4653
5484,5020
5484,5459
5484,5563
5484,6044
5484,6790
5484,7092
5500,5452
5511,4335
5511,5693
5524,155
5524,840
5524,967
5524,1026
5524,1191
5524,1403
5524,1498
5524,1549
5524,1982
5524,2160
5524,2433
5524,2565
5524,2658
5524,2785
5524,2851
5524,2940
5524,3000
5524,3084
5524,3089
5524,3238
5524,3291
5524,3293
5524,3310
5524,3334
5524,3346
5524,3381
5524,3459
5524,3631
5524,3726
5524,3752
5524,3792
5524,3803
5524,3830
5524,3885
5524,3897
5524,3962
5524,4037
5524,4065
5524,4071
5524,4134
5524,4191
5524,4341
5524,4361
5524,4432
5524,4435
5524,4488
5524,4507
5524,4536
5524,4632
5524,4666
5524,4709
5524,4712
5524,4713
5524,4717
5524,4764
5524,4828
5524,4875
5524,4944
5524,4981
5524,4983
5524,5002
5524,5012
5524,5020
5524,5022
5524,5028
5524,5037
5524,5079
5524,5096
5524,5148
5524,5179
5524,5199
5524,5210
5524,5233
5524,5246
5524,5288
5524,5289
5524,5295
5524,5335
5524,5378
5524,5384
5524,5404
5524,5406
5524,5423
5524,5459
5524,5465
5524,5466
5524,5484
5524,5500
5524,5529
5524,5543
5524,5563
5524,5582
5524,5596
5524,5605
5524,5614
5524,5671
5524,5697
5524,5714
5524,5739
5524,5760
5524,5773
5524,5776
5524,5800
5524,5802
5524,5811
5524,5812
5524,5814
5524,5818
5524,5822
5524,5829
5524,5835
5524,5839
5524,5871
5524,5872
5524,5897
5524,5902
5524,5922
5524,5932
5524,5933
5524,5998
5524,6004
5524,6032
5524,6043
5524,6044
5524,6097
5524,6123
5524,6151
5524,6174
5524,6227
5524,6241
5524,6243
5524,6270
5524,6272
5524,6299
5524,6305
5524,6320
5524,6327
5524,6330
5524,6347
5524,6388
5524,6414
5524,6417
5524,6422
5524,6496
5524,6503
5524,6523
5524,6555
5524,6560
5524,6613
5524,6618
5524,6624
5524,6634
5524,6665
5524,6712
5524,6714
5524,6736
5524,6765
5524,6770
5524,6774
5524,6780
5524,6789
5524,6790
5524,6832
5524,6833
5524,6850
5524,6855
5524,6860
5524,6869
5524,6873
5524,6875
5524,6897
5524,6901
5524,6907
5524,6913
5524,6914
5524,6918
5524,6930
5524,6934
5524,6945
5524,6946
5524,6955
5524,6976
5524,6979
5524,6980
5524,6993
5524,7005
5524,7012
5524,7021
5524,7047
5524,7050
5524,7052
5524,7054
5524,7059
5524,7063
5524,7073
5524,7088
5524,7092
5524,7094
5524,7101
5524,7108
5524,7115
5524,7119
5524,7131
5524,7143
5524,7186
5524,7214
5524,7225
5524,7233
5524,7237
5524,7277
5524,7279
5524,7280
5524,7295
5524,7301
5524,7341
5524,7351
5524,7362
5524,7373
5524,7378
5524,7381
5524,7386
5524,7391
5524,7400
5524,7414
5524,7422
5524,7442
5524,7443
5524,7450
5524,7478
5524,7497
5524,7510
5524,7512
5524,7529
5524,7544
5524,7553
5524,7587
5524,7588
5524,7618
5524,7620
5524,7624
5524,7632
5524,7646
5524,7649
5524,7651
5524,7662
5524,7683
5524,7694
5524,7695
5524,7699
5524,7707
5524,7726
5524,7757
5524,7763
5529,840
5529,1982
5529,3459
5529,3631
5529,4071
5529,4134
5529,5022
5529,5079
5529,5210
5529,5289
5529,5465
5529,5839
5529,5998
5529,6044
5529,6327
5529,6330
5529,6560
5529,6955
5529,6979
5529,7092
5529,7144
5529,7214
5529,7443
5529,7510
5529,7553
5529,7618
5529,7649
5529,7699
5531,72
5531,155
5531,737
5531,840
5531,1026
5531,1403
5531,1548
5531,1549
5531,1823
5531,1982
5531,2160
5531,2433
5531,2565
5531,2940
5531,3000
5531,3089
5531,3291
5531,3393
5531,3459
5531,3631
5531,3792
5531,3803
5531,3885
5531,3897
5531,3969
5531,3976
5531,4037
5531,4065
5531,4134
5531,4191
5531,4335
5531,4341
5531,4412
5531,4488
5531,4530
5531,4536
5531,4632
5531,4709
5531,4712
5531,4713
5531,4764
5531,4828
5531,4875
5531,4884
5531,5002
5531,5012
5531,5179
5531,5199
5531,5210
5531,5233
5531,5288
5531,5295
5531,5321
5531,5335
5531,5384
5531,5404
5531,5423
5531,5454
5531,5459
5531,5524
5531,5543
5531,5563
5531,5596
5531,5637
5531,5683
5531,5714
5531,5739
5531,5760
5531,5776
5531,5800
5531,5802
5531,5806
5531,5814
5531,5818
5531,5829
5531,5871
5531,5897
5531,6000
5531,6004
5531,6151
5531,6243
5531,6272
5531,6299
5531,6305
5531,6327
5531,6330
5531,6347
5531,6388
5531,6414
5531,6417
5531,6442
5531,6496
5531,6503
5531,6560
5531,6613
5531,6634
5531,6665
5531,6720
5531,6736
5531,6770
5531,6774
5531,6783
5531,6790
5531,6832
5531,6833
5531,6850
5531,6855
5531,6860
5531,6869
5531,6897
5531,6901
5531,6907
5531,6913
5531,6930
5531,6933
5531,6946
5531,7052
5531,7054
5531,7073
5531,7088
5531,7094
5531,7108
5531,7115
5531,7143
5531,7279
5531,7351
5531,7373
5531,7378
5531,7414
5531,7422
5531,7450
5531,7478
5531,7510
5531,7512
5531,7553
5531,7561
5531,7587
5543,737
5543,1549
5543,2511
5543,2535
5543,2565
5543,2658
5543,2851
5543,2940
5543,3089
5543,3334
5543,3456
5543,3459
5543,3643
5543,3792
5543,3830
5543,3962
5543,4037
5543,4065
5543,4134
5543,4488
5543,4764
5543,4828
5543,4944
5543,5079
5543,5096
5543,5199
5543,5233
5543,5295
5543,5335
5543,5384
5543,5423
5543,5524
5543,5545
5543,5563
5543,5596
5543,5697
5543,5739
5543,5800
5543,5806
5543,5807
5543,5818
5543,5822
5543,5872
5543,5897
5543,5998
5543,6123
5543,6227
5543,6272
5543,6299
5543,6305
5543,6330
5543,6555
5543,6624
5543,6736
5543,6774
5543,6790
5543,6832
5543,6855
5543,6860
5543,6869
5543,6873
5543,6897
5543,6901
5543,6930
5543,6945
5543,6953
5543,6955
5543,6979
5543,6982
5543,7063
5543,7092
5543,7101
5543,7119
5543,7131
5543,7143
5543,7279
5543,7373
5543,7414
5543,7478
5543,7510
5582,1549
5582,2160
5582,2433
5582,2764
5582,2785
5582,2851
5582,3291
5582,3631
5582,3643
5582,3803
5582,3830
5582,4037
5582,4065
5582,4536
5582,4666
5582,4709
5582,4713
5582,4717
5582,4944
5582,4964
5582,5002
5582,5037
5582,5288
5582,5384
5582,5432
5582,5543
5582,5545
5582,5714
5582,5776
5582,5802
5582,5822
5582,5824
5582,5829
5582,5922
5582,5932
5582,5998
5582,6004
5582,6097
5582,6299
5582,6327
5582,6347
5582,6496
5582,6613
5582,6624
5582,6634
5582,6665
5582,6720
5582,6774
5582,6783
5582,6833
5582,6855
5582,6913
5582,6955
5582,6976
5582,7073
5582,7108
5582,7119
5582,7143
5582,7144
5582,7214
5582,7301
5596,3631
5596,4098
5596,4134
5596,5459
5596,5563
5596,5697
5596,5800
5596,5822
5596,5871
5596,6496
5596,6783
5596,7052
5596,7108
5605,2398
5605,3334
5605,4536
5605,4981
5605,5028
5605,5037
5605,7632
5614,2398
5614,3293
5614,4037
5614,4335
5614,4940
5614,6780
5617,72
5617,1026
5617,2398
5617,2565
5617,3459
5617,3976
5617,5020
5617,5022
5617,5233
5617,5772
5617,5800
5617,6044
5617,7553
5617,7632
5640,3976
5650,1191
5671,3770
5671,4335
5671,6979
5697,72
5697,1026
5697,1549
5697,1982
5697,2160
5697,2433
5697,2565
5697,2785
5697,3084
5697,3089
5697,3334
5697,3459
5697,3631
5697,3792
5697,3803
5697,3830
5697,3897
5697,3976
5697,4037
5697,4065
5697,4134
5697,4401
5697,4412
5697,4488
5697,4536
5697,4666
5697,4709
5697,4712
5697,4713
5697,4717
5697,4764
5697,4944
5697,5002
5697,5022
5697,5037
5697,5079
5697,5199
5697,5210
5697,5233
5697,5288
5697,5295
5697,5321
5697,5423
5697,5484
5697,5524
5697,5543
5697,5563
5697,5596
5697,5605
5697,5714
5697,5739
5697,5773
5697,5776
5697,5800
5697,5802
5697,5807
5697,5814
5697,5818
5697,5822
5697,5829
5697,5871
5697,5872
5697,5932
5697,5998
5697,6227
5697,6270
5697,6272
5697,6305
5697,6327
5697,6330
5697,6347
5697,6417
5697,6496
5697,6523
5697,6560
5697,6613
5697,6624
5697,6634
5697,6665
5697,6765
5697,6770
5697,6774
5697,6783
5697,6790
5697,6855
5697,6860
5697,6869
5697,6873
5697,6897
5697,6901
5697,6930
5697,6955
5697,6979
5697,6994
5697,7052
5697,7094
5697,7101
5697,7115
5697,7119
5697,7144
5697,7214
5697,7362
5697,7553
5697,7620
5714,1549
5714,2576
5714,2851
5714,3334
5714,3643
5714,3792
5714,3897
5714,4981
5714,5459
5714,5543
5714,5760
5714,5818
5714,6833
5714,6930
5714,7115
5739,3459
5739,3643
5739,3792
5739,3897
5739,3976
5739,4828
5739,4875
5739,5210
5739,5524
5739,5543
5739,5563
5739,5800
5739,5802
5739,5829
5739,5871
5739,5872
5739,6424
5739,6624
5739,6765
5739,6774
5739,6833
5739,6869
5739,6901
5739,6934
5760,6299
5760,6832
5772,1493
5772,3459
5772,4536
5772,5020
5772,5288
5772,5800
5772,5811
5772,5829
5772,6004
5772,6299
5772,6560
5773,840
5773,1982
5773,2511
5773,2565
5773,3238
5773,3334
5773,3459
5773,3803
5773,4037
5773,4361
5773,4944
5773,5002
5773,5079
5773,5288
5773,5295
5773,5384
5773,5760
5773,5772
5773,5800
5773,5811
5773,5814
5773,5922
5773,5932
5773,6000
5773,6097
5773,6227
5773,6272
5773,6327
5773,6330
5773,6388
5773,6414
5773,6555
5773,6560
5773,6624
5773,6634
5773,6774
5773,6850
5773,6855
5773,6873
5773,6913
5773,6914
5773,6934
5773,6955
5773,6976
5773,6982
5773,7021
5773,7047
5773,7059
5773,7092
5773,7094
5773,7101
5773,7119
5773,7120
5773,7143
5773,7144
5773,7414
5773,7593
5773,7632
5773,7662
5773,7668
5776,5872
5776,5998
5776,7237
5776,7391
5776,7529
5776,7553
5776,7701
5796,1026
5796,1498
5796,1549
5796,1982
5796,2160
5796,2535
5796,2565
5796,2658
5796,2851
5796,2940
5796,3084
5796,3089
5796,3238
5796,3291
5796,3334
5796,3459
5796,3643
5796,3792
5796,3803
5796,3830
5796,3897
5796,4037
5796,4065
5796,4134
5796,4361
5796,4488
5796,4536
5796,4709
5796,4712
5796,4717
5796,4764
5796,4828
5796,4875
5796,4981
5796,4983
5796,5002
5796,5022
5796,5028
5796,5037
5796,5179
5796,5210
5796,5246
5796,5288
5796,5295
5796,5321
5796,5404
5796,5465
5796,5484
5796,5524
5796,5543
5796,5563
5796,5596
5796,5605
5796,5714
5796,5739
5796,5760
5796,5772
5796,5800
5796,5802
5796,5807
5796,5814
5796,5818
5796,5822
5796,5829
5796,5871
5796,5897
5796,5902
5796,6032
5796,6123
5796,6227
5796,6270
5796,6272
5796,6299
5796,6327
5796,6347
5796,6388
5796,6414
5796,6442
5796,6496
5796,6555
5796,6560
5796,6665
5796,6770
5796,6774
5796,6783
5796,6832
5796,6833
5796,6860
5796,6869
5796,6875
5796,6897
5796,6901
5796,6913
5796,6934
5796,6953
5796,6955
5796,6976
5796,6980
5796,7005
5796,7021
5796,7063
5796,7092
5796,7115
5796,7225
5796,7279
5796,7301
5796,7351
5796,7381
5796,7414
5796,7443
5796,7553
5796,7561
5796,7567
5796,7620
5796,7632
5796,7651
5796,7757
5800,840
5800,938
5800,1026
5800,1191
5800,1403
5800,1498
5800,1982
5800,2565
5800,2658
5800,2785
5800,3000
5800,3084
5800,3238
5800,3297
5800,3310
5800,3346
5800,3381
5800,3792
5800,3830
5800,3897
5800,3962
5800,4037
5800,4065
5800,4134
5800,4666
5800,4712
5800,4764
5800,4884
5800,4940
5800,4944
5800,4983
5800,5002
5800,5012
5800,5022
5800,5096
5800,5179
5800,5199
5800,5210
5800,5233
5800,5421
5800,5432
5800,5465
5800,5466
5800,5524
5800,5529
5800,5582
5800,5596
5800,5671
5800,5697
5800,5739
5800,5760
5800,5802
5800,5806
5800,5807
5800,5812
5800,5814
5800,5818
5800,5822
5800,5824
5800,5835
5800,5839
5800,5871
5800,5897
5800,5932
5800,5933
5800,5998
5800,6000
5800,6032
5800,6043
5800,6097
5800,6123
5800,6174
5800,6227
5800,6243
5800,6270
5800,6272
5800,6299
5800,6305
5800,6327
5800,6330
5800,6347
5800,6388
5800,6414
5800,6417
5800,6424
5800,6442
5800,6523
5800,6555
5800,6560
5800,6618
5800,6624
5800,6634
5800,6665
5800,6712
5800,6736
5800,6737
5800,6774
5800,6780
5800,6783
5800,6789
5800,6790
5800,6832
5800,6860
5800,6869
5800,6873
5800,6907
5800,6913
5800,6914
5800,6918
5800,6934
5800,6946
5800,6953
5800,6976
5800,6979
5800,6980
5800,6982
5800,6993
5800,6994
5800,7047
5800,7050
5800,7052
5800,7063
5800,7073
5800,7092
5800,7101
5800,7110
5800,7116
5800,7119
5800,7120
5800,7144
5800,7201
5800,7214
5800,7238
5800,7277
5800,7280
5800,7295
5800,7341
5800,7351
5800,7373
5800,7389
5800,7400
5800,7422
5800,7443
5800,7529
5800,7544
5800,7553
5800,7561
5800,7574
5800,7587
5800,7588
5800,7620
5800,7646
5800,7651
5800,7694
5800,7699
5800,7726
5800,7763
5802,155
5802,840
5802,938
5802,967
5802,1026
5802,1403
5802,1498
5802,1823
5802,1982
5802,2433
5802,2511
5802,2565
5802,2658
5802,2785
5802,2851
5802,2940
5802,3291
5802,3293
5802,3297
5802,3310
5802,3334
5802,3346
5802,3381
5802,3459
5802,3631
5802,3726
5802,3752
5802,3803
5802,3830
5802,3885
5802,3897
5802,3962
5802,3969
5802,4037
5802,4065
5802,4071
5802,4341
5802,4361
5802,4401
5802,4435
5802,4488
5802,4507
5802,4536
5802,4632
5802,4666
5802,4709
5802,4712
5802,4713
5802,4717
5802,4764
5802,4875
5802,4879
5802,4884
5802,4944
5802,4981
5802,4983
5802,5002
5802,5012
5802,5022
5802,5028
5802,5037
5802,5079
5802,5096
5802,5148
5802,5179
5802,5199
5802,5210
5802,5233
5802,5288
5802,5289
5802,5384
5802,5404
5802,5406
5802,5432
5802,5465
5802,5466
5802,5484
5802,5500
5802,5524
5802,5543
5802,5582
5802,5596
5802,5605
5802,5614
5802,5671
5802,5697
5802,5714
5802,5739
5802,5760
5802,5773
5802,5776
5802,5800
5802,5806
5802,5807
5802,5811
5802,5814
5802,5822
5802,5824
5802,5829
5802,5835
5802,5839
5802,5871
5802,5872
5802,5887
5802,5897
5802,5902
5802,5932
5802,5998
5802,6000
5802,6004
5802,6032
5802,6043
5802,6123
5802,6151
5802,6174
5802,6198
5802,6227
5802,6243
5802,6270
5802,6272
5802,6299
5802,6320
5802,6327
5802,6330
5802,6388
5802,6414
5802,6417
5802,6424
5802,6442
5802,6496
5802,6503
5802,6523
5802,6555
5802,6560
5802,6613
5802,6618
5802,6624
5802,6634
5802,6665
5802,6712
5802,6714
5802,6736
5802,6765
5802,6770
5802,6774
5802,6780
5802,6789
5802,6832
5802,6850
5802,6860
5802,6869
5802,6873
5802,6875
5802,6901
5802,6907
5802,6913
5802,6914
5802,6934
5802,6942
5802,6945
5802,6946
5802,6948
5802,6953
5802,6955
5802,6976
5802,6979
5802,6980
5802,6993
5802,6994
5802,7005
5802,7012
5802,7021
5802,7052
5802,7059
5802,7063
5802,7073
5802,7088
5802,7092
5802,7094
5802,7101
5802,7108
5802,7110
5802,7115
5802,7116
5802,7119
5802,7131
5802,7143
5802,7144
5802,7186
5802,7214
5802,7225
5802,7233
5802,7237
5802,7277
5802,7279
5802,7280
5802,7295
5802,7301
5802,7351
5802,7362
5802,7373
5802,7378
5802,7381
5802,7391
5802,7400
5802,7414
5802,7422
5802,7442
5802,7443
5802,7450
5802,7478
5802,7497
5802,7510
5802,7512
5802,7529
5802,7544
5802,7553
5802,7561
5802,7587
5802,7593
5802,7618
5802,7620
5802,7624
5802,7632
5802,7646
5802,7649
5802,7651
5802,7662
5802,7666
5802,7673
5802,7694
5802,7707
5802,7726
5802,7757
5802,7763
5802,7778
5806,1026
5806,2565
5806,3885
5806,3897
5806,4037
5806,4361
5806,5022
5806,5210
5806,5233
5806,5289
5806,5335
5806,5406
5806,5421
5806,5800
5806,5811
5806,5872
5806,5902
5806,6243
5806,6299
5806,6327
5806,6424
5806,6665
5806,6737
5806,6789
5806,6907
5806,6923
5806,6980
5806,7092
5806,7225
5806,7279
5806,7295
5806,7319
5806,7341
5806,7373
5806,7381
5806,7400
5806,7414
5806,7422
5806,7497
5806,7510
5806,7529
5806,7553
5806,7574
5806,7587
5806,7620
5807,840
5807,2940
5807,3334
5807,3803
5807,3897
5807,5384
5807,5776
5807,5922
5807,6004
5807,6327
5807,6417
5807,6765
5807,6897
5807,7094
5807,7101
5807,7115
5807,7116
5811,840
5811,1403
5811,1982
5811,2785
5811,3334
5811,3726
5811,3830
5811,3897
5811,4361
5811,4412
5811,4488
5811,4536
5811,4713
5811,5012
5811,5210
5811,5295
5811,5563
5811,5582
5811,5739
5811,5760
5811,5800
5811,5818
5811,5902
5811,6123
5811,6198
5811,6299
5811,6305
5811,6330
5811,6388
5811,6414
5811,6523
5811,6560
5811,6613
5811,6624
5811,6634
5811,6736
5811,6765
5811,6832
5811,6833
5811,6850
5811,6855
5811,6860
5811,6869
5811,6901
5811,6930
5811,6934
5811,6945
5811,6953
5811,6979
5811,6994
5811,7108
5811,7295
5811,7351
5811,7381
5811,7414
5812,2535
5812,3291
5812,3459
5812,3897
5812,5022
5812,5295
5812,5423
5812,5545
5812,5697
5812,5760
5812,5800
5812,5814
5812,5818
5812,6330
5812,6560
5812,6618
5812,6855
5812,6901
5812,6979
5814,1403
5814,1549
5814,2160
5814,2535
5814,2851
5814,2940
5814,3084
5814,3089
5814,3238
5814,3293
5814,3459
5814,3770
5814,3830
5814,3897
5814,3962
5814,4037
5814,4401
5814,4432
5814,4536
5814,4709
5814,4712
5814,4940
5814,5002
5814,5020
5814,5028
5814,5037
5814,5079
5814,5096
5814,5210
5814,5288
5814,5432
5814,5524
5814,5543
5814,5605
5814,5714
5814,5739
5814,5760
5814,5800
5814,5802
5814,5806
5814,5811
5814,5812
5814,5818
5814,5835
5814,5871
5814,5887
5814,5897
5814,5902
5814,5932
5814,5998
5814,6004
5814,6032
5814,6123
5814,6299
5814,6327
5814,6417
5814,6422
5814,6560
5814,6618
5814,6634
5814,6665
5814,6714
5814,6759
5814,6774
5814,6780
5814,6790
5814,6832
5814,6855
5814,6869
5814,6913
5814,6914
5814,6946
5814,6979
5814,6980
5814,6982
5814,7012
5814,7021
5814,7063
5814,7092
5814,7110
5814,7116
5814,7225
5814,7233
5814,7237
5814,7280
5814,7414
5814,7544
5814,7553
5814,7587
5814,7593
5814,7618
5814,7620
5814,7632
5814,7651
5814,7699
5814,7757
5816,1026
5816,1549
5816,1982
5816,2160
5816,2535
5816,2565
5816,2851
5816,3291
5816,3334
5816,3459
5816,3726
5816,3792
5816,3897
5816,4037
5816,4361
5816,4536
5816,4666
5816,4944
5816,5012
5816,5079
5816,5233
5816,5295
5816,5321
5816,5423
5816,5697
5816,5902
5816,6000
5816,6004
5816,6330
5816,6624
5816,6634
5816,6736
5816,6832
5816,6855
5816,6948
5816,6955
5816,7094
5816,7115
5816,7279
5816,7422
5816,7478
5816,7510
5816,7553
5816,7632
5816,7683
5817,1026
5817,1549
5817,1982
5817,2160
5817,2433
5817,2511
5817,2535
5817,3291
5817,3459
5817,3631
5817,3897
5817,3976
5817,4134
5817,4361
5817,4632
5817,4828
5817,5002
5817,5020
5817,5288
5817,5321
5817,5404
5817,5421
5817,5484
5817,5524
5817,5697
5817,5800
5817,5811
5817,5814
5817,5922
5817,6299
5817,6305
5817,6327
5817,6330
5817,6414
5817,6503
5817,6523
5817,6596
5817,6720
5817,6765
5817,6832
5817,6855
5817,6953
5817,6955
5817,6976
5817,6979
5817,6980
5817,7143
5817,7186
5817,7295
5817,7301
5817,7351
5817,7373
5817,7553
5818,3459
5818,3792
5818,3897
5818,4401
5818,4432
5818,4488
5818,4536
5818,4713
5818,4764
5818,5233
5818,5295
5818,5321
5818,5335
5818,5423
5818,5543
5818,5760
5818,5814
5818,5829
5818,5871
5818,6004
5818,6327
5818,6347
5818,6388
5818,6613
5818,6833
5818,6850
5818,6869
5818,6873
5818,6875
5821,155
5821,2160
5821,2565
5821,2851
5821,3897
5821,4065
5821,4361
5821,4709
5821,4712
5821,5872
5821,5902
5821,7478
5822,2160
5822,2940
5822,3291
5822,3334
5822,3346
5822,3459
5822,3897
5822,3962
5822,4341
5822,4361
5822,5002
5822,5079
5822,5199
5822,5210
5822,5289
5822,5421
5822,5432
5822,5466
5822,5524
5822,5563
5822,5596
5822,5800
5822,5829
5822,5839
5822,5872
5822,5902
5822,5998
5822,6043
5822,6044
5822,6097
5822,6174
5822,6299
5822,6347
5822,6424
5822,6503
5822,6613
5822,6634
5822,6774
5822,6789
5822,6832
5822,6855
5822,6869
5822,6913
5822,6923
5822,6934
5822,7063
5822,7225
5822,7237
5822,7238
5822,7295
5822,7301
5822,7351
5822,7381
5822,7386
5822,7414
5822,7422
5822,7510
5822,7632
5822,7646
5822,7649
5822,7651
5822,7662
5822,7683
5822,7699
5824,1982
5824,2565
5824,3792
5824,4037
5824,4536
5824,5295
5824,5543
5824,5563
5824,5739
5824,5773
5824,5800
5824,5814
5824,5818
5824,6004
5824,6299
5824,6555
5824,6560
5824,6624
5824,6665
5824,6790
5824,6855
5824,6901
5824,6930
5824,6946
5824,6994
5824,7052
5829,5545
5839,3459
5839,4828
5839,5210
5839,5524
5839,5829
5839,5871
5839,6123
5839,6417
5839,6424
5839,6442
5839,6523
5839,6618
5839,6634
5839,6712
5839,6934
5839,7092
5839,7620
5839,7632
5839,7649
5839,7662
5871,1982
5871,3084
5871,3089
5871,3334
5871,3459
5871,3643
5871,3976
5871,4536
5871,4712
5871,4875
5871,5079
5871,5295
5871,5524
5871,5543
5871,5596
5871,5697
5871,5739
5871,5800
5871,5811
5871,5829
5871,5839
5871,6272
5871,6523
5871,6720
5871,6774
5871,6832
5871,6980
5871,7225
5871,7553
5871,7587
5871,7620
5871,7632
5872,4341
5872,4632
5872,5289
5872,5378
5872,5605
5872,5806
5872,5812
5872,6523
5872,6618
5872,6634
5872,6665
5872,6875
5872,6907
5872,7116
5872,7510
5872,7553
5872,7561
5872,7587
5872,7618
5872,7624
5897,6634
5910,2565
5922,2851
5922,4432
5922,6875
5922,7561
5932,3089
5932,3459
5932,4828
5932,4875
5932,5002
5932,5524
5932,5563
5932,5824
5932,5871
5932,5872
5932,5998
5932,6330
5932,6523
5932,6560
5932,6665
5932,6789
5932,6832
5932,7101
5932,7225
5933,3089
5933,4875
5998,1026
5998,2511
5998,2565
5998,3291
5998,3381
5998,3803
5998,3962
5998,4536
5998,4666
5998,4712
5998,4717
5998,4944
5998,5002
5998,5022
5998,5148
5998,5179
5998,5210
5998,5404
5998,5773
5998,5776
5998,5800
5998,5806
5998,5814
5998,5822
5998,5835
5998,5922
5998,5932
5998,6097
5998,6123
5998,6327
5998,6618
5998,6634
5998,6665
5998,6774
5998,6914
5998,6934
5998,6946
5998,7052
5998,7092
5998,7101
5998,7115
5998,7119
5998,7143
5998,7225
5998,7279
5998,7280
5998,7389
5998,7443
5998,7510
5998,7553
5998,7707
6000,3084
6000,5022
6000,6270
6000,7632
6004,2940
6004,5233
6004,5484
6004,5529
6004,6832
6032,1403
6032,1549
6032,1982
6032,2565
6032,2658
6032,2851
6032,3726
6032,4037
6032,4071
6032,4361
6032,4432
6032,4709
6032,4764
6032,4944
6032,4981
6032,5002
6032,5148
6032,5199
6032,5210
6032,5246
6032,5529
6032,5543
6032,5563
6032,5739
6032,5800
6032,5806
6032,6097
6032,6123
6032,6243
6032,6327
6032,6347
6032,6414
6032,6442
6032,6555
6032,6618
6032,6634
6032,6665
6032,6736
6032,6765
6032,6774
6032,6832
6032,6875
6032,6901
6032,6913
6032,6918
6032,6930
6032,6946
6032,6955
6032,6980
6032,7050
6032,7063
6032,7092
6032,7116
6032,7131
6032,7201
6032,7233
6032,7238
6032,7280
6032,7295
6032,7351
6032,7386
6032,7400
6032,7544
6032,7553
6032,7618
6043,2658
6043,3084
6043,3310
6043,3962
6043,4341
6043,4828
6043,4981
6043,5210
6043,5524
6043,5543
6043,5545
6043,6523
6043,6560
6043,7092
6043,7280
6043,7400
6043,7443
6043,7544
6043,7694
6043,7726
6043,7757
6044,5484
6097,2160
6097,5079
6097,5199
6097,5806
6097,5814
6097,5872
6097,5998
6097,6123
6097,6299
6097,6414
6097,6496
6097,6832
6097,7063
6097,7101
6097,7144
6097,7214
6097,7295
6097,7478
6097,7632
6097,7651
6123,3334
6123,3459
6123,4488
6123,5524
6123,5563
6123,5697
6123,5760
6123,5822
6123,5871
6123,5902
6123,6774
6123,6832
6123,7381
6123,7414
6123,7497
6123,7624
6123,7632
6151,4037
6151,5022
6151,6618
6151,6780
6151,6832
6151,7301
6151,7587
6151,7620
6151,7624
6151,7632
6174,2658
6174,3238
6174,3962
6174,4940
6174,5022
6174,5079
6174,5818
6174,6832
6198,3459
6198,5524
6198,5822
6198,5829
6198,6560
6198,6789
6198,6790
6198,6832
6198,6979
6198,7351
6198,7414
6241,1026
6241,1403
6241,2565
6241,2851
6241,3238
6241,3291
6241,3962
6241,3969
6241,4341
6241,4507
6241,4632
6241,4983
6241,5002
6241,5289
6241,5465
6241,5563
6241,5671
6241,5760
6241,5806
6241,5814
6241,5822
6241,5872
6241,6097
6241,6123
6241,6299
6241,6417
6241,6424
6241,6442
6241,6496
6241,6555
6241,6665
6241,6790
6241,6832
6241,6860
6241,6976
6241,7021
6241,7052
6241,7059
6241,7092
6241,7116
6241,7237
6241,7277
6241,7280
6241,7362
6241,7381
6241,7400
6241,7414
6241,7443
6241,7497
6241,7561
6241,7593
6241,7620
6241,7632
6241,7651
6241,7662
6241,7694
6241,7695
6241,7763
6243,2160
6243,3752
6243,4712
6243,5002
6243,5079
6243,5484
6243,5739
6243,5800
6243,5829
6243,5839
6243,5871
6243,5872
6243,5902
6243,5998
6243,6000
6243,6123
6243,6414
6243,6634
6243,6665
6243,6774
6243,6832
6243,7092
6243,7414
6243,7632
6243,7699
6245,2565
6245,5465
6245,7116
6245,7587
6245,7632
6270,1982
6270,2851
6270,3291
6270,3334
6270,3346
6270,3459
6270,3803
6270,3885
6270,4037
6270,4134
6270,4361
6270,4507
6270,4944
6270,5012
6270,5233
6270,5288
6270,5524
6270,5543
6270,5563
6270,5697
6270,5714
6270,5739
6270,5773
6270,5800
6270,5811
6270,5814
6270,5829
6270,5932
6270,6097
6270,6123
6270,6198
6270,6272
6270,6299
6270,6305
6270,6327
6270,6417
6270,6424
6270,6496
6270,6503
6270,6560
6270,6596
6270,6714
6270,6736
6270,6765
6270,6770
6270,6789
6270,6832
6270,6869
6270,6873
6270,6901
6270,6913
6270,6930
6270,6942
6270,6946
6270,6953
6270,6955
6270,6979
6270,6994
6270,7319
6270,7341
6270,7351
6270,7381
6270,7414
6270,7442
6272,1403
6272,1549
6272,1823
6272,1982
6272,2160
6272,3334
6272,3459
6272,4361
6272,4536
6272,4666
6272,4717
6272,4940
6272,4944
6272,5020
6272,5079
6272,5210
6272,5233
6272,5543
6272,5596
6272,5697
6272,5739
6272,5800
6272,5806
6272,5811
6272,5822
6272,5839
6272,5871
6272,5902
6272,5933
6272,6000
6272,6043
6272,6097
6272,6123
6272,6305
6272,6523
6272,6634
6272,6665
6272,6714
6272,6736
6272,6774
6272,6832
6272,6914
6272,6946
6272,6955
6272,6976
6272,6979
6272,7052
6272,7092
6272,7279
6272,7414
6272,7478
6272,7510
6272,7553
6272,7620
6272,7632
6272,7662
6272,7699
6280,938
6280,1403
6280,2565
6280,2851
6280,2940
6280,3334
6280,3726
6280,3885
6280,4361
6280,4884
6280,5028
6280,5199
6280,5233
6280,5289
6280,5335
6280,5404
6280,5760
6280,5773
6280,5800
6280,5806
6280,5897
6280,5902
6280,6123
6280,6299
6280,6442
6280,6503
6280,6736
6280,6789
6280,6832
6280,6946
6280,7054
6280,7088
6280,7116
6280,7131
6280,7279
6280,7295
6280,7351
6280,7362
6280,7373
6280,7378
6280,7381
6280,7414
6280,7442
6280,7450
6280,7478
6280,7497
6280,7512
6280,7529
6280,7587
6280,7618
6280,7620
6280,7632
6295,2565
6295,5814
6299,840
6299,1026
6299,1493
6299,2160
6299,2535
6299,2565
6299,3238
6299,3334
6299,4361
6299,4536
6299,4713
6299,5020
6299,5199
6299,5421
6299,5524
6299,5582
6299,5596
6299,5697
6299,5760
6299,5773
6299,5776
6299,5802
6299,5806
6299,5814
6299,5829
6299,5897
6299,6097
6299,6198
6299,6270
6299,6305
6299,6330
6299,6414
6299,6417
6299,6496
6299,6523
6299,6555
6299,6596
6299,6624
6299,6634
6299,6665
6299,6714
6299,6720
6299,6736
6299,6783
6299,6789
6299,6832
6299,6833
6299,6901
6299,6907
6299,6934
6299,6953
6299,6979
6299,7295
6299,7351
6299,7553
6299,7587
6299,7620
6299,7632
6305,840
6305,1493
6305,1549
6305,1982
6305,2160
6305,2433
6305,2511
6305,2785
6305,2851
6305,3084
6305,3291
6305,3297
6305,3310
6305,3459
6305,3631
6305,3770
6305,3803
6305,3885
6305,4037
6305,4361
6305,4412
6305,4507
6305,4709
6305,4712
6305,4713
6305,4717
6305,4764
6305,5002
6305,5022
6305,5037
6305,5079
6305,5179
6305,5199
6305,5210
6305,5233
6305,5246
6305,5288
6305,5321
6305,5404
6305,5524
6305,5543
6305,5563
6305,5596
6305,5605
6305,5614
6305,5697
6305,5714
6305,5739
6305,5760
6305,5773
6305,5814
6305,5824
6305,5829
6305,5887
6305,5922
6305,5933
6305,5998
6305,6004
6305,6032
6305,6044
6305,6227
6305,6299
6305,6327
6305,6330
6305,6347
6305,6388
6305,6414
6305,6417
6305,6424
6305,6503
6305,6523
6305,6560
6305,6613
6305,6624
6305,6634
6305,6665
6305,6714
6305,6720
6305,6759
6305,6770
6305,6780
6305,6783
6305,6789
6305,6790
6305,6850
6305,6855
6305,6860
6305,6875
6305,6918
6305,6930
6305,6934
6305,6979
6305,6994
6305,7073
6305,7108
6305,7144
6305,7233
6305,7277
6305,7279
6305,7295
6305,7301
6305,7373
6305,7378
6305,7517
6305,7544
6305,7553
6305,7620
6305,7778
6320,3291
6320,3969
6320,5079
6320,5563
6320,6388
6320,6414
6320,6869
6320,6873
6320,7092
6320,7214
6320,7225
6320,7237
6320,7646
6327,840
6327,1403
6327,1823
6327,1982
6327,2785
6327,2851
6327,3346
6327,3459
6327,3631
6327,3726
6327,3792
6327,3803
6327,4037
6327,4536
6327,4712
6327,4713
6327,4944
6327,5002
6327,5012
6327,5199
6327,5210
6327,5288
6327,5295
6327,5384
6327,5404
6327,5484
6327,5582
6327,5697
6327,5714
6327,5772
6327,5773
6327,5776
6327,5800
6327,5807
6327,5814
6327,5818
6327,5822
6327,5824
6327,5829
6327,5922
6327,5932
6327,5998
6327,6097
6327,6270
6327,6299
6327,6347
6327,6388
6327,6414
6327,6503
6327,6560
6327,6624
6327,6634
6327,6665
6327,6720
6327,6736
6327,6765
6327,6783
6327,6832
6327,6833
6327,6869
6327,6873
6327,6901
6327,6913
6327,6976
6327,6979
6327,6994
6327,7094
6327,7101
6327,7108
6327,7115
6327,7119
6327,7143
6327,7144
6327,7214
6327,7295
6327,7319
6347,4709
6347,5289
6347,5773
6347,6496
6414,2565
6414,4037
6414,5022
6414,5582
6414,6560
6414,6634
6414,6913
6414,6914
6414,6918
6414,7021
6414,7116
6414,7553
6414,7574
6414,7587
6414,7620
6414,7632
6422,4712
6422,5020
6422,5697
6422,5822
6422,6560
6422,6634
6422,6770
6422,7063
6442,3238
6442,7567
6442,7620
6443,1026
6443,2160
6443,2433
6443,2565
6443,2785
6443,2851
6443,3084
6443,3238
6443,3310
6443,3334
6443,3459
6443,4037
6443,4071
6443,4134
6443,4361
6443,5002
6443,5020
6443,5022
6443,5210
6443,5233
6443,5321
6443,5697
6443,5800
6443,5902
6443,5932
6443,6151
6443,6270
6443,6299
6443,6320
6443,6388
6443,6523
6443,6560
6443,6634
6443,6789
6443,6832
6443,6855
6443,6913
6443,6914
6443,6918
6443,7050
6443,7054
6443,7108
6443,7115
6443,7131
6443,7214
6443,7238
6443,7301
6443,7510
6443,7517
6443,7553
6443,7587
6443,7620
6443,7632
6443,7646
6443,7699
6461,155
6461,967
6461,2565
6461,4361
6461,6327
6523,1549
6523,2433
6523,3084
6523,3334
6523,3459
6523,3962
6523,4037
6523,4507
6523,4536
6523,5079
6523,5148
6523,5524
6523,5543
6523,5697
6523,5714
6523,5800
6523,5839
6523,5902
6523,5932
6523,6305
6523,6330
6523,6555
6523,6634
6523,6774
6523,6832
6523,6934
6523,6948
6523,6976
6523,7115
6523,7414
6523,7620
6525,840
6525,2433
6525,2565
6525,4536
6525,4713
6525,5543
6525,5811
6525,5829
6525,6004
6525,6414
6525,6613
6525,6634
6525,6790
6525,6979
6525,7119
6555,2785
6555,2851
6555,3381
6555,3459
6555,4361
6555,4632
6555,5002
6555,5079
6555,5199
6555,5760
6555,5811
6555,5814
6555,6004
6555,6299
6555,6523
6555,6560
6555,6832
6555,7092
6555,7214
6555,7225
6555,7351
6555,7414
6555,7553
6555,7632
6555,7651
6555,7726
6560,840
6560,3084
6560,3459
6560,4401
6560,4435
6560,4713
6560,4717
6560,5079
6560,5199
6560,5233
6560,5404
6560,5776
6560,5800
6560,5811
6560,5818
6560,5839
6560,5932
6560,6123
6560,6198
6560,6327
6560,6523
6560,6596
6560,6736
6560,6770
6560,6789
6560,6832
6560,6913
6560,6946
6560,6976
6560,6980
6560,6994
6560,7092
6560,7214
6560,7381
6560,7386
6560,7414
6560,7553
6560,7632
6560,7701
6560,7757
6563,1493
6563,1982
6563,2565
6563,3803
6563,3962
6563,4037
6563,4361
6563,4536
6563,4875
6563,4981
6563,5002
6563,5079
6563,5421
6563,5465
6563,5714
6563,5739
6563,5773
6563,5814
6563,5897
6563,5902
6563,6097
6563,6123
6563,6299
6563,6305
6563,6327
6563,6414
6563,6634
6563,6832
6563,6860
6563,6873
6563,6907
6563,6934
6563,6946
6563,6979
6563,6982
6563,6994
6563,7052
6563,7054
6563,7108
6563,7144
6563,7214
6563,7233
6563,7279
6563,7378
6563,7618
6563,7620
6563,7646
6563,7651
6563,7757
6563,7778
6596,967
6596,1191
6596,1498
6596,1865
6596,1982
6596,2223
6596,2565
6596,2658
6596,3238
6596,3293
6596,3297
6596,3310
6596,3334
6596,3381
6596,3752
6596,3962
6596,4037
6596,4071
6596,4401
6596,4432
6596,4435
6596,4507
6596,4712
6596,4884
6596,4940
6596,4981
6596,4983
6596,5002
6596,5028
6596,5079
6596,5096
6596,5148
6596,5179
6596,5199
6596,5246
6596,5378
6596,5421
6596,5465
6596,5466
6596,5529
6596,5596
6596,5605
6596,5671
6596,5812
6596,5839
6596,5871
6596,5933
6596,6032
6596,6151
6596,6174
6596,6241
6596,6299
6596,6320
6596,6422
6596,6503
6596,6523
6596,6555
6596,6560
6596,6618
6596,6634
6596,6712
6596,6759
6596,6774
6596,6783
6596,6789
6596,6875
6596,6913
6596,6914
6596,6918
6596,6934
6596,6946
6596,6980
6596,6993
6596,7005
6596,7012
6596,7021
6596,7047
6596,7059
6596,7063
6596,7092
6596,7094
6596,7116
6596,7120
6596,7225
6596,7233
6596,7238
6596,7277
6596,7280
6596,7341
6596,7351
6596,7386
6596,7389
6596,7391
6596,7443
6596,7544
6596,7553
6596,7574
6596,7587
6596,7618
6596,7620
6596,7624
6596,7632
6596,7646
6596,7649
6596,7651
6596,7662
6596,7668
6596,7683
6596,7694
6596,7695
6596,7699
6596,7707
6596,7726
6596,7757
6596,7763
6596,7778
6613,4037
6613,4666
6613,5384
6613,6305
6613,6414
6613,6948
6613,7587
6613,7620
6615,1403
6615,1549
6615,1865
6615,1982
6615,2160
6615,2511
6615,2565
6615,2785
6615,2851
6615,2940
6615,3310
6615,3334
6615,3346
6615,3381
6615,3459
6615,3631
6615,3726
6615,3792
6615,3885
6615,4037
6615,4361
6615,4488
6615,4536
6615,4666
6615,4713
6615,4764
6615,4944
6615,5012
6615,5148
6615,5199
6615,5233
6615,5288
6615,5295
6615,5321
6615,5384
6615,5404
6615,5432
6615,5484
6615,5543
6615,5563
6615,5582
6615,5596
6615,5671
6615,5697
6615,5739
6615,5760
6615,5773
6615,5776
6615,5800
6615,5807
6615,5811
6615,5814
6615,5818
6615,5822
6615,5829
6615,5871
6615,5897
6615,5922
6615,6004
6615,6097
6615,6123
6615,6198
6615,6270
6615,6272
6615,6299
6615,6305
6615,6327
6615,6330
6615,6347
6615,6388
6615,6414
6615,6417
6615,6442
6615,6503
6615,6523
6615,6555
6615,6560
6615,6624
6615,6714
6615,6736
6615,6765
6615,6770
6615,6774
6615,6783
6615,6789
6615,6790
6615,6832
6615,6833
6615,6850
6615,6855
6615,6869
6615,6873
6615,6901
6615,6913
6615,6930
6615,6945
6615,6946
6615,6955
6615,6976
6615,6979
6615,6980
6615,6994
6615,7052
6615,7059
6615,7073
6615,7101
6615,7108
6615,7115
6615,7119
6615,7131
6615,7143
6615,7144
6615,7186
6615,7201
6615,7214
6615,7279
6615,7280
6615,7295
6615,7301
6615,7319
6615,7351
6615,7362
6615,7373
6615,7381
6615,7386
6615,7414
6615,7422
6615,7442
6615,7443
6615,7450
6615,7478
6615,7544
6615,7695
6615,7699
6615,7707
6615,7726
6615,7757
6615,7763
6616,2565
6616,4037
6616,4536
6616,5012
6616,5404
6616,5500
6616,5697
6616,5922
6616,6305
6616,6330
6616,6414
6616,6560
6616,6714
6616,6897
6616,6934
6616,7301
6618,840
6618,2565
6618,2785
6618,3293
6618,3297
6618,3803
6618,4037
6618,4666
6618,4940
6618,4944
6618,5002
6618,5012
6618,5022
6618,5179
6618,5210
6618,5233
6618,5246
6618,5432
6618,5465
6618,5524
6618,5543
6618,5697
6618,5773
6618,5776
6618,5800
6618,5806
6618,5807
6618,5812
6618,5814
6618,5822
6618,5932
6618,5998
6618,6000
6618,6097
6618,6123
6618,6270
6618,6272
6618,6305
6618,6320
6618,6327
6618,6634
6618,6765
6618,6780
6618,6832
6618,6860
6618,6913
6618,6946
6618,6955
6618,6994
6618,7073
6618,7094
6618,7101
6618,7115
6618,7116
6618,7119
6618,7131
6618,7144
6618,7238
6618,7279
6618,7280
6618,7381
6618,7389
6618,7414
6618,7529
6618,7553
6618,7561
6618,7620
6618,7632
6618,7683
6620,840
6620,1403
6620,1549
6620,1982
6620,2511
6620,2565
6620,2785
6620,2851
6620,3346
6620,3459
6620,3631
6620,3726
6620,3792
6620,3803
6620,4037
6620,4134
6620,4536
6620,4666
6620,4944
6620,5012
6620,5288
6620,5295
6620,5384
6620,5404
6620,5432
6620,5484
6620,5524
6620,5543
6620,5563
6620,5582
6620,5697
6620,5739
6620,5773
6620,5776
6620,5800
6620,5807
6620,5811
6620,5814
6620,5818
6620,5822
6620,5922
6620,5932
6620,5998
6620,6097
6620,6227
6620,6270
6620,6272
6620,6327
6620,6414
6620,6523
6620,6560
6620,6624
6620,6634
6620,6736
6620,6774
6620,6790
6620,6832
6620,6860
6620,6873
6620,6897
6620,6901
6620,6930
6620,6942
6620,6945
6620,6946
6620,6948
6620,6955
6620,6976
6620,6982
6620,7052
6620,7073
6620,7094
6620,7101
6620,7108
6620,7115
6620,7119
6620,7143
6620,7144
6620,7186
6620,7201
6620,7214
6620,7301
6620,7632
6624,967
6624,1191
6624,1403
6624,1498
6624,2511
6624,2565
6624,2658
6624,2851
6624,2940
6624,3000
6624,3238
6624,3293
6624,3310
6624,3381
6624,3459
6624,3631
6624,3726
6624,3752
6624,3885
6624,3962
6624,3969
6624,4037
6624,4071
6624,4341
6624,4361
6624,4435
6624,4632
6624,4981
6624,5002
6624,5028
6624,5148
6624,5288
6624,5289
6624,5404
6624,5432
6624,5465
6624,5605
6624,5614
6624,5671
6624,5760
6624,5800
6624,5806
6624,5835
6624,5839
6624,5872
6624,5897
6624,5902
6624,5933
6624,6032
6624,6043
6624,6044
6624,6123
6624,6151
6624,6174
6624,6241
6624,6243
6624,6299
6624,6414
6624,6442
6624,6555
6624,6560
6624,6665
6624,6712
6624,6780
6624,6832
6624,6907
6624,6913
6624,6914
6624,6918
6624,6934
6624,6946
6624,6980
6624,7005
6624,7012
6624,7047
6624,7052
6624,7054
6624,7092
6624,7131
6624,7225
6624,7237
6624,7277
6624,7280
6624,7378
6624,7381
6624,7400
6624,7414
6624,7443
6624,7450
6624,7478
6624,7510
6624,7512
6624,7529
6624,7544
6624,7561
6624,7587
6624,7618
6624,7620
6624,7624
6624,7632
6624,7646
6624,7649
6624,7651
6624,7662
6624,7683
6624,7694
6624,7695
6624,7757
6624,7763
6634,6946
6665,1498
6665,2658
6665,2785
6665,3631
6665,3830
6665,4065
6665,4412
6665,4884
6665,5028
6665,5037
6665,5288
6665,5465
6665,5697
6665,5824
6665,6503
6665,6833
6665,7101
6665,7108
6665,7116
6665,7214
6665,7618
6665,7620
6665,7624
6712,4764
6712,5148
6712,5671
6712,6414
6712,6442
6712,6933
6712,7443
6712,7544
6714,155
6714,1026
6714,1403
6714,2565
6714,2785
6714,2851
6714,2940
6714,3334
6714,3346
6714,3459
6714,3631
6714,3726
6714,3885
6714,4361
6714,4632
6714,4713
6714,4875
6714,4884
6714,5002
6714,5028
6714,5199
6714,5233
6714,5289
6714,5321
6714,5404
6714,5421
6714,5432
6714,5582
6714,5596
6714,5714
6714,5760
6714,5800
6714,5806
6714,5822
6714,5835
6714,5872
6714,5897
6714,5902
6714,6000
6714,6097
6714,6123
6714,6243
6714,6299
6714,6417
6714,6442
6714,6503
6714,6523
6714,6560
6714,6665
6714,6736
6714,6770
6714,6774
6714,6789
6714,6832
6714,6833
6714,6913
6714,6934
6714,6946
6714,6976
6714,7052
6714,7054
6714,7088
6714,7131
6714,7214
6714,7237
6714,7279
6714,7295
6714,7301
6714,7351
6714,7373
6714,7378
6714,7381
6714,7414
6714,7422
6714,7442
6714,7450
6714,7478
6714,7497
6714,7510
6714,7512
6714,7553
6714,7561
6714,7618
6714,7620
6714,7632
6714,7646
6714,7651
6714,7662
6736,1982
6736,4401
6736,4488
6736,4536
6736,4764
6736,5321
6736,5543
6736,5596
6736,5697
6736,5739
6736,5800
6736,5818
6736,5839
6736,5871
6736,6347
6736,6422
6736,6774
6736,6783
6736,6832
6736,6833
6736,6850
6736,6860
6736,6869
6736,6873
6736,6901
6736,6930
6736,7021
6736,7620
6759,155
6759,3830
6765,4709
6770,5543
6770,5806
6770,5871
6770,7050
6770,7063
6774,1982
6774,3084
6774,4981
6774,4983
6774,5079
6774,5148
6774,5739
6774,5814
6774,5839
6774,5871
6774,6123
6774,6243
6774,6272
6774,6618
6774,6832
6774,6913
6774,6993
6774,7005
6774,7021
6774,7386
6774,7414
6774,7553
6774,7620
6780,4071
6780,5671
6780,6004
6783,5596
6783,5829
6783,6004
6789,4361
6789,5199
6789,5800
6789,6299
6789,6417
6789,6634
6789,6832
6789,7295
6789,7414
6789,7442
6790,840
6790,1549
6790,1982
6790,2565
6790,3459
6790,4536
6790,5822
6790,6330
6790,6555
6790,6624
6833,5404
6848,2565
6848,4361
6848,5020
6848,5800
6848,6327
6848,6774
6848,6850
6848,6869
6848,6901
6848,6913
6848,7101
6848,7143
6855,2565
6855,3084
6855,5079
6855,5524
6855,5773
6855,5814
6855,6634
6855,6832
6855,7005
6855,7094
6855,7757
6869,7214
6875,4432
6875,5289
6875,5818
6875,5922
6875,6032
6875,6442
6875,6634
6875,6980
6875,7443
6875,7553
6875,7561
6907,155
6907,840
6907,938
6907,967
6907,1191
6907,1403
6907,1498
6907,2223
6907,2511
6907,2658
6907,2785
6907,2851
6907,3000
6907,3084
6907,3238
6907,3293
6907,3297
6907,3310
6907,3346
6907,3381
6907,3631
6907,3726
6907,3752
6907,3885
6907,3962
6907,3969
6907,4037
6907,4071
6907,4341
6907,4361
6907,4401
6907,4432
6907,4632
6907,4875
6907,4879
6907,4944
6907,4983
6907,5002
6907,5022
6907,5028
6907,5079
6907,5148
6907,5179
6907,5199
6907,5210
6907,5233
6907,5288
6907,5378
6907,5404
6907,5421
6907,5432
6907,5465
6907,5466
6907,5484
6907,5500
6907,5529
6907,5582
6907,5605
6907,5760
6907,5773
6907,5776
6907,5800
6907,5806
6907,5812
6907,5814
6907,5835
6907,5839
6907,5872
6907,5897
6907,5902
6907,6000
6907,6043
6907,6044
6907,6123
6907,6241
6907,6243
6907,6299
6907,6320
6907,6414
6907,6417
6907,6442
6907,6503
6907,6523
6907,6555
6907,6560
6907,6618
6907,6634
6907,6665
6907,6712
6907,6714
6907,6780
6907,6789
6907,6832
6907,6875
6907,6913
6907,6914
6907,6918
6907,6934
6907,6946
6907,6976
6907,6979
6907,6994
6907,7005
6907,7012
6907,7021
6907,7052
6907,7054
6907,7063
6907,7092
6907,7101
6907,7108
6907,7116
6907,7131
6907,7144
6907,7214
6907,7225
6907,7233
6907,7237
6907,7279
6907,7280
6907,7373
6907,7378
6907,7381
6907,7386
6907,7389
6907,7391
6907,7400
6907,7414
6907,7478
6907,7497
6907,7510
6907,7529
6907,7553
6907,7561
6907,7618
6907,7620
6907,7624
6907,7632
6907,7646
6907,7649
6907,7651
6907,7662
6907,7683
6907,7694
6907,7695
6907,7707
6907,7726
6907,7757
6907,7763
6913,840
6913,2511
6913,2565
6913,2785
6913,3631
6913,3803
6913,4037
6913,4361
6913,4536
6913,4666
6913,4944
6913,5484
6913,5772
6913,5773
6913,5776
6913,5814
6913,5822
6913,5932
6913,5998
6913,6270
6913,6327
6913,6330
6913,6555
6913,6624
6913,6634
6913,6714
6913,6736
6913,6774
6913,6832
6913,6946
6913,7052
6913,7073
6913,7101
6913,7108
6913,7119
6913,7143
6913,7214
6914,155
6914,938
6914,2658
6914,2851
6914,3297
6914,3346
6914,3459
6914,3885
6914,3962
6914,4361
6914,4632
6914,4875
6914,4940
6914,5012
6914,5022
6914,5179
6914,5288
6914,5404
6914,5406
6914,5484
6914,5500
6914,5529
6914,5582
6914,5605
6914,5671
6914,5760
6914,5773
6914,5800
6914,5806
6914,5835
6914,5839
6914,5872
6914,5998
6914,6000
6914,6123
6914,6243
6914,6270
6914,6320
6914,6417
6914,6503
6914,6555
6914,6560
6914,6618
6914,6634
6914,6665
6914,6714
6914,6736
6914,6780
6914,6832
6914,6913
6914,6946
6914,6979
6914,6993
6914,7012
6914,7052
6914,7054
6914,7063
6914,7088
6914,7092
6914,7131
6914,7225
6914,7277
6914,7295
6914,7351
6914,7373
6914,7378
6914,7414
6914,7422
6914,7442
6914,7478
6914,7497
6914,7510
6914,7512
6914,7544
6914,7553
6914,7587
6914,7757
6918,3297
6918,3334
6918,3631
6918,3962
6918,4435
6918,5179
6918,5233
6918,5404
6918,5466
6918,5484
6918,6442
6918,6560
6918,6780
6918,6907
6918,7021
6918,7050
6918,7054
6918,7092
6918,7108
6918,7214
6918,7400
6918,7414
6918,7553
6918,7632
6918,7778
6923,5289
6923,5739
6934,155
6934,1865
6934,2565
6934,2785
6934,2940
6934,3238
6934,3334
6934,3459
6934,4037
6934,4361
6934,4884
6934,4940
6934,4944
6934,5012
6934,5233
6934,5404
6934,5524
6934,5529
6934,5582
6934,5800
6934,5806
6934,5872
6934,5922
6934,5998
6934,6000
6934,6097
6934,6270
6934,6503
6934,6560
6934,6618
6934,6624
6934,6634
6934,6665
6934,6736
6934,6765
6934,6832
6934,6907
6934,6913
6934,6914
6934,6946
6934,6955
6934,6993
6934,7052
6934,7054
6934,7115
6934,7119
6934,7120
6934,7186
6934,7214
6934,7277
6934,7378
6934,7381
6934,7400
6934,7497
6934,7512
6934,7529
6934,7561
6934,7587
6934,7620
6934,7683
6945,4536
6945,4875
6945,5012
6945,5811
6945,5872
6945,6000
6945,6414
6945,6560
6945,6634
6945,7052
6945,7054
6945,7094
6945,7119
6945,7529
6945,7544
6945,7587
6945,7763
6946,938
6946,1026
6946,2940
6946,3238
6946,4341
6946,4632
6946,4879
6946,4884
6946,5002
6946,5028
6946,5179
6946,5289
6946,5421
6946,5800
6946,6032
6946,6417
6946,6424
6946,6634
6946,6665
6946,6780
6946,7116
6946,7120
6946,7225
6946,7362
6946,7378
6946,7386
6946,7391
6946,7442
6946,7574
6946,7587
6946,7620
6946,7666
6946,7668
6946,7683
6946,7701
6953,6955
6976,1026
6976,2511
6976,2851
6976,3334
6976,3459
6976,4037
6976,4361
6976,4944
6976,4981
6976,5002
6976,5079
6976,5233
6976,5582
6976,5605
6976,5776
6976,5800
6976,5822
6976,6043
6976,6097
6976,6503
6976,6774
6976,6914
6976,6918
6976,7073
6976,7092
6976,7101
6976,7115
6976,7119
6976,7143
6976,7214
6976,7400
6976,7510
6976,7553
6976,7649
6991,840
6991,1982
6991,2565
6991,4361
6991,4536
6991,4666
6991,5012
6991,5199
6991,5288
6991,6198
6991,6736
6991,6789
6991,7052
6991,7108
6991,7295
6993,967
6993,1191
6993,1982
6993,3084
6993,3310
6993,3381
6993,3752
6993,3885
6993,3962
6993,4071
6993,4435
6993,4632
6993,4875
6993,4981
6993,5079
6993,5199
6993,5466
6993,5806
6993,5839
6993,5872
6993,5902
6993,5933
6993,6000
6993,6032
6993,6043
6993,6151
6993,6174
6993,6243
6993,6414
6993,6555
6993,6560
6993,6596
6993,6624
6993,6774
6993,6790
6993,6913
6993,6914
6993,6976
6993,6979
6993,6980
6993,7005
6993,7012
6993,7021
6993,7063
6993,7092
6993,7237
6993,7277
6993,7279
6993,7280
6993,7295
6993,7301
6993,7414
6993,7442
6993,7649
6993,7701
6993,7757
6993,7763
6994,1403
6994,2851
6994,3726
6994,5432
6994,5582
6994,6560
6994,6634
6994,6714
6994,6736
6994,6913
6994,7214
6994,7301
7005,3962
7005,4037
7005,5210
7005,6032
7005,6043
7005,6634
7005,6774
7005,6914
7005,7553
7005,7620
7005,7757
7005,7763
7011,2565
7011,4536
7011,6774
7012,2658
7012,6043
7012,6774
7012,6913
7012,6914
7012,7021
7012,7414
7021,2658
7021,4981
7021,5079
7021,5096
7021,5466
7021,5800
7021,5806
7021,5872
7021,6123
7021,6774
7021,7386
7021,7414
7047,1191
7047,1498
7047,1865
7047,1982
7047,2223
7047,2658
7047,3238
7047,3293
7047,3297
7047,3381
7047,3962
7047,4037
7047,4071
7047,4401
7047,4432
7047,4435
7047,4507
7047,4981
7047,4983
7047,5022
7047,5079
7047,5096
7047,5148
7047,5179
7047,5210
7047,5246
7047,5378
7047,5421
7047,5466
7047,5529
7047,5605
7047,5614
7047,5671
7047,5812
7047,5839
7047,5887
7047,5933
7047,6032
7047,6043
7047,6044
7047,6151
7047,6174
7047,6320
7047,6414
7047,6422
7047,6523
7047,6555
7047,6560
7047,6618
7047,6634
7047,6712
7047,6737
7047,6759
7047,6780
7047,6875
7047,6914
7047,6918
7047,6934
7047,6946
7047,6979
7047,6980
7047,6993
7047,7021
7047,7052
7047,7059
7047,7063
7047,7092
7047,7120
7047,7233
7047,7277
7047,7280
7047,7341
7047,7386
7047,7389
7047,7391
7047,7443
7047,7544
7047,7553
7047,7620
7047,7634
7047,7646
7047,7649
7047,7651
7047,7662
7047,7683
7047,7694
7047,7695
7047,7699
7047,7707
7047,7726
7047,7763
7047,7778
7050,5839
7050,6634
7050,7120
7050,7632
7052,155
7052,840
7052,967
7052,1191
7052,1403
7052,2565
7052,2851
7052,2940
7052,3238
7052,3459
7052,3726
7052,3752
7052,3803
7052,3962
7052,3969
7052,4071
7052,4341
7052,4361
7052,4435
7052,4632
7052,4875
7052,4884
7052,4981
7052,5002
7052,5022
7052,5028
7052,5199
7052,5233
7052,5289
7052,5404
7052,5406
7052,5421
7052,5465
7052,5466
7052,5605
7052,5760
7052,5776
7052,5800
7052,5806
7052,5835
7052,5839
7052,5872
7052,5897
7052,5932
7052,5933
7052,5998
7052,6000
7052,6032
7052,6097
7052,6151
7052,6174
7052,6241
7052,6243
7052,6414
7052,6555
7052,6665
7052,6712
7052,6714
7052,6736
7052,6789
7052,6832
7052,6875
7052,6907
7052,6914
7052,6923
7052,6934
7052,6953
7052,6979
7052,7005
7052,7012
7052,7021
7052,7047
7052,7054
7052,7059
7052,7063
7052,7088
7052,7092
7052,7094
7052,7101
7052,7108
7052,7115
7052,7116
7052,7119
7052,7143
7052,7144
7052,7225
7052,7233
7052,7237
7052,7279
7052,7301
7052,7341
7052,7351
7052,7362
7052,7378
7052,7381
7052,7391
7052,7400
7052,7450
7052,7478
7052,7497
7052,7510
7052,7512
7052,7529
7052,7544
7052,7553
7052,7561
7052,7587
7052,7593
7052,7618
7052,7620
7052,7624
7052,7632
7052,7646
7052,7651
7052,7662
7052,7666
7052,7683
7052,7694
7052,7695
7052,7699
7052,7707
7054,155
7054,1026
7054,3000
7054,3238
7054,3459
7054,4884
7054,5002
7054,5421
7054,5500
7054,5902
7054,6424
7054,6712
7054,6907
7054,6934
7054,7052
7054,7059
7054,7116
7054,7225
7054,7378
7054,7510
7054,7553
7054,7561
7054,7587
7054,7593
7054,7620
7054,7632
7054,7646
7054,7651
7054,7673
7054,7695
7054,7699
7056,1982
7056,2565
7056,3381
7056,4983
7056,5148
7056,5179
7056,5671
7056,5839
7056,6320
7056,6523
7056,6560
7056,6980
7056,6993
7056,7052
7056,7059
7056,7116
7056,7233
7056,7277
7056,7280
7056,7443
7056,7544
7056,7618
7056,7620
7056,7666
7056,7694
7056,7726
7056,7757
7056,7763
7057,155
7057,1498
7057,1982
7057,2565
7057,3000
7057,3084
7057,3297
7057,3334
7057,3459
7057,3885
7057,3962
7057,3969
7057,4037
7057,4071
7057,4341
7057,4401
7057,4632
7057,4875
7057,4940
7057,4981
7057,4983
7057,5002
7057,5022
7057,5079
7057,5210
7057,5289
7057,5406
7057,5466
7057,5500
7057,5529
7057,5800
7057,5806
7057,5812
7057,5835
7057,5839
7057,5872
7057,5902
7057,5933
7057,6000
7057,6032
7057,6043
7057,6044
7057,6123
7057,6151
7057,6174
7057,6241
7057,6243
7057,6320
7057,6414
7057,6417
7057,6442
7057,6555
7057,6560
7057,6596
7057,6618
7057,6634
7057,6665
7057,6875
7057,6907
7057,6914
7057,6918
7057,6934
7057,6946
7057,6979
7057,6980
7057,6993
7057,7005
7057,7047
7057,7050
7057,7052
7057,7054
7057,7059
7057,7063
7057,7088
7057,7092
7057,7131
7057,7225
7057,7233
7057,7237
7057,7238
7057,7279
7057,7280
7057,7378
7057,7386
7057,7400
7057,7442
7057,7478
7057,7497
7057,7510
7057,7512
7057,7529
7057,7544
7057,7561
7057,7587
7057,7620
7057,7699
7057,7707
7057,7763
7063,840
7063,2565
7063,3238
7063,5800
7063,6123
7063,6555
7063,6832
7063,6907
7063,6913
7063,6914
7063,7414
7063,7510
7063,7553
7063,7620
7064,2565
7064,6097
7064,6946
7065,2565
7088,4940
7088,6097
7088,7632
7088,7699
7090,155
7090,1026
7090,2565
7090,3459
7090,3803
7090,5002
7090,7054
7090,7225
7090,7378
7090,7529
7090,7553
7092,1026
7092,1191
7092,1403
7092,1982
7092,2785
7092,2851
7092,3310
7092,3346
7092,3459
7092,3726
7092,3885
7092,3962
7092,3969
7092,4037
7092,4071
7092,4341
7092,4507
7092,4632
7092,5002
7092,5022
7092,5079
7092,5179
7092,5210
7092,5288
7092,5289
7092,5529
7092,5671
7092,5773
7092,5800
7092,5835
7092,5872
7092,5902
7092,5998
7092,6000
7092,6032
7092,6043
7092,6044
7092,6243
7092,6327
7092,6414
7092,6422
7092,6523
7092,6560
7092,6618
7092,6665
7092,6736
7092,6832
7092,6914
7092,6980
7092,7005
7092,7052
7092,7131
7092,7144
7092,7214
7092,7225
7092,7237
7092,7280
7092,7301
7092,7378
7092,7389
7092,7400
7092,7414
7092,7443
7092,7510
7092,7553
7092,7561
7092,7587
7092,7618
7092,7624
7092,7632
7092,7649
7092,7651
7092,7662
7110,3885
7110,5384
7110,6414
7110,7092
7110,7115
7116,4875
7120,1865
7120,3238
7120,3381
7120,5776
7120,6241
7120,6320
7120,6560
7120,6712
7120,7047
7120,7386
7120,7544
7120,7634
7120,7651
7120,7683
7120,7695
7120,7699
7120,7707
7131,967
7131,2658
7131,3238
7131,3962
7131,4037
7131,4940
7131,5773
7131,6032
7131,6123
7131,6442
7131,6555
7131,6832
7131,6907
7131,6914
7131,7021
7131,7092
7131,7280
7131,7414
7131,7553
7131,7587
7225,155
7225,1026
7225,1982
7225,2658
7225,3084
7225,3310
7225,3459
7225,4071
7225,5022
7225,5079
7225,5406
7225,5800
7225,5806
7225,5839
7225,5872
7225,5902
7225,6000
7225,6032
7225,6320
7225,6555
7225,6596
7225,6665
7225,6914
7225,6979
7225,7092
7225,7237
7225,7378
7225,7386
7225,7400
7225,7510
7225,7529
7225,7553
7225,7620
7225,7632
7225,7662
7225,7699
7225,7707
7228,2565
7228,4884
7228,6665
7228,7225
7228,7561
7228,7620
7228,7662
7231,155
7231,938
7231,967
7231,1026
7231,2565
7231,3000
7231,3084
7231,3238
7231,3310
7231,3381
7231,3752
7231,3885
7231,3962
7231,4071
7231,4341
7231,4435
7231,4632
7231,4879
7231,4884
7231,4981
7231,5028
7231,5079
7231,5148
7231,5289
7231,5465
7231,5500
7231,5529
7231,5671
7231,5800
7231,5806
7231,5839
7231,5872
7231,5902
7231,6000
7231,6043
7231,6151
7231,6174
7231,6241
7231,6243
7231,6523
7231,6560
7231,6665
7231,6712
7231,6907
7231,6914
7231,6934
7231,6980
7231,7005
7231,7047
7231,7052
7231,7054
7231,7116
7231,7131
7231,7225
7231,7237
7231,7277
7231,7279
7231,7280
7231,7386
7231,7400
7231,7414
7231,7443
7231,7450
7231,7478
7231,7510
7231,7544
7231,7587
7231,7593
7231,7618
7231,7620
7231,7624
7231,7632
7231,7646
7231,7649
7231,7651
7231,7658
7231,7662
7231,7673
7231,7683
7231,7694
7231,7695
7231,7699
7231,7707
7231,7726
7231,7757
7231,7763
7233,5179
7233,5760
7233,5811
7233,5872
7233,6123
7233,6907
7233,6946
7233,7386
7233,7389
7233,7422
7233,7529
7233,7683
7237,938
7237,5800
7237,6243
7237,6907
7237,7050
7237,7233
7237,7391
7237,7529
7238,4432
7238,4884
7238,6618
7238,6907
7238,7233
7238,7620
7238,7624
7277,3334
7277,6913
7279,2658
7279,3000
7279,5812
7279,6555
7279,6618
7279,6913
7279,7012
7279,7054
7279,7225
7279,7237
7279,7280
7279,7443
7279,7587
7279,7588
7279,7694
7279,7726
7280,1026
7280,2223
7280,2658
7280,3238
7280,3293
7280,3297
7280,3310
7280,3381
7280,3752
7280,3962
7280,4071
7280,4401
7280,4432
7280,4507
7280,4981
7280,4983
7280,5079
7280,5096
7280,5179
7280,5233
7280,5466
7280,5529
7280,5605
7280,5806
7280,5812
7280,5839
7280,6032
7280,6043
7280,6044
7280,6151
7280,6241
7280,6299
7280,6422
7280,6555
7280,6560
7280,6618
7280,6737
7280,6780
7280,6875
7280,6913
7280,6918
7280,6946
7280,7005
7280,7021
7280,7063
7280,7092
7280,7225
7280,7233
7280,7277
7280,7386
7280,7443
7280,7588
7280,7620
7280,7649
7280,7662
7280,7666
7280,7668
7280,7683
7280,7699
7280,7757
7280,7763
7280,7778
7295,4071
7295,5179
7295,5199
7295,5887
7295,6299
7295,6914
7295,6976
7295,6980
7295,7277
7295,7301
7295,7386
7301,2223
7301,2658
7301,4071
7301,4983
7301,6044
7301,6320
7301,6523
7301,6634
7301,6759
7301,6832
7301,6914
7301,6918
7301,6946
7301,7052
7301,7092
7301,7694
7301,7707
7301,7757
7341,5806
7341,7414
7351,5897
7351,6832
7362,2565
7362,2940
7362,4884
7362,5233
7362,7116
7362,7381
7362,7587
7362,7618
7378,155
7378,1982
7378,2565
7378,3084
7378,3334
7378,3962
7378,4037
7378,5022
7378,5079
7378,5465
7378,5605
7378,5800
7378,5806
7378,5872
7378,6044
7378,6417
7378,6422
7378,6523
7378,6918
7378,6946
7378,6980
7378,7050
7378,7225
7378,7277
7378,7381
7378,7386
7378,7553
7378,7587
7378,7620
7378,7632
7378,7757
7386,4401
7386,4940
7386,5022
7386,5378
7386,5421
7386,6422
7386,6618
7386,7021
7386,7280
7386,7553
7386,7567
7386,7620
7386,7649
7389,2940
7389,7450
7391,1982
7391,2223
7391,2658
7391,2940
7391,4401
7391,4940
7391,4983
7391,5022
7391,5179
7391,5210
7391,5246
7391,5466
7391,6032
7391,6422
7391,6523
7391,6634
7391,6737
7391,6993
7391,7047
7391,7050
7391,7052
7391,7120
7391,7233
7391,7237
7391,7341
7391,7443
7391,7529
7391,7544
7391,7553
7391,7620
7391,7649
7391,7683
7391,7726
7400,3885
7400,4940
7400,5022
7400,5079
7400,5806
7400,5839
7400,6032
7400,6123
7400,6417
7400,7225
7400,7414
7400,7450
7400,7553
7400,7632
7400,7662
7443,2658
7443,3962
7443,5800
7443,6043
7443,6414
7443,7092
7443,7280
7517,3293
7544,1982
7544,5671
7544,6032
7544,6555
7544,7005
7544,7092
7544,7553
7564,2565
7564,2658
7564,3238
7564,3293
7564,4037
7564,4341
7564,5002
7564,5028
7564,5465
7564,5605
7564,5614
7564,6044
7564,6712
7564,6934
7564,6946
7564,7587
7564,7618
7564,7624
7564,7646
7564,7662
7569,155
7569,2565
7569,7618
7569,7624
7580,1026
7580,2565
7580,4884
7580,5002
7580,5421
7580,5500
7580,6424
7580,6712
7580,6934
7580,7116
7580,7225
7580,7587
7580,7620
7580,7651
7580,7658
7580,7662
7580,7666
7580,7673
7588,5079
7588,6174
7588,7116
7588,7391
7588,7618
7588,7624
7593,7225
7593,7618
7593,7624
7605,2565
7605,3752
7618,6523
7618,7092
7618,7620
7634,7021
7649,3238
7649,5210
7649,5529
7649,5839
7649,6044
7649,6979
7649,7052
7649,7443
7649,7651
7666,6320
7666,6555
7666,6759
7666,6946
7666,6980
7666,7012
7666,7277
7666,7699
7666,7701
7695,3381
7695,6151
7701,6320
7701,6980
7701,7588
7726,3310
